,lead_id,lead_indicator,date_part,source,domain,country,customer_group,onboarding,customer_code
0,0,0.0,2024-01-16,fb,.com,US,5,True,AAAEJOLSFX
1,2,,,,,,,,AACEDUWABX
2,3,,,,,,,,AAHRNZGAYT
3,4,,,,,,,,AAJURHRBIM
4,5,,,,,,,,AAMFOUYNWS
5,6,,,,,,,,AANSZABEBA
6,7,,,,,,,,AAOOSHAHJC
7,8,,,,,,,,AAORCMYHKP
8,9,,,,,,,,AAQCTGMUBT
9,10,,,,,,,,AAQVMSZPXW
10,12,,,,,,,,AAQXCWKSNE
11,13,,,,,,,,AARPLINFJB
12,14,,,,,,,,AARPSKRPGF
13,15,,,,,,,,AAUCZHARKU
14,16,,,,,,,,AAUIGANWGV
15,17,,,,,,,,AAVSQCXHDD
16,18,,,,,,,,AAXKODEIPG
17,19,,,,,,,,AAXSAOLBDU
18,20,,,,,,,,AAYMRERFIE
19,21,,,,,,,,ABAORKHODJ
20,22,,,,,,,,ABDGOVHIQP
21,23,,,,,,,,ABDUSEOFRJ
22,24,,,,,,,,ABDZNSNDWE
23,25,,,,,,,,ABEXAJKQHG
24,26,,,,,,,,ABFPRHWKCZ
25,27,,,,,,,,ABFWAAUKSK
26,28,,,,,,,,ABFYTZVNNY
27,29,,,,,,,,ABHCGPZJJV
28,30,,,,,,,,ABHYDIVZDH
29,31,,,,,,,,ABJTHQROEM
30,32,,,,,,,,ABKNDWRTIM
31,33,,,,,,,,ABMKWJFMHV
32,35,,,,,,,,ABONZPALRI
33,36,,,,,,,,ABOQAGKJAJ
34,37,,,,,,,,ABSBFFYSOB
35,38,,,,,,,,ABTLWWUEVB
36,39,,,,,,,,ABTSQBEZQR
37,40,,,,,,,,ABVBRHFQEU
38,41,,,,,,,,ABVMQKTVVY
39,42,,,,,,,,ABVQSIOUOC
40,43,,,,,,,,ABWJHHOOBT
41,44,,,,,,,,ABYRDNVMHG
42,45,,,,,,,,ABZXFHMXUD
43,46,,,,,,,,ACFAPHKOOC
44,47,,,,,,,,ACFLHNBESW
45,48,,,,,,,,ACFPPNOJFT
46,49,,,,,,,,ACFSSZZNVZ
47,51,,,,,,,,ACGKSOAKJZ
48,52,,,,,,,,ACGNMOMNLJ
49,53,,,,,,,,ACJHDYBUCE
50,54,,,,,,,,ACJJKZVRIJ
51,55,,,,,,,,ACJJTWTJOQ
52,56,,,,,,,,ACKEHXWSII
53,57,,,,,,,,ACNCAOESVO
54,58,,,,,,,,ACOWHAKKKV
55,59,,,,,,,,ACUWHAVTHA
56,60,,,,,,,,ACXCBUSBJL
57,61,,,,,,,,ACYPUVHSOW
58,62,,,,,,,,ACZZSKMYCW
59,63,,,,,,,,ADBCDVKWXA
60,64,,,,,,,,ADBYWYAEWI
61,65,,,,,,,,ADDIRJTOJG
62,66,,,,,,,,ADFDXVYUVU
63,67,,,,,,,,ADINQFZTMN
64,68,,,,,,,,ADJXYKVCAX
65,70,,,,,,,,ADKNQXITXD
66,71,,,,,,,,ADLZYDZJZF
67,72,,,,,,,,ADNWXTFTMC
68,73,,,,,,,,ADSQMLBEOE
69,74,,,,,,,,ADVSMEGEWJ
70,75,,,,,,,,ADVUIPGQBP
71,76,,,,,,,,ADXTLGJBKB
72,77,,,,,,,,ADXUQLNQCE
73,78,,,,,,,,ADYUMLJCHR
74,79,,,,,,,,AEALFWSOAO
75,80,,,,,,,,AEDBKAEPDM
76,81,,,,,,,,AEETPLPCPX
77,82,,,,,,,,AEFXDUVQCI
78,83,,,,,,,,AEGDZBQHKR
79,84,,,,,,,,AEMAZKNTHN
80,85,,,,,,,,AEMGNGUOJT
81,86,,,,,,,,AEMOQPZTTB
82,87,,,,,,,,AEOMRKPGIE
83,88,,,,,,,,AEOQMTGZAE
84,89,,,,,,,,AEUAOTXDMN
85,90,,,,,,,,AEUZPFBZOJ
86,91,,,,,,,,AEWHAFIGFW
87,92,,,,,,,,AEXKWWXQSV
88,93,,,,,,,,AFDHDEINEJ
89,94,,,,,,,,AFDIUPZXKT
90,95,,,,,,,,AFEYCQDKCB
91,96,,,,,,,,AFIBCGTAWG
92,97,,,,,,,,AFIYMUKZMY
93,98,,,,,,,,AFJJVFVAKR
94,99,,,,,,,,AFNYNXOGPM
95,100,,,,,,,,AFQRSECYXF
96,101,,,,,,,,AFRHWOMSUN
97,102,,,,,,,,AFSCLUYVXI
98,103,,,,,,,,AFSIVRWOAQ
99,104,,,,,,,,AFSNRJVBZJ
100,105,,,,,,,,AFUEUNZHKF
101,106,,,,,,,,AFULFWVAIG
102,107,,,,,,,,AFZBPISDEF
103,108,,,,,,,,AGASPSNLCF
104,109,,,,,,,,AGBGQOXHQP
105,110,,,,,,,,AGBHOFGTUO
106,111,,,,,,,,AGETVYDXOC
107,112,,,,,,,,AGIQNTEVGD
108,113,,,,,,,,AGIUJPHPED
109,114,,,,,,,,AGIXCNAPIA
110,115,,,,,,,,AGJLWXBXYN
111,116,,,,,,,,AGKFSPREAL
112,117,,,,,,,,AGKMEPWVHV
113,118,,,,,,,,AGPCDPYZLF
114,119,,,,,,,,AGVKVNBNXN
115,120,,,,,,,,AGXCHWVNUU
116,121,,,,,,,,AGYSJUSFXM
117,122,,,,,,,,AHAJVAVJIK
118,123,,,,,,,,AHBXXMDLEJ
119,124,,,,,,,,AHCZUHKNGJ
120,125,,,,,,,,AHEMKYBCFC
121,126,,,,,,,,AHGRMHBCLC
122,127,,,,,,,,AHJEGXZDQA
123,128,,,,,,,,AHMAKYFVJY
124,129,,,,,,,,AHMCHAEFLY
125,130,,,,,,,,AHMSKUFSKL
126,131,,,,,,,,AHMVSDWSZT
127,132,,,,,,,,AHOHTPIFGO
128,133,,,,,,,,AHQPAWYIAP
129,134,,,,,,,,AHVYLHMJWA
130,135,,,,,,,,AHVZIVWTKU
131,136,,,,,,,,AHXDDXSNMA
132,137,,,,,,,,AHZFYKBFVA
133,138,,,,,,,,AIBXDAMJDE
134,141,,,,,,,,AICIQXTNHX
135,142,,,,,,,,AIEGGEZJQZ
136,143,,,,,,,,AIFWQZAFJC
137,144,,,,,,,,AIGRJOYFEM
138,145,,,,,,,,AIHDQJZYCB
139,146,,,,,,,,AIIWXRGIME
140,147,,,,,,,,AILCVRCBNV
141,148,,,,,,,,AILRBYAJSJ
142,149,,,,,,,,AINJTQPECE
143,150,,,,,,,,AIPNAALQUK
144,151,,,,,,,,AIPOZIYZZV
145,152,,,,,,,,AIPZSGGVXK
146,153,,,,,,,,AIWMKTIVYQ
147,155,,,,,,,,AIWVVUHMLC
148,156,,,,,,,,AIXIFINUIV
149,157,,,,,,,,AIXQFFTTRJ
150,158,,,,,,,,AIYOQCZHCJ
151,159,,,,,,,,AIZFXXNYVF
152,160,,,,,,,,AIZYLPMCBU
153,161,,,,,,,,AJAMDESUAF
154,162,,,,,,,,AJAWHVQJUF
155,163,,,,,,,,AJCCFTGCSP
156,164,,,,,,,,AJCEJJNKNW
157,165,,,,,,,,AJDWFYVWHC
158,166,,,,,,,,AJECMRICNA
159,167,,,,,,,,AJFJUSRFAS
160,168,,,,,,,,AJJKLGVBIJ
161,169,,,,,,,,AJNHTINIAC
162,170,,,,,,,,AJNLYNBTPO
163,171,,,,,,,,AJPXNEYHEH
164,172,,,,,,,,AJROPXIRZH
165,173,,,,,,,,AJTWAXLPQK
166,174,,,,,,,,AJTXKCIAPG
167,175,,,,,,,,AJWFWHKGQG
168,176,,,,,,,,AKBHIQIXIU
169,177,,,,,,,,AKBRFMFKGA
170,178,,,,,,,,AKEFTSZGCS
171,179,,,,,,,,AKFUINNLTI
172,180,,,,,,,,AKIQWCJTOO
173,181,,,,,,,,AKIZNAVOUY
174,182,,,,,,,,AKJLYQPNXV
175,183,,,,,,,,AKKNCUMTJT
176,184,,,,,,,,AKKSRAHISH
177,185,,,,,,,,AKOPZCFIFI
178,186,,,,,,,,AKRULLBMLT
179,187,,,,,,,,AKSKXTDLQV
180,188,,,,,,,,AKTDNWMTEF
181,189,,,,,,,,AKVONBGZLU
182,190,,,,,,,,AKVVUFJMCS
183,191,,,,,,,,AKYJMFQWTE
184,192,,,,,,,,AKZFECGPJH
185,193,,,,,,,,ALBJQMQNPF
186,194,,,,,,,,ALBWFMQLGR
187,195,,,,,,,,ALBXLRLSPU
188,196,,,,,,,,ALCKRSHOEO
189,197,,,,,,,,ALESFXJPGM
190,198,,,,,,,,ALFBVMUQUY
191,199,,,,,,,,ALFDMXVQXB
192,200,,,,,,,,ALGGKCIVMN
193,201,,,,,,,,ALKEAWHQAB
194,202,,,,,,,,ALKKURUZPJ
195,203,,,,,,,,ALKNBCWAVC
196,204,,,,,,,,ALLIARCCCL
197,205,,,,,,,,ALLOPYHURT
198,206,,,,,,,,ALOKFRULOE
199,207,,,,,,,,ALPGJGCPSC
200,208,,,,,,,,ALRDCIXDLP
201,209,,,,,,,,ALUVDIEOSV
202,210,,,,,,,,ALVIVBSCSV
203,211,,,,,,,,ALVSZMFNUD
204,212,,,,,,,,ALWLXUCJVH
205,213,,,,,,,,ALZAHKARTP
206,214,,,,,,,,AMBBAPEVPP
207,215,,,,,,,,AMCMUAXMBD
208,216,,,,,,,,AMDXNJHRET
209,217,,,,,,,,AMEOYSAVNY
210,218,,,,,,,,AMEXUQLQWB
211,219,,,,,,,,AMRPNFCPFD
212,220,,,,,,,,AMVCBGSAAW
213,221,,,,,,,,AMZCCLXPIX
214,222,,,,,,,,AMZIGHYYTW
215,223,,,,,,,,AMZNKKRAIL
216,224,,,,,,,,ANAUEXTYBZ
217,225,,,,,,,,ANBQIPAHZW
218,227,,,,,,,,ANBWXXFHLF
219,228,,,,,,,,ANDLBGKYNH
220,229,,,,,,,,ANFKVGNPMT
221,230,,,,,,,,ANHBXFEKFZ
222,231,,,,,,,,ANJBURKJRW
223,232,,,,,,,,ANJCKANXJV
224,233,,,,,,,,ANMRFMEGKW
225,234,,,,,,,,ANOEFYIWKP
226,235,,,,,,,,ANSHOHZSRD
227,236,,,,,,,,ANVCOQDWPG
228,237,,,,,,,,ANWRDPGYOA
229,238,,,,,,,,ANYOCIVWDQ
230,239,,,,,,,,ANZGRDYZMK
231,240,,,,,,,,AOBOTNLOQB
232,242,,,,,,,,AODLYRTAZM
233,243,,,,,,,,AOGMPFWNCI
234,244,,,,,,,,AOGREQGFHT
235,245,,,,,,,,AOHSFVONKA
236,246,,,,,,,,AOJGVBGHFD
237,249,,,,,,,,AOJOQKQQOI
238,250,,,,,,,,AONZSLSOMW
239,251,,,,,,,,AOOQECTXNK
240,252,,,,,,,,AOOSSCXQJD
241,253,,,,,,,,AORSCBDFWI
242,254,,,,,,,,AOTNQOFBCV
243,255,,,,,,,,AOTZFFGKYO
244,256,,,,,,,,AOVNSAMSSC
245,257,,,,,,,,AOVQRXSNZL
246,258,,,,,,,,AOWWEFHLNT
247,259,,,,,,,,AOYZDXKSHW
248,260,,,,,,,,AOZQJHJPIT
249,262,,,,,,,,APDRZGNJHO
250,263,,,,,,,,APEPRZYWCZ
251,264,,,,,,,,APJBSJZYBT
252,265,,,,,,,,APKVDREDLH
253,266,,,,,,,,APLRDCMSXP
254,267,,,,,,,,APQYYBBSSW
255,268,,,,,,,,APRLVCYEQP
256,269,,,,,,,,APTENCCUYP
257,270,,,,,,,,APUJMMVMQE
258,271,,,,,,,,APUYKTXGMA
259,272,,,,,,,,APVIFNMXDV
260,273,,,,,,,,APXAATKPSU
261,274,,,,,,,,APYTUAJAGN
262,275,,,,,,,,APZMLNOCDV
263,276,,,,,,,,AQAHGXUFFC
264,277,,,,,,,,AQBOLVSYWU
265,278,,,,,,,,AQERVKDWIL
266,279,,,,,,,,AQFDMJSFVI
267,280,,,,,,,,AQGRQPGMLQ
268,281,,,,,,,,AQJAEKQQJD
269,282,,,,,,,,AQKGGWMTEB
270,283,,,,,,,,AQKPRASGCO
271,284,,,,,,,,AQKSIIKFVJ
272,285,,,,,,,,AQLXBNWIHN
273,286,,,,,,,,AQNBMPUURL
274,287,,,,,,,,AQNYIPNNJA
275,288,,,,,,,,AQQCEUBLZA
276,289,,,,,,,,AQTCBJCTJT
277,290,,,,,,,,AQWDAKSOVU
278,291,,,,,,,,ARBNNHGJFN
279,292,,,,,,,,ARBQLFMROQ
280,293,,,,,,,,ARCIOIIPIB
281,294,,,,,,,,ARDJDQNFMO
282,295,,,,,,,,ARENNNFBDV
283,296,,,,,,,,ARHALDTUTZ
284,297,,,,,,,,ARHIMUJXMU
285,298,,,,,,,,ARJRHGAERM
286,299,,,,,,,,ARPMGEXJOY
287,300,,,,,,,,ARQUGNYJFS
288,301,,,,,,,,ARSNAIMCVM
289,302,,,,,,,,ARSOKBHOCJ
290,303,,,,,,,,ARUGZCRPFT
291,304,,,,,,,,ARWMBMKJCF
292,306,,,,,,,,ASBTVOFTQE
293,307,,,,,,,,ASBUFTSOBM
294,308,,,,,,,,ASEHVFRQUJ
295,309,,,,,,,,ASFMLLWFAX
296,310,,,,,,,,ASGYUGFDVM
297,311,,,,,,,,ASIHZDJWXC
298,312,,,,,,,,ASITRGWDPW
299,314,,,,,,,,ASJJJHZNME
300,315,,,,,,,,ASKTAZLRMK
301,316,,,,,,,,ASKUWRHHUA
302,317,,,,,,,,ASLBNAPSEA
303,318,,,,,,,,ASQAYAVNUZ
304,319,,,,,,,,ASQRIGQLZF
305,320,,,,,,,,ASRILCIDTE
306,321,,,,,,,,ASRLOJTRGG
307,322,,,,,,,,ASTTQPJFVJ
308,323,,,,,,,,ASTXNHAFPK
309,325,,,,,,,,ASVDFOXQWI
310,326,,,,,,,,ASVSTYDAES
311,327,,,,,,,,ASWCJXLGPN
312,328,,,,,,,,ASWNZHCIVS
313,329,,,,,,,,ASWSAZQMNA
314,330,,,,,,,,ATCBABUBAX
315,331,,,,,,,,ATCVSTQGPL
316,332,,,,,,,,ATDSRLWBSA
317,333,,,,,,,,ATDYCZHSUY
318,334,,,,,,,,ATPQWNMQXR
319,335,,,,,,,,ATPZDOMIUK
320,336,,,,,,,,ATQPRIAYRB
321,337,,,,,,,,ATSOOLRIDQ
322,338,,,,,,,,ATUOWDHQFE
323,339,,,,,,,,ATUQPULIJA
324,340,,,,,,,,ATZJUIKWHH
325,341,,,,,,,,AUAMUISJSH
326,342,,,,,,,,AUAWMVWRSZ
327,343,,,,,,,,AUGMEVHECO
328,344,,,,,,,,AUGSKCRWQD
329,345,,,,,,,,AUMXPAGSUX
330,346,,,,,,,,AUQSSLXIYU
331,347,,,,,,,,AUWNANYWGY
332,348,,,,,,,,AUYZMPIANQ
333,349,,,,,,,,AUZAZHOVGP
334,350,,,,,,,,AVARVJQCJQ
335,351,,,,,,,,AVDPMPJSUO
336,352,,,,,,,,AVEFHMGARP
337,353,,,,,,,,AVEGBPNKFY
338,354,,,,,,,,AVERVLSIIY
339,355,,,,,,,,AVGMFSZBRI
340,356,,,,,,,,AVGNPZYOST
341,357,,,,,,,,AVHICPFJVJ
342,358,,,,,,,,AVJPLTKLOI
343,359,,,,,,,,AVKTNKJTHU
344,360,,,,,,,,AVNRJWWIYC
345,361,,,,,,,,AVOZVAAWCN
346,362,,,,,,,,AVPTUGDGUZ
347,363,,,,,,,,AVQPGAMDJG
348,364,,,,,,,,AVQPZGRZPE
349,365,,,,,,,,AVTJNUVNTX
350,367,,,,,,,,AVWWOBYOXR
351,368,,,,,,,,AVWZVWJJRG
352,369,,,,,,,,AVYSPYUBJJ
353,370,,,,,,,,AVZSCKPGSK
354,371,,,,,,,,AWAOODKTEU
355,372,,,,,,,,AWBDXYFATM
356,373,,,,,,,,AWCKWXRNBI
357,374,,,,,,,,AWDVEYPMGB
358,375,,,,,,,,AWECQQCGKO
359,376,,,,,,,,AWEESLJOOM
360,377,,,,,,,,AWEOENAWMO
361,378,,,,,,,,AWFDIFGISW
362,379,,,,,,,,AWFPJNSDWU
363,380,,,,,,,,AWGBCINBCD
364,381,,,,,,,,AWIIFECOAC
365,382,,,,,,,,AWJJKEGORU
366,383,,,,,,,,AWJKJWTAFO
367,384,,,,,,,,AWLZJMWUWA
368,385,,,,,,,,AWVFUNTVVG
369,386,,,,,,,,AWVISZDZIR
370,387,,,,,,,,AWVYJVIBSP
371,388,,,,,,,,AWXGCATIFD
372,389,,,,,,,,AWYSKBHZXD
373,391,,,,,,,,AWYWBXATNM
374,392,,,,,,,,AWZCITHUWD
375,393,,,,,,,,AXAVIGEHCZ
376,394,,,,,,,,AXCNHIQVNY
377,395,,,,,,,,AXDRZXCIEP
378,396,,,,,,,,AXEMDGWYMU
379,397,,,,,,,,AXEONZJQDV
380,398,,,,,,,,AXFTHGRANV
381,399,,,,,,,,AXGNAGSHRD
382,400,,,,,,,,AXGXFCTGSU
383,401,,,,,,,,AXHOXPIPHQ
384,402,,,,,,,,AXJTLZRQMB
385,403,,,,,,,,AXKEWVWUZT
386,404,,,,,,,,AXLEYPEEFP
387,405,,,,,,,,AXNUNMYEUS
388,406,,,,,,,,AXPCPYENRC
389,407,,,,,,,,AXPMCALJYK
390,408,,,,,,,,AXPWBWISPK
391,409,,,,,,,,AXSCNEHWGU
392,410,,,,,,,,AXUXDIPEYL
393,413,,,,,,,,AXVVUSVQMY
394,414,,,,,,,,AXWQJWOSFW
395,415,,,,,,,,AXZTNTDZKR
396,416,,,,,,,,AYASHGGCQV
397,417,,,,,,,,AYAVVZAMGV
398,418,,,,,,,,AYBCVSUFUZ
399,419,,,,,,,,AYBQMKLQIC
400,420,,,,,,,,AYDALARNFJ
401,421,,,,,,,,AYEJKDGKIL
402,422,,,,,,,,AYFDKJINMM
403,423,,,,,,,,AYFZBCRVKX
404,424,,,,,,,,AYGRLHZREK
405,425,,,,,,,,AYIFSLKWSJ
406,426,,,,,,,,AYKHUPLSMF
407,427,,,,,,,,AYKTLMPZRF
408,428,,,,,,,,AYNZQVPNSW
409,429,,,,,,,,AYOALEMSTO
410,430,,,,,,,,AYPCNDSEGM
411,431,,,,,,,,AYPMBIROWB
412,432,,,,,,,,AYPSYKGKOM
413,433,,,,,,,,AYQBMSOVPB
414,434,,,,,,,,AYRUCECIZZ
415,435,,,,,,,,AYUAIDEOIE
416,436,,,,,,,,AYUDXPKKST
417,437,,,,,,,,AYVEYJKHHF
418,438,,,,,,,,AYXOADIZTE
419,439,,,,,,,,AYYTBLUFIB
420,440,,,,,,,,AZEPXNKLIY
421,442,,,,,,,,AZFBPIBNSS
422,443,,,,,,,,AZHKMCTDVQ
423,444,,,,,,,,AZHXBJXIOB
424,445,,,,,,,,AZHXHIUWOG
425,447,,,,,,,,AZJHHXYXDV
426,448,,,,,,,,AZJXXOIERI
427,449,,,,,,,,AZKEAEZZUQ
428,450,,,,,,,,AZNCEGLPMQ
429,451,,,,,,,,AZNNYQESJM
430,452,,,,,,,,AZQRMMLDZH
431,453,,,,,,,,AZVEWIMOZI
432,454,,,,,,,,AZWQQXTRKN
433,455,,,,,,,,AZYKRRMREP
434,456,,,,,,,,AZYUWOLKRH
435,457,,,,,,,,AZZACKNIDO
436,458,,,,,,,,AZZBVPHOQK
437,459,,,,,,,,BABSRZOFAQ
438,460,,,,,,,,BADSMFGWOK
439,461,,,,,,,,BAEFLAWBAC
440,462,,,,,,,,BAFCYDRNJB
441,463,,,,,,,,BAGEMQGUVB
442,465,,,,,,,,BAGXMHQJMG
443,466,,,,,,,,BAHKFMHTVB
444,467,,,,,,,,BAIDUPSSXP
445,468,,,,,,,,BAIXNAQYTA
446,470,,,,,,,,BAKWQOUQRZ
447,472,,,,,,,,BALZAHLFDV
448,473,,,,,,,,BAMSCUZLRR
449,474,,,,,,,,BAOCBNTPZR
450,476,,,,,,,,BARIRQRZNW
451,477,,,,,,,,BATGAFLFUX
452,479,,,,,,,,BATUWIYLQE
453,480,,,,,,,,BAUBMFDURF
454,481,,,,,,,,BAUGGBCODW
455,482,,,,,,,,BAUTUAEARD
456,483,,,,,,,,BAVGRYFCBH
457,484,,,,,,,,BAVWGRIWSQ
458,485,,,,,,,,BAWKEOXIPU
459,486,,,,,,,,BAXPCBZUEW
460,487,,,,,,,,BAZFALOKWQ
461,489,,,,,,,,BAZOQEFCHJ
462,490,,,,,,,,BBDBAAUFNK
463,491,,,,,,,,BBETQBDNFR
464,492,,,,,,,,BBHMDVAPCC
465,493,,,,,,,,BBHWAQKNWC
466,494,,,,,,,,BBIXPRZKKH
467,495,,,,,,,,BBKWVCRCDT
468,496,,,,,,,,BBLJOKJSEN
469,497,,,,,,,,BBMTPNSMLN
470,500,,,,,,,,BBOQWQHTKF
471,501,,,,,,,,BBPYZBLGJF
472,502,,,,,,,,BBQPIMBCVX
473,503,,,,,,,,BBQZYISQGG
474,504,,,,,,,,BBRMJIJJBF
475,505,,,,,,,,BBSEAEVOWC
476,506,,,,,,,,BBTCOHTEBA
477,507,,,,,,,,BBVPKAECPG
478,508,,,,,,,,BBVQLLAFLU
479,509,,,,,,,,BBWBZJABPA
480,510,,,,,,,,BBYYLOCDRF
481,511,,,,,,,,BBZNXEMKXU
482,512,,,,,,,,BCDUZLIKWP
483,513,,,,,,,,BCFMVSUKMG
484,514,,,,,,,,BCGJTIOALY
485,515,,,,,,,,BCHBXFSMIG
486,516,,,,,,,,BCJGDOTIZY
487,517,,,,,,,,BCKEXBDUWK
488,519,,,,,,,,BCLJERHNNE
489,520,,,,,,,,BCRRNDBDSM
490,521,,,,,,,,BCSCTQRPZC
491,523,,,,,,,,BCSMSZZGRV
492,524,,,,,,,,BCUAVDZHTV
493,525,,,,,,,,BCVCLPBCLE
494,526,,,,,,,,BCVLJLHSME
495,527,,,,,,,,BCWKBSICHS
496,528,,,,,,,,BCWMNOCSJX
497,529,,,,,,,,BCWNMGPMJM
498,530,,,,,,,,BCWSYWFUPQ
499,533,,,,,,,,BCYKBSGNOH
500,534,,,,,,,,BCYTSORAQT
501,535,,,,,,,,BCZMITPJIT
502,536,,,,,,,,BDAAPJXGRS
503,537,,,,,,,,BDAIOVCNZJ
504,538,,,,,,,,BDHSEDNDTB
505,539,,,,,,,,BDILYQOZUD
506,541,,,,,,,,BDMHEGMOLF
507,542,,,,,,,,BDNFDKZKND
508,543,,,,,,,,BDODVMUHMQ
509,544,,,,,,,,BDPYYLHIEK
510,545,,,,,,,,BDQKEYUSMI
511,546,,,,,,,,BDSHYGTJZZ
512,547,,,,,,,,BDTCYQWGZK
513,548,,,,,,,,BDTPYTDFMK
514,549,,,,,,,,BDTTONYZLC
515,550,,,,,,,,BDXILDGXBW
516,551,,,,,,,,BDZGIZMYCP
517,552,,,,,,,,BEAKVKJIMX
518,553,,,,,,,,BEALQNRXTS
519,554,,,,,,,,BEAZTGKJVR
520,555,,,,,,,,BEGRSJDMEJ
521,556,,,,,,,,BEHBJZFXDO
522,557,,,,,,,,BEHWBZSLLK
523,558,,,,,,,,BEJHIHWRCW
524,559,,,,,,,,BEJOTNXGQO
525,560,,,,,,,,BEKZMWWYRE
526,561,,,,,,,,BEMHEVUHJC
527,562,,,,,,,,BEPVNVXCTM
528,563,,,,,,,,BEQCZNCSVW
529,564,,,,,,,,BEQKBJNHOE
530,565,,,,,,,,BESLHCKNDH
531,566,,,,,,,,BETIPFHVRC
532,567,,,,,,,,BEWTJMIMIQ
533,568,,,,,,,,BEXCVZDKNP
534,569,,,,,,,,BEYGVOQIVX
535,570,,,,,,,,BEYSTWCVMH
536,571,,,,,,,,BFAGATXFHL
537,572,,,,,,,,BFDGRBUVTA
538,573,,,,,,,,BFGLVEHDJP
539,574,,,,,,,,BFHWAMWXHP
540,575,,,,,,,,BFIRFVIHGI
541,576,,,,,,,,BFJVJISGDM
542,577,,,,,,,,BFLYUCXZDT
543,578,,,,,,,,BFMIDYAFMI
544,579,,,,,,,,BFOUHBQRKD
545,580,,,,,,,,BFTSCCFZSO
546,582,,,,,,,,BFXLZITDZL
547,583,,,,,,,,BFZWCEHBEF
548,584,,,,,,,,BFZWUUEYBN
549,585,,,,,,,,BGBNDCQYRP
550,586,,,,,,,,BGCMGMEKWU
551,587,,,,,,,,BGGLOGICQT
552,588,,,,,,,,BGHAOBCVXO
553,589,,,,,,,,BGHBIIIEDS
554,590,,,,,,,,BGKPRRKZNI
555,591,,,,,,,,BGKZOTOOBQ
556,592,,,,,,,,BGQCBPBXYL
557,593,,,,,,,,BGQNNVRTDH
558,594,,,,,,,,BGRVENEVZT
559,595,,,,,,,,BGYBNEELRK
560,596,,,,,,,,BGYVKJLVLX
561,597,,,,,,,,BHADSUGKMD
562,598,,,,,,,,BHBKRWGMPM
563,599,,,,,,,,BHDARKGLWU
564,600,,,,,,,,BHDJHNWUFT
565,601,,,,,,,,BHEOLWSZMJ
566,602,,,,,,,,BHGFXSMMSW
567,603,,,,,,,,BHIOPINVBX
568,604,,,,,,,,BHKTGWTMNB
569,605,,,,,,,,BHLTCXFDHY
570,606,,,,,,,,BHMBUCCFLP
571,607,,,,,,,,BHMDIOJTFQ
572,608,,,,,,,,BHOWGFWVYI
573,609,,,,,,,,BHRLGFQIMK
574,610,,,,,,,,BIADWWEETY
575,611,,,,,,,,BIAZHJUHGM
576,612,,,,,,,,BIAZHSOCRI
577,613,,,,,,,,BICMLSSZCV
578,614,,,,,,,,BIDEAIDIXM
579,615,,,,,,,,BIESEPTJIG
580,616,,,,,,,,BIGXSVKKAE
581,617,,,,,,,,BIHFEVBUIM
582,618,,,,,,,,BIIJXPTASC
583,619,,,,,,,,BIIPUMICJY
584,620,,,,,,,,BIJZDNQXTR
585,621,,,,,,,,BIKVLAXKWQ
586,622,,,,,,,,BIKXOKOEYK
587,623,,,,,,,,BIMSFRPVDN
588,624,,,,,,,,BIOPNRCSEL
589,625,,,,,,,,BIQEECRSZY
590,626,,,,,,,,BIUQCWPTWY
591,627,,,,,,,,BIVHAJOOBN
592,628,,,,,,,,BIZSCTUBIQ
593,629,,,,,,,,BJABGDADPB
594,630,,,,,,,,BJAJOQRSIH
595,631,,,,,,,,BJARRJWNFN
596,632,,,,,,,,BJBCDMUDAU
597,633,,,,,,,,BJDRQSZTPZ
598,634,,,,,,,,BJEXJQWSTS
599,635,,,,,,,,BJGLMWUAWV
600,636,,,,,,,,BJJTTCCJHA
601,637,,,,,,,,BJNBMISVSN
602,638,,,,,,,,BJPBGDEHYR
603,639,,,,,,,,BJPDRFUHRM
604,640,,,,,,,,BJQEQXJYWP
605,641,,,,,,,,BJWOOASGOW
606,642,,,,,,,,BJWRUYAAIV
607,643,,,,,,,,BJWZNTPODT
608,644,,,,,,,,BJYHSULLBE
609,645,,,,,,,,BJYJXEEHZN
610,646,,,,,,,,BKCBOALZPY
611,647,,,,,,,,BKCCKVRDKA
612,648,,,,,,,,BKDQYNNGST
613,649,,,,,,,,BKDRGPZLKH
614,650,,,,,,,,BKGMCQZUFK
615,651,,,,,,,,BKGPXZBPUB
616,652,,,,,,,,BKHITAEHSH
617,653,,,,,,,,BKJZBHPRFD
618,654,,,,,,,,BKKRJFTLJR
619,655,,,,,,,,BKKTXRSRDI
620,656,,,,,,,,BKLEHNARJN
621,657,,,,,,,,BKLTCXBPQT
622,658,,,,,,,,BKMKTSAQIN
623,659,,,,,,,,BKNMMLKNGV
624,660,,,,,,,,BKNOXTBUDQ
625,662,,,,,,,,BKOHCOFYRQ
626,663,,,,,,,,BKPPEAYDFC
627,664,,,,,,,,BKPVVIWACY
628,665,,,,,,,,BKSGOPMOXT
629,666,,,,,,,,BKUCMJSKIU
630,667,,,,,,,,BKVBEAXTCC
631,668,,,,,,,,BKXDHWBDBT
632,669,,,,,,,,BKXOKKFVJG
633,670,,,,,,,,BKZLLQFSGK
634,671,,,,,,,,BLACTMIEFG
635,672,,,,,,,,BLCQHUCGJI
636,673,,,,,,,,BLEBOOJNQU
637,674,,,,,,,,BLEJUDQVIG
638,676,,,,,,,,BLFCFFBQXD
639,677,,,,,,,,BLGYOJFPMN
640,679,,,,,,,,BLHMMDDTNM
641,680,,,,,,,,BLHZDQXKQZ
642,681,,,,,,,,BLIOFLRGFP
643,682,,,,,,,,BLLINSOPCW
644,683,,,,,,,,BLLMKYOPPF
645,684,,,,,,,,BLNFLKNBZO
646,685,,,,,,,,BLOSICSLMP
647,686,,,,,,,,BLOSYICLUI
648,687,,,,,,,,BLPBCNIBEU
649,688,,,,,,,,BLQBNVOFCY
650,689,,,,,,,,BLXAWMWNAX
651,690,,,,,,,,BLZSGGKSVF
652,691,,,,,,,,BMBYXDIGRM
653,692,,,,,,,,BMDLSVXKIW
654,693,,,,,,,,BMDMWSWHZQ
655,694,,,,,,,,BMFBMDBLQC
656,695,,,,,,,,BMIMUPNKSO
657,696,,,,,,,,BMIXWLPGEN
658,697,,,,,,,,BMMAQTPZTE
659,698,,,,,,,,BMQGCCZBEB
660,699,,,,,,,,BMQUJLYZFS
661,700,,,,,,,,BMRWDBTFVO
662,701,,,,,,,,BMTIJIHXDF
663,702,,,,,,,,BMTRHEQFGI
664,703,,,,,,,,BMXMEAFWQA
665,704,,,,,,,,BMZOYXUQQB
666,706,,,,,,,,BNEVDMKBYF
667,707,,,,,,,,BNFJHHUQIR
668,708,,,,,,,,BNHMAJOBLH
669,709,,,,,,,,BNHYICSZFS
670,710,,,,,,,,BNJGSXPFKQ
671,711,,,,,,,,BNJNDMKIOK
672,712,,,,,,,,BNJTSUFPLT
673,713,,,,,,,,BNNEGLXEYS
674,714,,,,,,,,BNNLZMFADV
675,715,,,,,,,,BNNMKPJLOE
676,716,,,,,,,,BNONJPEDXI
677,718,,,,,,,,BNRZBWEVNF
678,719,,,,,,,,BNSNYCLELS
679,720,,,,,,,,BNUIPELBNH
680,721,,,,,,,,BNVBFVHMDE
681,722,,,,,,,,BNWGFFUNOT
682,723,,,,,,,,BNWPLDENZX
683,724,,,,,,,,BNYQUEJYWZ
684,725,,,,,,,,BNZDOXTIEW
685,726,,,,,,,,BNZFSZGFAG
686,727,,,,,,,,BNZGLFLAAF
687,728,,,,,,,,BNZQWGDEOC
688,729,,,,,,,,BNZSZXFTXU
689,730,,,,,,,,BODFMFBEFF
690,731,,,,,,,,BOELWAYLBD
691,732,,,,,,,,BOEUIUJQED
692,733,,,,,,,,BOEVJKOPVR
693,734,,,,,,,,BOFRDLBMLB
694,735,,,,,,,,BOFVEXOCLE
695,736,,,,,,,,BOHKFADHYO
696,737,,,,,,,,BOHKVNEGOJ
697,738,,,,,,,,BOJEVCZPVQ
698,739,,,,,,,,BOJIUCIXWY
699,740,,,,,,,,BOKAWMIRXF
700,741,,,,,,,,BOLCVCUUII
701,742,,,,,,,,BONHCQSMFF
702,743,,,,,,,,BOOEINYNSA
703,744,,,,,,,,BOQYPHGPIS
704,745,,,,,,,,BOSXLVHYYY
705,746,,,,,,,,BOUMAKKJER
706,747,,,,,,,,BOUNYSFTNM
707,748,,,,,,,,BOWBRMAGUR
708,749,,,,,,,,BOWUEFUHGO
709,750,,,,,,,,BOXJLMYHZS
710,751,,,,,,,,BPCDMHWZRD
711,752,,,,,,,,BPCUYLSSRI
712,753,,,,,,,,BPFAREWMBX
713,754,,,,,,,,BPJSVLUKOS
714,755,,,,,,,,BPKYWJAQZH
715,756,,,,,,,,BPMTXSLOHL
716,757,,,,,,,,BPNBUKQNAE
717,758,,,,,,,,BPPMMOYSLS
718,759,,,,,,,,BPPQLVNGBR
719,760,,,,,,,,BPPQMINZYI
720,761,,,,,,,,BPPXOIIDJV
721,762,,,,,,,,BPQOIBHQAK
722,763,,,,,,,,BPQXMGSSGK
723,764,,,,,,,,BPRLUKECCW
724,765,,,,,,,,BPUJJAJAEJ
725,766,,,,,,,,BPUMIGFKTN
726,767,,,,,,,,BPXJRXRIRF
727,768,,,,,,,,BPYAYVMARS
728,769,,,,,,,,BPYGXPDAXT
729,770,,,,,,,,BPZUZRZOCE
730,771,,,,,,,,BQABZNLDGO
731,772,,,,,,,,BQDBEOPUSL
732,773,,,,,,,,BQFYBZYOKG
733,774,,,,,,,,BQFYUZBFKV
734,775,,,,,,,,BQHXQXWXRV
735,776,,,,,,,,BQJQQSKNSJ
736,777,,,,,,,,BQJSSUTJJB
737,778,,,,,,,,BQOIXMCIWV
738,779,,,,,,,,BQOWPJXZFU
739,780,,,,,,,,BQRVFLUCYD
740,781,,,,,,,,BQYSOYLDYS
741,782,,,,,,,,BQZHIBAFJM
742,783,,,,,,,,BRBQJJJBTZ
743,784,,,,,,,,BRCDQMSGST
744,785,,,,,,,,BREVMNVLZG
745,786,,,,,,,,BRKIQQPALT
746,787,,,,,,,,BRKYOMDPMG
747,788,,,,,,,,BRLKGWCPXZ
748,789,,,,,,,,BRMKNIJQOC
749,790,,,,,,,,BRPNOALRQL
750,791,,,,,,,,BRQEMTEJCN
751,792,,,,,,,,BRQQANMOCW
752,793,,,,,,,,BRRKTDLBJN
753,794,,,,,,,,BRROQIZGKM
754,795,,,,,,,,BRSTYGEGRM
755,796,,,,,,,,BRUGYUUXDF
756,797,,,,,,,,BRVLQAQWGW
757,798,,,,,,,,BRVTWSTPRJ
758,799,,,,,,,,BRYJHYMAJZ
759,800,,,,,,,,BRZUKIQSDO
760,801,,,,,,,,BSAHMAGPVX
761,802,,,,,,,,BSCHNVVTQI
762,803,,,,,,,,BSGKZZEFHA
763,804,,,,,,,,BSJOAXDOAU
764,805,,,,,,,,BSLYHDQMIT
765,806,,,,,,,,BSMKYLHCBL
766,807,,,,,,,,BSPVRFJUIZ
767,808,,,,,,,,BSUAPJSXPG
768,809,,,,,,,,BSUBAWGRJD
769,811,,,,,,,,BSUHZVHYVP
770,812,,,,,,,,BSVQCCQWWD
771,813,,,,,,,,BTCIBDXITO
772,814,,,,,,,,BTCPFQVMYU
773,815,,,,,,,,BTCWDKLRKR
774,816,,,,,,,,BTDCFQUACC
775,817,,,,,,,,BTGFBEXEYM
776,818,,,,,,,,BTGOGXGVWR
777,819,,,,,,,,BTJKEVSCSH
778,820,,,,,,,,BTLCMJDLEV
779,821,,,,,,,,BTMREPFYSK
780,822,,,,,,,,BTNMYFJJRX
781,823,,,,,,,,BTOSLVAWFE
782,824,,,,,,,,BTPAGZVSUK
783,825,,,,,,,,BTRTZYDOAU
784,826,,,,,,,,BTUFOWBOYX
785,827,,,,,,,,BTVTUJHMFW
786,828,,,,,,,,BTZVDYPLSV
787,829,,,,,,,,BUAJGUPVIN
788,830,,,,,,,,BUCJOWBXEF
789,831,,,,,,,,BUDSNYEKDE
790,832,,,,,,,,BUIGGUFKBN
791,833,,,,,,,,BUKXVSDEOV
792,834,,,,,,,,BUMQDPHGXW
793,835,,,,,,,,BUODKKXRHH
794,836,,,,,,,,BUPMIWOEXB
795,837,,,,,,,,BUQQFMUDPA
796,838,,,,,,,,BUSKBWCAFA
797,839,,,,,,,,BUSKCZFYHP
798,840,,,,,,,,BUSRVVXSGW
799,841,,,,,,,,BUTHEPVFAK
800,842,,,,,,,,BUTHPWBHWA
801,844,,,,,,,,BUWLNNNYOD
802,845,,,,,,,,BUXBTWTSOY
803,846,,,,,,,,BUYSAACVZT
804,848,,,,,,,,BUZPVDXCZV
805,849,,,,,,,,BVEZRKEXHZ
806,850,,,,,,,,BVGGXBDYNE
807,851,,,,,,,,BVHHYVZTZJ
808,852,,,,,,,,BVISJOHZIH
809,853,,,,,,,,BVISLCBMWB
810,854,,,,,,,,BVLGHTCUAV
811,855,,,,,,,,BVMAXCUTUM
812,856,,,,,,,,BVNPQZEVLA
813,857,,,,,,,,BVPJZVTACD
814,858,,,,,,,,BVQXNYGBPO
815,859,,,,,,,,BVSJSTKTPM
816,860,,,,,,,,BVVFJGRFTI
817,861,,,,,,,,BVVPAUPLIH
818,862,,,,,,,,BVXFSVTUQH
819,863,,,,,,,,BVYFMMNPUE
820,864,,,,,,,,BVZMPGVNPT
821,865,,,,,,,,BWAPWRQXUJ
822,866,,,,,,,,BWAVZYQWTJ
823,867,,,,,,,,BWCSXHHUZI
824,868,,,,,,,,BWEBURJRDA
825,869,,,,,,,,BWFUNEZVQL
826,870,,,,,,,,BWGDLLPMDR
827,871,,,,,,,,BWKSTABDJH
828,872,,,,,,,,BWLQMIRFZX
829,873,,,,,,,,BWNFBPHGFN
830,874,,,,,,,,BWNJOPAUTF
831,875,,,,,,,,BWOSCDJNHG
832,876,,,,,,,,BWQOFWMALY
833,877,,,,,,,,BWRRCEFQKO
834,878,,,,,,,,BWUBHVVATC
835,879,,,,,,,,BWVKNHHSJT
836,880,,,,,,,,BXCZXGXZAJ
837,881,,,,,,,,BXDHELOMEO
838,882,,,,,,,,BXEMCUEAEC
839,883,,,,,,,,BXHDXYFMMD
840,884,,,,,,,,BXHKIWCAQU
841,885,,,,,,,,BXKJJXQQOB
842,886,,,,,,,,BXMYZOWORC
843,887,,,,,,,,BXOLGKGRTJ
844,888,,,,,,,,BXOPJSDIBS
845,889,,,,,,,,BXPSDJRAWA
846,890,,,,,,,,BXSYEBLWRO
847,891,,,,,,,,BXSZJDSSSI
848,892,,,,,,,,BXWJREDGRU
849,893,,,,,,,,BXWULJOAWG
850,894,,,,,,,,BXXUIJYZOA
851,895,,,,,,,,BXYWXDCFYY
852,896,,,,,,,,BYALBNXSUG
853,897,,,,,,,,BYGLLRDRZW
854,898,,,,,,,,BYIAYBBUQY
855,899,,,,,,,,BYKGAAPGWD
856,900,,,,,,,,BYKOFMHPAG
857,901,,,,,,,,BYLIOIAFUO
858,902,,,,,,,,BYNEUTIQXG
859,903,,,,,,,,BYOCADZRCC
860,904,,,,,,,,BYPQAIYKYY
861,905,,,,,,,,BYQQXGUHKR
862,906,,,,,,,,BYROQIUSWV
863,907,,,,,,,,BYUXRVUJKP
864,908,,,,,,,,BYWSRMMRXV
865,909,,,,,,,,BYXBFJZIHI
866,910,,,,,,,,BYZJBLKHHH
867,911,,,,,,,,BZBRQDXNDI
868,912,,,,,,,,BZEKQGMQXI
869,913,,,,,,,,BZEXCEQPVA
870,914,,,,,,,,BZFVLFEURK
871,915,,,,,,,,BZGZYJSVQL
872,916,,,,,,,,BZHNHXCHNL
873,917,,,,,,,,BZJCNBMXML
874,918,,,,,,,,BZKQPHGHUH
875,919,,,,,,,,BZKRLVNALA
876,920,,,,,,,,BZOANOBRRU
877,921,,,,,,,,BZPNZECNBF
878,922,,,,,,,,BZQLKSTZFG
879,923,,,,,,,,BZRHEFXRTA
880,924,,,,,,,,BZRMZRZZFW
881,925,,,,,,,,BZSGRZUPAN
882,926,,,,,,,,BZSPGCIHEB
883,927,,,,,,,,BZUEYAPCUV
884,928,,,,,,,,BZVEURWULA
885,929,,,,,,,,BZVHLVDACO
886,930,,,,,,,,BZWBSWNEWW
887,931,,,,,,,,BZYQEWRRXR
888,933,,,,,,,,BZZJCNVFBL
889,934,,,,,,,,CABGSOQDHO
890,935,,,,,,,,CACUQOBFTN
891,936,,,,,,,,CAFKAVESJX
892,937,,,,,,,,CAKRIQVSBM
893,938,,,,,,,,CAMPCMVAQD
894,939,,,,,,,,CAMTALIHGK
895,940,,,,,,,,CANVRARWSH
896,941,,,,,,,,CATTGPNVMD
897,942,,,,,,,,CATVGQZMOI
898,943,,,,,,,,CAURNVYRUY
899,944,,,,,,,,CAVRYQKDNN
900,945,,,,,,,,CAVXKBVWDI
901,946,,,,,,,,CAWASRMAAC
902,947,,,,,,,,CAWLPUVLYJ
903,948,,,,,,,,CAWTGEYQIO
904,949,,,,,,,,CAYDNOROYJ
905,950,,,,,,,,CAYEFIGWMX
906,951,,,,,,,,CBFBCEAFOG
907,952,,,,,,,,CBFKJDUNGC
908,953,,,,,,,,CBFOLFCROB
909,954,,,,,,,,CBGIAMEUOU
910,955,,,,,,,,CBGNYSREOX
911,956,,,,,,,,CBGRCJJBVP
912,957,,,,,,,,CBIBPLRFWO
913,958,,,,,,,,CBNKYVTCFN
914,959,,,,,,,,CBPCVHPBVC
915,960,,,,,,,,CBRAFHUGMG
916,961,,,,,,,,CBRIAYNGFL
917,962,,,,,,,,CBRWORBTYD
918,963,,,,,,,,CBSPDKWNEA
919,964,,,,,,,,CBSTKJVEMD
920,965,,,,,,,,CBTEMCRXNS
921,966,,,,,,,,CBUCQTNJND
922,967,,,,,,,,CBUIGYCRDS
923,968,,,,,,,,CBULAVUIJF
924,969,,,,,,,,CBWCZJYRDC
925,970,,,,,,,,CBXEYUZFMQ
926,971,,,,,,,,CBXMLAOIOT
927,972,,,,,,,,CBZKJDXZJO
928,973,,,,,,,,CCAHYUXTLL
929,974,,,,,,,,CCBDRTHLBO
930,975,,,,,,,,CCCKLIJQMR
931,976,,,,,,,,CCCKNILIJD
932,977,,,,,,,,CCCYRKIYLD
933,978,,,,,,,,CCDDIXBQGA
934,979,,,,,,,,CCEIFTDLVO
935,980,,,,,,,,CCEMRNNMRB
936,981,,,,,,,,CCFBJJPCJF
937,982,,,,,,,,CCGKXELDPQ
938,983,,,,,,,,CCHZZOWPHR
939,984,,,,,,,,CCJNFPIDUW
940,985,,,,,,,,CCKRVIGPPU
941,986,,,,,,,,CCQBOPRSCA
942,987,,,,,,,,CCXCLHWCSZ
943,988,,,,,,,,CCYNBEEKAD
944,989,,,,,,,,CCZPVYSNYJ
945,990,,,,,,,,CDAPQYRKIP
946,991,,,,,,,,CDATBCLTFJ
947,992,,,,,,,,CDAUIRILEZ
948,993,,,,,,,,CDBPAINQVF
949,994,,,,,,,,CDEWOREWVL
950,995,,,,,,,,CDGABDSQRN
951,996,,,,,,,,CDHJCEZUJM
952,997,,,,,,,,CDIRHFEQYG
953,999,,,,,,,,CDIUCJCCDK
954,1000,,,,,,,,CDJMLNHJQJ
955,1001,,,,,,,,CDJQTAQOWJ
956,1002,,,,,,,,CDKBSXODRM
957,1003,,,,,,,,CDKVWATLEX
958,1004,,,,,,,,CDLRHIFQEG
959,1005,,,,,,,,CDMRIQDYVL
960,1006,,,,,,,,CDNSRERPLZ
961,1007,,,,,,,,CDPBIOKLRE
962,1008,,,,,,,,CDPRIHODCC
963,1009,,,,,,,,CDQSNPMRFU
964,1010,,,,,,,,CDSLZYENMP
965,1012,,,,,,,,CDVGLDDPLR
966,1013,,,,,,,,CDWATWHVIR
967,1014,,,,,,,,CDWUKLJUGN
968,1015,,,,,,,,CDYSLRWRKS
969,1016,,,,,,,,CEBRKNVUYQ
970,1017,,,,,,,,CECSMFTYOS
971,1018,,,,,,,,CEDOMCIVBD
972,1019,,,,,,,,CEDWZBKFLE
973,1020,,,,,,,,CEEADFHMTM
974,1021,,,,,,,,CEHMACKJTM
975,1022,,,,,,,,CEHZFRXDSA
976,1024,,,,,,,,CELUJDWQTL
977,1025,,,,,,,,CENMFYTNZC
978,1026,,,,,,,,CENSHSMIHH
979,1027,,,,,,,,CEPCYMALNL
980,1028,,,,,,,,CEWYLPMSDK
981,1029,,,,,,,,CEXGRDNSHY
982,1030,,,,,,,,CEZPZLDHZA
983,1031,,,,,,,,CEZUEBXKZJ
984,1032,,,,,,,,CFAUYPWSMQ
985,1033,,,,,,,,CFAYJGQMTC
986,1034,,,,,,,,CFBQCXWTIT
987,1035,,,,,,,,CFCPTCBLJR
988,1036,,,,,,,,CFCQLMLVAD
989,1037,,,,,,,,CFKBVYTGAR
990,1038,,,,,,,,CFKFJVDVTE
991,1039,,,,,,,,CFNCRNHQSY
992,1040,,,,,,,,CFORIUVTBX
993,1041,,,,,,,,CFSFIFSZGU
994,1042,,,,,,,,CFTGMGGZHD
995,1043,,,,,,,,CFTKLSVBDQ
996,1044,,,,,,,,CFVBFOIMSD
997,1045,,,,,,,,CFVOHLKRQO
998,1046,,,,,,,,CFVVVSWJEO
999,1047,,,,,,,,CFYAKRQGVK
1000,1048,,,,,,,,CFYSGXNLBM
1001,1049,,,,,,,,CFZWQLENST
1002,1050,,,,,,,,CGAHYZKUSN
1003,1051,,,,,,,,CGBIECEJPX
1004,1052,,,,,,,,CGDPQOMPFY
1005,1053,,,,,,,,CGDQBYDKVV
1006,1055,,,,,,,,CGEXZUTHLY
1007,1056,,,,,,,,CGGDXEJRBF
1008,1057,,,,,,,,CGJTCBJEIV
1009,1058,,,,,,,,CGLYGDJGDY
1010,1059,,,,,,,,CGMXKOHQAY
1011,1060,,,,,,,,CGNLRBEBUA
1012,1062,,,,,,,,CGPNYXXTBS
1013,1063,,,,,,,,CGRPMCTXGI
1014,1064,,,,,,,,CGSKURLYFH
1015,1065,,,,,,,,CGSPKEPQSC
1016,1066,,,,,,,,CGVNDCEJOA
1017,1067,,,,,,,,CGVWNPBCBQ
1018,1068,,,,,,,,CGVYXMLVBA
1019,1069,,,,,,,,CGWEZDOGPJ
1020,1070,,,,,,,,CGXHRKWYJM
1021,1071,,,,,,,,CGXJYOONML
1022,1072,,,,,,,,CGXNWFTIAT
1023,1073,,,,,,,,CGZDTQFRZG
1024,1075,,,,,,,,CGZWRZBLJD
1025,1076,,,,,,,,CGZYPVGZLK
1026,1077,,,,,,,,CHAZESAQIA
1027,1078,,,,,,,,CHECIYKDNZ
1028,1079,,,,,,,,CHFPXMSBSM
1029,1080,,,,,,,,CHFXOAZAEM
1030,1081,,,,,,,,CHHAGZXHKK
1031,1082,,,,,,,,CHJVVHPFFT
1032,1083,,,,,,,,CHMLMFVUIM
1033,1084,,,,,,,,CHMWGIXVRI
1034,1085,,,,,,,,CHNUBHQEOA
1035,1086,,,,,,,,CHQHMZZKDQ
1036,1087,,,,,,,,CHSQRGYKEU
1037,1089,,,,,,,,CHUOCXTXWF
1038,1090,,,,,,,,CHZMXBTKUM
1039,1091,,,,,,,,CIDTDILZFD
1040,1092,,,,,,,,CIGLTMUYKL
1041,1093,,,,,,,,CIGRZGAIZE
1042,1094,,,,,,,,CIHLBEYJRC
1043,1095,,,,,,,,CILAPIETLT
1044,1096,,,,,,,,CILZNETEGI
1045,1097,,,,,,,,CIMTUEYRIQ
1046,1098,,,,,,,,CIOZZKWTAZ
1047,1099,,,,,,,,CIQMRXKKFP
1048,1100,,,,,,,,CIXJAJBIUM
1049,1102,,,,,,,,CIXKQEUISQ
1050,1103,,,,,,,,CIYRKWFCXB
1051,1105,,,,,,,,CIZVFVPDDC
1052,1106,,,,,,,,CJBRMLEKNK
1053,1107,,,,,,,,CJFXKDQDVH
1054,1108,,,,,,,,CJJKHIGUUL
1055,1109,,,,,,,,CJKAKDKYYP
1056,1110,,,,,,,,CJLCZJWFPZ
1057,1111,,,,,,,,CJLGGTXLXV
1058,1112,,,,,,,,CJLQTGALQX
1059,1113,,,,,,,,CJMVZFCQRS
1060,1114,,,,,,,,CJPOEIUTFT
1061,1115,,,,,,,,CJQQCRKWNR
1062,1116,,,,,,,,CJQVVVEAFT
1063,1117,,,,,,,,CJRJOTTDLV
1064,1118,,,,,,,,CJRQGWTDCS
1065,1119,,,,,,,,CJRWTACTLE
1066,1120,,,,,,,,CJTGWGXCLD
1067,1122,,,,,,,,CJTSQKWVIE
1068,1123,,,,,,,,CJUVQIDPDK
1069,1124,,,,,,,,CJVHKBASLT
1070,1125,,,,,,,,CJXEGIFULR
1071,1126,,,,,,,,CKBBRTHUXS
1072,1127,,,,,,,,CKBHKAMAWF
1073,1128,,,,,,,,CKBWQKSODK
1074,1129,,,,,,,,CKCOSFTORB
1075,1130,,,,,,,,CKEAHNONNB
1076,1131,,,,,,,,CKEUUUFUFN
1077,1132,,,,,,,,CKEZDLQDHG
1078,1133,,,,,,,,CKGPWRTAJF
1079,1134,,,,,,,,CKGTJNPLXJ
1080,1135,,,,,,,,CKICBQIVGO
1081,1136,,,,,,,,CKKNFWAUIO
1082,1137,,,,,,,,CKLIRHCYRY
1083,1138,,,,,,,,CKQMREJVLW
1084,1139,,,,,,,,CKSBLSAACM
1085,1140,,,,,,,,CKVQFWWWWY
1086,1141,,,,,,,,CKWIGYQOYV
1087,1142,,,,,,,,CKXOYDCKIX
1088,1143,,,,,,,,CKYOASIWDN
1089,1144,,,,,,,,CLFMZGKBCX
1090,1145,,,,,,,,CLIKWVGJCU
1091,1146,,,,,,,,CLJXHUOTNS
1092,1147,,,,,,,,CLMWNFMCPL
1093,1148,,,,,,,,CLQRMYEYZJ
1094,1149,,,,,,,,CLRMCWQXPY
1095,1150,,,,,,,,CLTRDUODLA
1096,1151,,,,,,,,CLYLQBATJZ
1097,1152,,,,,,,,CLYUTKFOSL
1098,1153,,,,,,,,CMALVVLHVA
1099,1154,,,,,,,,CMBPFPRXQF
1100,1155,,,,,,,,CMCCCPACNJ
1101,1156,,,,,,,,CMDLWSPMOC
1102,1157,,,,,,,,CMFXWRQHOA
1103,1158,,,,,,,,CMKJNOOXVB
1104,1159,,,,,,,,CMKPFIAKCW
1105,1160,,,,,,,,CMLEBNZBVN
1106,1161,,,,,,,,CMNXJCHIIP
1107,1162,,,,,,,,CMOSWGLRRV
1108,1163,,,,,,,,CMQCEMNQDI
1109,1164,,,,,,,,CMRDMTZINL
1110,1165,,,,,,,,CMRGDHXBOJ
1111,1166,,,,,,,,CMRSEYDUVF
1112,1167,,,,,,,,CMUKBYDHPZ
1113,1168,,,,,,,,CMVMLBXEEP
1114,1169,,,,,,,,CMVPGDBIRV
1115,1170,,,,,,,,CMWRDXQKJG
1116,1172,,,,,,,,CNAPIWPXDJ
1117,1173,,,,,,,,CNBNDYVTIS
1118,1174,,,,,,,,CNCEUMRVGN
1119,1175,,,,,,,,CNCPUXRBEB
1120,1176,,,,,,,,CNFEIBMXGV
1121,1177,,,,,,,,CNFMTURVSJ
1122,1178,,,,,,,,CNFYRNTQWA
1123,1179,,,,,,,,CNGHVSGEHT
1124,1181,,,,,,,,CNGSSVWQCR
1125,1182,,,,,,,,CNIPQQASBS
1126,1183,,,,,,,,CNJXQAOGBF
1127,1184,,,,,,,,CNKVFBNDFT
1128,1185,,,,,,,,CNKVNFRBSZ
1129,1186,,,,,,,,CNMMNGMJOR
1130,1187,,,,,,,,CNMXFDKUGP
1131,1188,,,,,,,,CNMYAAOJRR
1132,1189,,,,,,,,CNMZLIPEDF
1133,1190,,,,,,,,CNNNGWSFLC
1134,1191,,,,,,,,CNNNKVXVBZ
1135,1192,,,,,,,,CNPPZPHUVC
1136,1193,,,,,,,,CNXVEQQZDT
1137,1194,,,,,,,,CNYLKCYURQ
1138,1195,,,,,,,,CNYUCWXIUL
1139,1198,,,,,,,,CNZTYRRDHY
1140,1199,,,,,,,,CNZYDETMTH
1141,1200,,,,,,,,COCWCZCONN
1142,1201,,,,,,,,CODKMEJCHT
1143,1202,,,,,,,,CODRVMCHBD
1144,1203,,,,,,,,COGAXYVMUI
1145,1204,,,,,,,,COKLEDZZTC
1146,1205,,,,,,,,COLNBAAKVH
1147,1206,,,,,,,,COMNIOPHVT
1148,1207,,,,,,,,COMPDTKJOV
1149,1208,,,,,,,,COOASVHEZB
1150,1210,,,,,,,,COODVDMMLS
1151,1211,,,,,,,,COOSDUFZWH
1152,1212,,,,,,,,COPHYJRPQJ
1153,1213,,,,,,,,COPIWMJTTU
1154,1214,,,,,,,,COQGIQDKJZ
1155,1215,,,,,,,,COSHYXOVUP
1156,1216,,,,,,,,COVAZDHZGU
1157,1217,,,,,,,,COVUDCXLWG
1158,1218,,,,,,,,COYAVGIIHF
1159,1219,,,,,,,,COZGSTINCH
1160,1221,,,,,,,,CPADDAXJVL
1161,1222,,,,,,,,CPAHTCQQGJ
1162,1223,,,,,,,,CPCMJCHQXB
1163,1224,,,,,,,,CPJESSEHWT
1164,1225,,,,,,,,CPKCYQYIID
1165,1226,,,,,,,,CPKXENSMGZ
1166,1227,,,,,,,,CPLOIGAPEJ
1167,1229,,,,,,,,CPLXXFYQAT
1168,1230,,,,,,,,CPMFKKKBMC
1169,1231,,,,,,,,CPMUMNEGMO
1170,1232,,,,,,,,CPNHXQIAHV
1171,1233,,,,,,,,CPOMUHDNVW
1172,1234,,,,,,,,CPPFGEBDZK
1173,1235,,,,,,,,CPRULJMNEQ
1174,1236,,,,,,,,CPSKZRXFKA
1175,1237,,,,,,,,CPUVFUXWWR
1176,1239,,,,,,,,CPVWDABOCS
1177,1240,,,,,,,,CPZRFAUDFJ
1178,1241,,,,,,,,CQBVMFDHUZ
1179,1242,,,,,,,,CQCMUDXNEP
1180,1243,,,,,,,,CQCPGRJQCQ
1181,1244,,,,,,,,CQEDVNXOIU
1182,1245,,,,,,,,CQFOIYVKMS
1183,1246,,,,,,,,CQJOKBAVMQ
1184,1247,,,,,,,,CQLIBDIYXL
1185,1248,,,,,,,,CQNMZGUCVJ
1186,1249,,,,,,,,CQOGTSRHCK
1187,1250,,,,,,,,CQRKAGYAJS
1188,1251,,,,,,,,CQSNPZWGJX
1189,1252,,,,,,,,CQUZLYRMBP
1190,1253,,,,,,,,CQVFFOURFW
1191,1254,,,,,,,,CQXDMRGPDH
1192,1255,,,,,,,,CQXJIKUMEE
1193,1256,,,,,,,,CRAOASIFZU
1194,1257,,,,,,,,CRBXAYIVFK
1195,1258,,,,,,,,CRCAXPMKIH
1196,1259,,,,,,,,CRCIZYDDGW
1197,1260,,,,,,,,CRJUHNYWZX
1198,1261,,,,,,,,CRKEMYLSSW
1199,1262,,,,,,,,CRPIDCEDWS
1200,1263,,,,,,,,CRSSKMRWTV
1201,1264,,,,,,,,CRTUQMKEVO
1202,1265,,,,,,,,CRTWSFCJJR
1203,1266,,,,,,,,CRWLLPNARK
1204,1267,,,,,,,,CRXCQHKSTP
1205,1268,,,,,,,,CSAMXLRQYO
1206,1269,,,,,,,,CSHKNFYKPH
1207,1270,,,,,,,,CSIBPZBGGE
1208,1271,,,,,,,,CSIIRLZNPH
1209,1272,,,,,,,,CSJPCYCENO
1210,1273,,,,,,,,CSJVVCCHNI
1211,1274,,,,,,,,CSNOODQHKV
1212,1275,,,,,,,,CSNTVUCSME
1213,1276,,,,,,,,CSNZRVVFLJ
1214,1278,,,,,,,,CSOOZLPMLD
1215,1279,,,,,,,,CSSGPUDVIM
1216,1280,,,,,,,,CSUAPVXNOD
1217,1281,,,,,,,,CSWFAAPBFO
1218,1282,,,,,,,,CSXBASZMIE
1219,1283,,,,,,,,CSXGVSSOJV
1220,1284,,,,,,,,CSXNJLTKRV
1221,1285,,,,,,,,CSYHNXVUMO
1222,1286,,,,,,,,CTAWSFAGXE
1223,1287,,,,,,,,CTGCAZHQFM
1224,1288,,,,,,,,CTGNPEUQAT
1225,1289,,,,,,,,CTJIHBSGXV
1226,1290,,,,,,,,CTJPLPJCIG
1227,1291,,,,,,,,CTLNXTSNKA
1228,1292,,,,,,,,CTMTUAMCPC
1229,1293,,,,,,,,CTNILAXOVM
1230,1294,,,,,,,,CTNULWABRS
1231,1295,,,,,,,,CTQRHKUXCW
1232,1296,,,,,,,,CTQRQNBFOD
1233,1297,,,,,,,,CTRBWYHPML
1234,1298,,,,,,,,CTRNJOABMO
1235,1299,,,,,,,,CTTBPSFQGY
1236,1300,,,,,,,,CTTOVNPAVI
1237,1301,,,,,,,,CTUDPJHNUL
1238,1302,,,,,,,,CTUILCAPUH
1239,1303,,,,,,,,CTWCIXFHWC
1240,1304,,,,,,,,CTWKCNKYUF
1241,1305,,,,,,,,CTWQGPVKGF
1242,1306,,,,,,,,CTWWFVNKPA
1243,1307,,,,,,,,CTXIVGBWDS
1244,1308,,,,,,,,CTXZCNDXGX
1245,1309,,,,,,,,CTZTXYPDVC
1246,1310,,,,,,,,CUAMADQBRB
1247,1311,,,,,,,,CUAXRLLUVF
1248,1312,,,,,,,,CUBGASWXKK
1249,1313,,,,,,,,CUCAVXIQOK
1250,1314,,,,,,,,CUDZZVPUKG
1251,1315,,,,,,,,CUJWRZUMNC
1252,1316,,,,,,,,CULVDYOFHJ
1253,1317,,,,,,,,CUOGTVGVLJ
1254,1318,,,,,,,,CUQBDWZXOU
1255,1319,,,,,,,,CUQMJBIATK
1256,1320,,,,,,,,CUSAJVIQKP
1257,1321,,,,,,,,CUTRDDPYHL
1258,1322,,,,,,,,CUTSCZDZWQ
1259,1323,,,,,,,,CUXXJVSUNY
1260,1325,,,,,,,,CUYERJLMMA
1261,1326,,,,,,,,CVDLNKPPCO
1262,1327,,,,,,,,CVDUJCGNRJ
1263,1328,,,,,,,,CVHSNGZIVW
1264,1329,,,,,,,,CVINPTSKXN
1265,1330,,,,,,,,CVISVQTDGY
1266,1331,,,,,,,,CVJUVWAQJE
1267,1332,,,,,,,,CVKVGJEZHP
1268,1335,,,,,,,,CVKWHGRTWN
1269,1336,,,,,,,,CVLIHCAPZN
1270,1337,,,,,,,,CVLRPHSLCI
1271,1338,,,,,,,,CVOMAIMMWP
1272,1339,,,,,,,,CVOTRKHJXE
1273,1340,,,,,,,,CVQGXEHXQI
1274,1341,,,,,,,,CVSBRDTYGJ
1275,1342,,,,,,,,CVTZBRTCLI
1276,1343,,,,,,,,CVVCEDYANY
1277,1344,,,,,,,,CVVEQKBTDY
1278,1345,,,,,,,,CVXWXWYATY
1279,1346,,,,,,,,CVZAUWHCRF
1280,1347,,,,,,,,CWBIKVNPPX
1281,1349,,,,,,,,CWCSSRVFRU
1282,1350,,,,,,,,CWDPPGXZCV
1283,1351,,,,,,,,CWGZETVBYU
1284,1352,,,,,,,,CWHXKIKNAF
1285,1353,,,,,,,,CWIOAXPKYR
1286,1354,,,,,,,,CWJYXJCKEV
1287,1355,,,,,,,,CWNJBREIQU
1288,1356,,,,,,,,CWONNOMACJ
1289,1357,,,,,,,,CWPOUDYMXJ
1290,1358,,,,,,,,CWUCROXCKU
1291,1359,,,,,,,,CWXPWCJTWU
1292,1360,,,,,,,,CWXTPVZYYX
1293,1361,,,,,,,,CWZXLFAOYU
1294,1362,,,,,,,,CXAGGSHZNB
1295,1363,,,,,,,,CXCJXVKJWI
1296,1364,,,,,,,,CXCKYOSLQU
1297,1365,,,,,,,,CXCLACMHPP
1298,1366,,,,,,,,CXCOYPQIOW
1299,1367,,,,,,,,CXGNSWATFC
1300,1368,,,,,,,,CXHAAZCQBT
1301,1369,,,,,,,,CXJXNCSSHG
1302,1371,,,,,,,,CXMZTURZIM
1303,1372,,,,,,,,CXPLOMILSA
1304,1373,,,,,,,,CXPYJCJUWP
1305,1374,,,,,,,,CXQEAZTYGL
1306,1375,,,,,,,,CXQPVSSRRB
1307,1376,,,,,,,,CXRYBJQUZJ
1308,1377,,,,,,,,CXSOMKKWFR
1309,1378,,,,,,,,CXUUCQWNNU
1310,1379,,,,,,,,CXVWEFLDXI
1311,1380,,,,,,,,CXXPPNMNPH
1312,1381,,,,,,,,CXXQLRLVKZ
1313,1383,,,,,,,,CXXUHBLFUT
1314,1384,,,,,,,,CXYEVOBNFJ
1315,1385,,,,,,,,CXYJMJQYMX
1316,1386,,,,,,,,CYAEDHBNDG
1317,1387,,,,,,,,CYBJFLAPBI
1318,1389,,,,,,,,CYDDVWAEOE
1319,1390,,,,,,,,CYDJIYFEXT
1320,1391,,,,,,,,CYHDZVQUGY
1321,1392,,,,,,,,CYKOEPSGQY
1322,1393,,,,,,,,CYLYITSAQY
1323,1394,,,,,,,,CYNPIDBOAH
1324,1395,,,,,,,,CYOEMXTHWP
1325,1396,,,,,,,,CYOILUYCQH
1326,1397,,,,,,,,CYPDWXUHHG
1327,1398,,,,,,,,CYRHRXEBLX
1328,1399,,,,,,,,CYUWYMSRTR
1329,1400,,,,,,,,CYVOMKEVIW
1330,1401,,,,,,,,CYWBGMSBBF
1331,1402,,,,,,,,CYYUONUKHF
1332,1403,,,,,,,,CZCWXURJZA
1333,1404,,,,,,,,CZJXLTKGFR
1334,1405,,,,,,,,CZKDLCMQFO
1335,1406,,,,,,,,CZNJHKWNSM
1336,1407,,,,,,,,CZQFRJIYDU
1337,1408,,,,,,,,CZQQICLRGC
1338,1409,,,,,,,,CZSYWRCHAE
1339,1410,,,,,,,,CZSZSTVBMW
1340,1411,,,,,,,,CZUIPAJKWJ
1341,1412,,,,,,,,CZUMBSJDSZ
1342,1413,,,,,,,,CZVFHNMVIG
1343,1414,,,,,,,,CZVKDNIWVH
1344,1415,,,,,,,,CZVZHLBZOP
1345,1416,,,,,,,,CZWDIPNQCA
1346,1417,,,,,,,,CZWHKTCMPH
1347,1418,,,,,,,,CZWQRQTRBC
1348,1419,,,,,,,,CZWTRCKQWJ
1349,1420,,,,,,,,CZXUXVUJEL
1350,1421,,,,,,,,CZZOSZWVNK
1351,1422,,,,,,,,DAAOGRSWKO
1352,1423,,,,,,,,DABOAFDXJR
1353,1426,,,,,,,,DADSWISRDQ
1354,1428,,,,,,,,DAIMPDERJK
1355,1429,,,,,,,,DAJBBNGEUJ
1356,1430,,,,,,,,DAJJXDCWKW
1357,1431,,,,,,,,DAJQBSMNNO
1358,1432,,,,,,,,DAKDGKNZUT
1359,1433,,,,,,,,DAKKNIKEBB
1360,1434,,,,,,,,DAMLTXXHDA
1361,1435,,,,,,,,DAMPOGGEGC
1362,1436,,,,,,,,DANCATZWMN
1363,1437,,,,,,,,DAPNELBWAB
1364,1438,,,,,,,,DAQEQTTVQY
1365,1439,,,,,,,,DAQPMWMZYS
1366,1441,,,,,,,,DARFBIVEOK
1367,1442,,,,,,,,DARZVMHMLW
1368,1443,,,,,,,,DASPVBQIKK
1369,1444,,,,,,,,DAWKYXENMT
1370,1445,,,,,,,,DAXEFZUJBE
1371,1446,,,,,,,,DAZFAWUETA
1372,1447,,,,,,,,DAZVFCVSIP
1373,1448,,,,,,,,DBAFTOJTZS
1374,1449,,,,,,,,DBBOYXDXCL
1375,1450,,,,,,,,DBDIXUKHCJ
1376,1451,,,,,,,,DBDZRYMGSL
1377,1452,,,,,,,,DBGGTLGAJH
1378,1453,,,,,,,,DBGRGYJTBI
1379,1454,,,,,,,,DBJOLXNESR
1380,1455,,,,,,,,DBLHMLBTXL
1381,1456,,,,,,,,DBLYCDSHLM
1382,1457,,,,,,,,DBMQVILOCG
1383,1458,,,,,,,,DBNPTKRCHC
1384,1459,,,,,,,,DBNUPWHQVW
1385,1460,,,,,,,,DBOUHPTNWC
1386,1461,,,,,,,,DBRKSWZAMI
1387,1462,,,,,,,,DBSPJHDAEM
1388,1463,,,,,,,,DBTWSWCWUH
1389,1465,,,,,,,,DBUYOOXBUT
1390,1467,,,,,,,,DBXUPOFTZP
1391,1468,,,,,,,,DCAEOPMFDA
1392,1469,,,,,,,,DCGUGSNLAI
1393,1470,,,,,,,,DCINBHNHJE
1394,1471,,,,,,,,DCISBKEHLM
1395,1472,,,,,,,,DCJFAVZEWB
1396,1473,,,,,,,,DCJHCDCQEB
1397,1474,,,,,,,,DCLPZNHAEZ
1398,1475,,,,,,,,DCNZAPNEYC
1399,1476,,,,,,,,DCPCBJDGNA
1400,1477,,,,,,,,DCPRVJRRCO
1401,1478,,,,,,,,DCPZUJONHL
1402,1479,,,,,,,,DCQVRANWHH
1403,1480,,,,,,,,DCQXCUGDAI
1404,1481,,,,,,,,DCQXYVRYSZ
1405,1482,,,,,,,,DCTOQRHMJE
1406,1483,,,,,,,,DCUMCVHTYG
1407,1484,,,,,,,,DCWZCJBPHY
1408,1485,,,,,,,,DCXQXCKBXK
1409,1486,,,,,,,,DCYUIGODMU
1410,1487,,,,,,,,DDCILAYYFO
1411,1488,,,,,,,,DDFDLKZSFX
1412,1489,,,,,,,,DDGBDBMDNU
1413,1490,,,,,,,,DDHEHZJPWI
1414,1491,,,,,,,,DDHKELVDAF
1415,1492,,,,,,,,DDILBMADDQ
1416,1493,,,,,,,,DDODPQCRUA
1417,1494,,,,,,,,DDOELCYWRC
1418,1495,,,,,,,,DDOOPGRHAQ
1419,1496,,,,,,,,DDPTGQIQWT
1420,1497,,,,,,,,DDQIKWRZDJ
1421,1498,,,,,,,,DDQMLAMHMO
1422,1499,,,,,,,,DDUIZPOOZK
1423,1500,,,,,,,,DDUUCIWXSX
1424,1501,,,,,,,,DDVNFBYRLL
1425,1502,,,,,,,,DDVWLYNEMP
1426,1503,,,,,,,,DDVZWNKCDU
1427,1504,,,,,,,,DDWZWIDLSA
1428,1505,,,,,,,,DDYJBXLCIS
1429,1506,,,,,,,,DEAWYYJKGJ
1430,1507,,,,,,,,DECGSJHVOT
1431,1508,,,,,,,,DECLAFSWWJ
1432,1509,,,,,,,,DEEDKDNCCV
1433,1510,,,,,,,,DEEEWCFWJZ
1434,1511,,,,,,,,DEFCDZVBZE
1435,1513,,,,,,,,DEGZJMUPSD
1436,1514,,,,,,,,DEIHQQKSFJ
1437,1515,,,,,,,,DEJBHRQZJD
1438,1516,,,,,,,,DEJOLBEAPT
1439,1517,,,,,,,,DELEIOURQE
1440,1518,,,,,,,,DELHTAYWUM
1441,1519,,,,,,,,DELHYWWJDA
1442,1520,,,,,,,,DENIQVTBTE
1443,1521,,,,,,,,DENPEXLCGY
1444,1522,,,,,,,,DEPULEWUCZ
1445,1523,,,,,,,,DEQHWSXJBZ
1446,1524,,,,,,,,DESIMKOMNP
1447,1525,,,,,,,,DESWCPDDNA
1448,1526,,,,,,,,DETSOOTMTR
1449,1527,,,,,,,,DEUJQONPFO
1450,1528,,,,,,,,DEXADEXXGD
1451,1529,,,,,,,,DEXIQJBGBQ
1452,1530,,,,,,,,DEXVZDFNRI
1453,1531,,,,,,,,DFBYRYKACR
1454,1532,,,,,,,,DFCKEKSWYQ
1455,1533,,,,,,,,DFDFITVKYK
1456,1534,,,,,,,,DFEAJEQZPR
1457,1535,,,,,,,,DFESMERZAY
1458,1536,,,,,,,,DFHTXINCLP
1459,1537,,,,,,,,DFLIKELRFI
1460,1538,,,,,,,,DFLMWWNBVY
1461,1539,,,,,,,,DFLRWQLOIO
1462,1540,,,,,,,,DFMDWZIPLG
1463,1541,,,,,,,,DFMLAHDFGI
1464,1542,,,,,,,,DFNDWVMRPP
1465,1543,,,,,,,,DFNECSNSKI
1466,1545,,,,,,,,DFQJENGJJL
1467,1546,,,,,,,,DFSUMGNCSD
1468,1547,,,,,,,,DFTXRDDCHH
1469,1548,,,,,,,,DFUOOFGSWP
1470,1549,,,,,,,,DFXVFDHCLQ
1471,1551,,,,,,,,DFZUECACTO
1472,1552,,,,,,,,DGAPGEYTOJ
1473,1553,,,,,,,,DGCFKWDRJE
1474,1554,,,,,,,,DGDWVAUZGN
1475,1555,,,,,,,,DGKJLUSSTO
1476,1556,,,,,,,,DGKKRFRFWB
1477,1557,,,,,,,,DGLWIWGEAV
1478,1558,,,,,,,,DGMHNOSPAR
1479,1559,,,,,,,,DGNEWRFDFM
1480,1560,,,,,,,,DGNZITQOZU
1481,1561,,,,,,,,DGSQSVPPBU
1482,1562,,,,,,,,DGTXJMGFUU
1483,1563,,,,,,,,DGWEDXFXBY
1484,1564,,,,,,,,DGZOLTZPYY
1485,1565,,,,,,,,DHALYKKTDV
1486,1566,,,,,,,,DHDJWACAGN
1487,1567,,,,,,,,DHDOEJEPPM
1488,1568,,,,,,,,DHEIIRHBTB
1489,1569,,,,,,,,DHFMHOVGAV
1490,1570,,,,,,,,DHFMMSLBRK
1491,1571,,,,,,,,DHFYURMOEM
1492,1572,,,,,,,,DHHLULPJTQ
1493,1573,,,,,,,,DHJNIXWZIZ
1494,1574,,,,,,,,DHJWISTHXC
1495,1575,,,,,,,,DHKTVUNNUJ
1496,1576,,,,,,,,DHMDVHCSXO
1497,1577,,,,,,,,DHNLVMLKVE
1498,1578,,,,,,,,DHOFXOJUOJ
1499,1579,,,,,,,,DHPDOUSVLB
1500,1580,,,,,,,,DHRQCMLNQM
1501,1581,,,,,,,,DHSDDIQPQU
1502,1582,,,,,,,,DHSKWPYDQT
1503,1583,,,,,,,,DHSTTBSLPK
1504,1585,,,,,,,,DHYOUDYGWD
1505,1586,,,,,,,,DHYYEISNMF
1506,1587,,,,,,,,DIAMTBOUST
1507,1588,,,,,,,,DICEOFHERD
1508,1589,,,,,,,,DICVSVGRUI
1509,1590,,,,,,,,DIDAARVHCY
1510,1592,,,,,,,,DIEBKIQXIE
1511,1593,,,,,,,,DIEZTZTLQO
1512,1594,,,,,,,,DIFAJQIVVY
1513,1595,,,,,,,,DIGVDZGPEM
1514,1596,,,,,,,,DIHYBREBOI
1515,1597,,,,,,,,DIJXEDRYOS
1516,1598,,,,,,,,DIKIPERNSN
1517,1599,,,,,,,,DIKOOBEOWM
1518,1600,,,,,,,,DINLQEKUIG
1519,1601,,,,,,,,DIOXHHUTJN
1520,1602,,,,,,,,DIRJWDVRTI
1521,1603,,,,,,,,DIRZDNHIIJ
1522,1604,,,,,,,,DIWXGIELPI
1523,1605,,,,,,,,DIYBNBNYQX
1524,1606,,,,,,,,DIYSLLCNKI
1525,1607,,,,,,,,DIZAWMJVBM
1526,1608,,,,,,,,DIZUQQWZVD
1527,1609,,,,,,,,DIZVUCIXFY
1528,1610,,,,,,,,DJAUHZWLKY
1529,1611,,,,,,,,DJBGBJENLE
1530,1612,,,,,,,,DJCUUWTCOT
1531,1613,,,,,,,,DJEALFKUOZ
1532,1614,,,,,,,,DJEZOSSQHD
1533,1615,,,,,,,,DJLTPNEAVB
1534,1617,,,,,,,,DJLVPOOGAJ
1535,1618,,,,,,,,DJMFPNNZPD
1536,1619,,,,,,,,DJOAUHOSLK
1537,1620,,,,,,,,DJPIWQFOYE
1538,1621,,,,,,,,DJPWIEOCIS
1539,1622,,,,,,,,DJQRDCCGDE
1540,1624,,,,,,,,DJRJKEBERP
1541,1625,,,,,,,,DJRTPKLTSN
1542,1626,,,,,,,,DJSIAJNOVS
1543,1627,,,,,,,,DKBMXACNRB
1544,1628,,,,,,,,DKBYBGODOX
1545,1629,,,,,,,,DKCGNTXQEM
1546,1630,,,,,,,,DKDHYYCHGY
1547,1631,,,,,,,,DKDQBFECJJ
1548,1632,,,,,,,,DKEQIJFCBO
1549,1633,,,,,,,,DKEWMFJLDR
1550,1634,,,,,,,,DKEZPQOXOA
1551,1635,,,,,,,,DKKQATLGKB
1552,1636,,,,,,,,DKODORICEG
1553,1637,,,,,,,,DKTCULLMDP
1554,1639,,,,,,,,DKUBLXTDHJ
1555,1640,,,,,,,,DLAGTTYUOP
1556,1641,,,,,,,,DLAYMHOMDX
1557,1642,,,,,,,,DLCPIBWANN
1558,1643,,,,,,,,DLCQTBJBOO
1559,1644,,,,,,,,DLDWGVGYYJ
1560,1645,,,,,,,,DLEEBTIUAO
1561,1646,,,,,,,,DLGWZPMZYG
1562,1647,,,,,,,,DLIBPQHLYE
1563,1648,,,,,,,,DLIHREDOSM
1564,1649,,,,,,,,DLJWBOWIJJ
1565,1650,,,,,,,,DLKKSGNZXT
1566,1651,,,,,,,,DLMBXPSIGW
1567,1652,,,,,,,,DLOHSRXRMY
1568,1653,,,,,,,,DLQPOFXJPA
1569,1654,,,,,,,,DLQXTHXVZJ
1570,1655,,,,,,,,DLRABRJGCT
1571,1656,,,,,,,,DLSQIPJCPX
1572,1657,,,,,,,,DLTMJAGARI
1573,1658,,,,,,,,DLUBYWKHMI
1574,1659,,,,,,,,DLVODZPRHG
1575,1660,,,,,,,,DLXWTFIQWQ
1576,1661,,,,,,,,DLYHQHWRXD
1577,1662,,,,,,,,DMAJFNPABL
1578,1663,,,,,,,,DMAMZYYJVB
1579,1665,,,,,,,,DMCLCCQSOH
1580,1666,,,,,,,,DMESDWYTFQ
1581,1667,,,,,,,,DMFEKUUNVN
1582,1668,,,,,,,,DMHMMMYBLQ
1583,1669,,,,,,,,DMIUYWKJSQ
1584,1670,,,,,,,,DMJVWVDSRB
1585,1671,,,,,,,,DMKETYOLOT
1586,1672,,,,,,,,DMLDMFQMZX
1587,1673,,,,,,,,DMMLDWJWEU
1588,1674,,,,,,,,DMOOTEIIZZ
1589,1675,,,,,,,,DMPJFDOFZJ
1590,1676,,,,,,,,DMPLKGLZUM
1591,1677,,,,,,,,DMVTBTYRAC
1592,1678,,,,,,,,DMVUKCOSZB
1593,1679,,,,,,,,DMXVFXKTKB
1594,1680,,,,,,,,DMYOAQOZBD
1595,1682,,,,,,,,DNGAQVVEDN
1596,1683,,,,,,,,DNHPAKJOTZ
1597,1684,,,,,,,,DNKZLATMMY
1598,1685,,,,,,,,DNLAVVFDAC
1599,1686,,,,,,,,DNLFPKHEEB
1600,1687,,,,,,,,DNLVZVMUNG
1601,1688,,,,,,,,DNNIEYNGDW
1602,1689,,,,,,,,DNPDNUQBOJ
1603,1690,,,,,,,,DNPRHBYBDQ
1604,1691,,,,,,,,DNSSKMYLYY
1605,1692,,,,,,,,DNSWPYPGKN
1606,1693,,,,,,,,DNVELUFMKS
1607,1694,,,,,,,,DNZUNJVFCA
1608,1695,,,,,,,,DNZYBFEQQX
1609,1696,,,,,,,,DOAPDMZGJR
1610,1697,,,,,,,,DOBEMNHOIN
1611,1699,,,,,,,,DOBGDUOWRM
1612,1701,,,,,,,,DOCRQVFMKQ
1613,1702,,,,,,,,DODAAYGQUV
1614,1703,,,,,,,,DODFPJJPBC
1615,1704,,,,,,,,DOFDPBHCXJ
1616,1705,,,,,,,,DOGQIJCDJE
1617,1706,,,,,,,,DOHFXZGVHG
1618,1707,,,,,,,,DOIPWCZXQJ
1619,1708,,,,,,,,DOKJWLIUTG
1620,1709,,,,,,,,DOKUSCZWXZ
1621,1710,,,,,,,,DOKXIJGBRC
1622,1711,,,,,,,,DORHBMZYJD
1623,1712,,,,,,,,DORSQKGLQD
1624,1713,,,,,,,,DOTUPRALTM
1625,1714,,,,,,,,DOWLVYREJN
1626,1716,,,,,,,,DOXABJMRJC
1627,1717,,,,,,,,DPBBOHDAWE
1628,1719,,,,,,,,DPBFLJXYBO
1629,1720,,,,,,,,DPBWSKSDFR
1630,1721,,,,,,,,DPHXOELAVG
1631,1722,,,,,,,,DPJRGIXXQO
1632,1723,,,,,,,,DPKLSDNWPQ
1633,1724,,,,,,,,DPLEJSQVLG
1634,1725,,,,,,,,DPMGZUQRTD
1635,1726,,,,,,,,DPMTFRIGFW
1636,1728,,,,,,,,DPMYZYLIZA
1637,1729,,,,,,,,DPNZUTMZKT
1638,1730,,,,,,,,DPOPVJTDYU
1639,1731,,,,,,,,DPPFRZWOON
1640,1732,,,,,,,,DPPVGLIHPY
1641,1733,,,,,,,,DPQDFRMACL
1642,1734,,,,,,,,DPQSHBGZDG
1643,1735,,,,,,,,DPSDTZGHJD
1644,1736,,,,,,,,DPWLYCQRZM
1645,1737,,,,,,,,DPYEGENIXF
1646,1738,,,,,,,,DPZDWMXKRZ
1647,1739,,,,,,,,DPZFSMTYWL
1648,1740,,,,,,,,DPZJIIEDTF
1649,1741,,,,,,,,DPZQXRSQYD
1650,1742,,,,,,,,DQBBZCLEKF
1651,1743,,,,,,,,DQBICLFWFB
1652,1744,,,,,,,,DQDFQJFORJ
1653,1745,,,,,,,,DQFBXRRFBE
1654,1746,,,,,,,,DQGCVTIOZA
1655,1747,,,,,,,,DQHFFMSNXD
1656,1748,,,,,,,,DQJXPVTIWZ
1657,1749,,,,,,,,DQKUITCEVU
1658,1750,,,,,,,,DQKVIXBCRB
1659,1751,,,,,,,,DQMOPMWFPG
1660,1752,,,,,,,,DQNNDIJJDL
1661,1753,,,,,,,,DQOVWOUOVO
1662,1755,,,,,,,,DQTNBVTVWK
1663,1757,,,,,,,,DQYNCFTLGX
1664,1758,,,,,,,,DQZDUELFLG
1665,1759,,,,,,,,DQZXXRROZA
1666,1760,,,,,,,,DRANGFUIED
1667,1761,,,,,,,,DRBJMWCTPC
1668,1762,,,,,,,,DREDMBMPYM
1669,1763,,,,,,,,DREWEEIBVY
1670,1764,,,,,,,,DRJINFASWE
1671,1765,,,,,,,,DROYVMBFGK
1672,1766,,,,,,,,DRQKUQBLYR
1673,1767,,,,,,,,DRQQLARXFK
1674,1768,,,,,,,,DRQVAEGDZB
1675,1769,,,,,,,,DRSCZCOXVV
1676,1770,,,,,,,,DRSWEMFULU
1677,1771,,,,,,,,DRTLSAHVQB
1678,1772,,,,,,,,DRXIOXVJLU
1679,1774,,,,,,,,DRXKWNUYHP
1680,1775,,,,,,,,DRXVOVFGEC
1681,1776,,,,,,,,DRYIZKJJHZ
1682,1777,,,,,,,,DRYPINHPXB
1683,1778,,,,,,,,DSCDRRPAWG
1684,1779,,,,,,,,DSCGRUHWNR
1685,1780,,,,,,,,DSEMPUSRUS
1686,1781,,,,,,,,DSJLJHUZQM
1687,1782,,,,,,,,DSJTTHBCTL
1688,1783,,,,,,,,DSKJKLOEVP
1689,1784,,,,,,,,DSLZDHKWHP
1690,1785,,,,,,,,DSMDIAUJLE
1691,1786,,,,,,,,DSMNOIMLXL
1692,1787,,,,,,,,DSNRRRQTUO
1693,1788,,,,,,,,DSODAGXJXZ
1694,1789,,,,,,,,DSPEEGJGZM
1695,1790,,,,,,,,DSQIAWGTPE
1696,1791,,,,,,,,DSRGYUFDMS
1697,1792,,,,,,,,DSUYFXREVY
1698,1793,,,,,,,,DSUZSKVONE
1699,1794,,,,,,,,DSVHZOHLYM
1700,1795,,,,,,,,DSXYYZMFVK
1701,1796,,,,,,,,DTBMYGDJZF
1702,1797,,,,,,,,DTBNOUQMKJ
1703,1798,,,,,,,,DTMCATWECE
1704,1799,,,,,,,,DTMXRLUBBO
1705,1801,,,,,,,,DTNKHTUKVK
1706,1802,,,,,,,,DTOMJPRZQT
1707,1803,,,,,,,,DTTDMODLBL
1708,1804,,,,,,,,DTTDQXBCPA
1709,1805,,,,,,,,DTTSPQPNXJ
1710,1806,,,,,,,,DTUFAVWZCM
1711,1807,,,,,,,,DTYMYMAXBV
1712,1808,,,,,,,,DTYRGVFMCK
1713,1809,,,,,,,,DTYVTEHPPT
1714,1810,,,,,,,,DUCIULRGXP
1715,1811,,,,,,,,DUCXIBGBHD
1716,1812,,,,,,,,DUFDNQWJWI
1717,1813,,,,,,,,DUGFGYKWQV
1718,1814,,,,,,,,DUHGAKGTMI
1719,1816,,,,,,,,DUHMDQYNXR
1720,1817,,,,,,,,DUHXORONYR
1721,1818,,,,,,,,DUHYNINXIT
1722,1819,,,,,,,,DUJHSBKNCT
1723,1820,,,,,,,,DULJJXUCGP
1724,1821,,,,,,,,DULKDZXFWC
1725,1822,,,,,,,,DUNFDNCKWM
1726,1823,,,,,,,,DUNSFBIMWC
1727,1824,,,,,,,,DUTKTSENUZ
1728,1825,,,,,,,,DUUHKSIWVZ
1729,1826,,,,,,,,DUUZAZIEQS
1730,1828,,,,,,,,DUWNGHGQSG
1731,1829,,,,,,,,DUXLLGNUWG
1732,1831,,,,,,,,DUYJGAMSJB
1733,1832,,,,,,,,DVBGOGREQC
1734,1833,,,,,,,,DVCQEWHVPY
1735,1834,,,,,,,,DVERMSJMZR
1736,1835,,,,,,,,DVHCRZVFZP
1737,1836,,,,,,,,DVHOSKPUZV
1738,1837,,,,,,,,DVOJNYDAEA
1739,1838,,,,,,,,DVOSJGEAAX
1740,1839,,,,,,,,DVPYVJZARY
1741,1840,,,,,,,,DVQLNMPFWQ
1742,1841,,,,,,,,DVQRNXYTTB
1743,1842,,,,,,,,DVRKJLVCCK
1744,1843,,,,,,,,DVRQFSBYLU
1745,1844,,,,,,,,DVSBBUVEEX
1746,1845,,,,,,,,DVTPMWTVKT
1747,1846,,,,,,,,DVUMIIAEVZ
1748,1847,,,,,,,,DVVIZQSFSE
1749,1848,,,,,,,,DVWEZJGOBO
1750,1849,,,,,,,,DVYMVSREBI
1751,1850,,,,,,,,DWBTSKPSSO
1752,1851,,,,,,,,DWDLBQRRMK
1753,1852,,,,,,,,DWDWHCWYGE
1754,1853,,,,,,,,DWHIOYBDKW
1755,1854,,,,,,,,DWJNPCVIRB
1756,1855,,,,,,,,DWJQWZYQSK
1757,1856,,,,,,,,DWJZHZHFCR
1758,1857,,,,,,,,DWKRINHISC
1759,1858,,,,,,,,DWOXJWOOWT
1760,1859,,,,,,,,DWQGOSXCCE
1761,1860,,,,,,,,DWSUFLLDQD
1762,1861,,,,,,,,DWTPUTCLZL
1763,1862,,,,,,,,DWWAWBBDVY
1764,1863,,,,,,,,DWXIZCCODL
1765,1865,,,,,,,,DWXLPNJUOY
1766,1866,,,,,,,,DWYVEJRRSW
1767,1867,,,,,,,,DXBMGYBHQT
1768,1868,,,,,,,,DXCEMNCEPK
1769,1869,,,,,,,,DXDGZUZKUR
1770,1870,,,,,,,,DXDNVEDFOF
1771,1871,,,,,,,,DXEZCCUYSY
1772,1872,,,,,,,,DXFOOXIIST
1773,1873,,,,,,,,DXHNUSFNRX
1774,1874,,,,,,,,DXISIYZKNC
1775,1875,,,,,,,,DXJKNJQYRV
1776,1876,,,,,,,,DXJVRSQXJM
1777,1877,,,,,,,,DXJXNFUXNB
1778,1878,,,,,,,,DXKPNYHZWP
1779,1879,,,,,,,,DXPKPMPXVS
1780,1880,,,,,,,,DXSAVLEIHV
1781,1881,,,,,,,,DXSJOAYTFM
1782,1882,,,,,,,,DXSTTSBXWE
1783,1883,,,,,,,,DXTHNNUKHO
1784,1884,,,,,,,,DXXDSOIOZU
1785,1885,,,,,,,,DYAJOFMVZT
1786,1886,,,,,,,,DYAMTJKCYX
1787,1887,,,,,,,,DYBKAERAVL
1788,1888,,,,,,,,DYCMOGGLWZ
1789,1890,,,,,,,,DYCWECLUPT
1790,1891,,,,,,,,DYEGPKUUKT
1791,1892,,,,,,,,DYHHKUTRFK
1792,1893,,,,,,,,DYJCXQOKJO
1793,1894,,,,,,,,DYKBAKCOVP
1794,1895,,,,,,,,DYLREWLFRR
1795,1896,,,,,,,,DYMLKXPOCN
1796,1897,,,,,,,,DYMOTMALAX
1797,1898,,,,,,,,DYOJWMPKKN
1798,1899,,,,,,,,DYPKHGYXBA
1799,1900,,,,,,,,DYPKKNTZEI
1800,1901,,,,,,,,DYPNALMNSK
1801,1902,,,,,,,,DYRCPSOKRA
1802,1903,,,,,,,,DYSKIZMJFA
1803,1904,,,,,,,,DYSUZSFLAP
1804,1905,,,,,,,,DYTPERKCUL
1805,1907,,,,,,,,DYXBDHIGFC
1806,1908,,,,,,,,DYXPUNRVOE
1807,1909,,,,,,,,DYZGJOBFIS
1808,1910,,,,,,,,DYZWGJDTFT
1809,1911,,,,,,,,DZAMGGUVEI
1810,1913,,,,,,,,DZDBBPIBKR
1811,1914,,,,,,,,DZEUWDYSNS
1812,1915,,,,,,,,DZGLIQPQPF
1813,1916,,,,,,,,DZHRXLLLFY
1814,1917,,,,,,,,DZHTRLDBIX
1815,1918,,,,,,,,DZICKADADT
1816,1919,,,,,,,,DZIMKZZWAC
1817,1920,,,,,,,,DZJAMOZNRS
1818,1921,,,,,,,,DZJZDPVWXB
1819,1922,,,,,,,,DZLHVYHQGM
1820,1923,,,,,,,,DZPPFPZQOP
1821,1924,,,,,,,,DZRUVRWOYK
1822,1925,,,,,,,,DZSDXAFPQO
1823,1926,,,,,,,,DZVLHHJWQQ
1824,1927,,,,,,,,DZVSFZOYRE
1825,1928,,,,,,,,DZXEGLZEFN
1826,1929,,,,,,,,DZYSEMNHRS
1827,1930,,,,,,,,DZYSVLXJYC
1828,1931,,,,,,,,DZZRNKMGIG
1829,1932,,,,,,,,EAAJGJTVAE
1830,1933,,,,,,,,EADUOEADXT
1831,1934,,,,,,,,EAFAGAPLXC
1832,1935,,,,,,,,EAFMSHPICZ
1833,1936,,,,,,,,EAGKRTIJYN
1834,1937,,,,,,,,EAKLKRUAXJ
1835,1938,,,,,,,,EAKYKORHUI
1836,1939,,,,,,,,EAPRCDTQJP
1837,1940,,,,,,,,EAQZNGXPOM
1838,1941,,,,,,,,EARHQKIJGH
1839,1942,,,,,,,,EATBCQXZIO
1840,1943,,,,,,,,EAVWNDHYOR
1841,1944,,,,,,,,EAYMJUMHQH
1842,1945,,,,,,,,EAZRMZJPXS
1843,1946,,,,,,,,EBAGMAMOTW
1844,1947,,,,,,,,EBHUZZTPZK
1845,1948,,,,,,,,EBJVCQAMWG
1846,1949,,,,,,,,EBMNSNVZUG
1847,1950,,,,,,,,EBOIPQUTNX
1848,1951,,,,,,,,EBPRVTJGBE
1849,1952,,,,,,,,EBQUKZINNP
1850,1953,,,,,,,,EBTNEJARTY
1851,1955,,,,,,,,EBTOSPHSID
1852,1956,,,,,,,,EBWZYCKBBB
1853,1957,,,,,,,,EBXDUNOSNI
1854,1958,,,,,,,,EBXVPHHGIH
1855,1959,,,,,,,,EBYZNUUXCT
1856,1960,,,,,,,,ECAKXMJKWX
1857,1961,,,,,,,,ECBDIGYPBN
1858,1962,,,,,,,,ECBHOYAEXX
1859,1963,,,,,,,,ECCOENEDKL
1860,1964,,,,,,,,ECCRYEQQHX
1861,1965,,,,,,,,ECDHPNKJFG
1862,1966,,,,,,,,ECDPTFPLWB
1863,1967,,,,,,,,ECDXVFSIXM
1864,1968,,,,,,,,ECGJPVSMDN
1865,1969,,,,,,,,ECIMSQGGNX
1866,1970,,,,,,,,ECKWDJUYWT
1867,1971,,,,,,,,ECLTFWEPEX
1868,1972,,,,,,,,ECQAEZBJWZ
1869,1973,,,,,,,,ECSQVRZSXB
1870,1974,,,,,,,,ECTRLKHHQQ
1871,1975,,,,,,,,ECURBPCOSI
1872,1976,,,,,,,,ECWYOTKCDZ
1873,1977,,,,,,,,EDCNWTOPDM
1874,1978,,,,,,,,EDCVMJBMVB
1875,1979,,,,,,,,EDDEFBGFMJ
1876,1980,,,,,,,,EDENLNVJFJ
1877,1981,,,,,,,,EDJUFEIIGC
1878,1982,,,,,,,,EDMMBXYZBN
1879,1983,,,,,,,,EDPLGSBUNX
1880,1984,,,,,,,,EDRMARJBSE
1881,1985,,,,,,,,EDRNWLBTPZ
1882,1986,,,,,,,,EDRYVEJDIL
1883,1987,,,,,,,,EDSFATZXHQ
1884,1988,,,,,,,,EDSGWJRPMP
1885,1989,,,,,,,,EDVGRQLIEF
1886,1990,,,,,,,,EDVVRYIWTI
1887,1991,,,,,,,,EDVVZCPYNA
1888,1992,,,,,,,,EDWMENKILD
1889,1993,,,,,,,,EDYHSFZGDF
1890,1994,,,,,,,,EEAORIFEHI
1891,1995,,,,,,,,EEBJQLTCNL
1892,1997,,,,,,,,EECXXZMXJQ
1893,1998,,,,,,,,EECYVRQDPU
1894,1999,,,,,,,,EEETJHRYEK
1895,2000,,,,,,,,EEFNOFETZE
1896,2001,,,,,,,,EEFPHWMQCP
1897,2002,,,,,,,,EEHMQHULZM
1898,2003,,,,,,,,EEHOJXJRGH
1899,2004,,,,,,,,EEIQURKPTU
1900,2005,,,,,,,,EEKRZPRKPD
1901,2006,,,,,,,,EEKWPBQIIM
1902,2007,,,,,,,,EENGPKAJHM
1903,2008,,,,,,,,EEOTHLIDJM
1904,2009,,,,,,,,EETDFBLZIT
1905,2010,,,,,,,,EETJPISBTV
1906,2011,,,,,,,,EEVMJSSYZS
1907,2012,,,,,,,,EEVWHTKLWG
1908,2013,,,,,,,,EEXIUMOYTE
1909,2014,,,,,,,,EEZWFCWXSJ
1910,2015,,,,,,,,EFAEVKMSBA
1911,2016,,,,,,,,EFCXOHOXQM
1912,2017,,,,,,,,EFENWKONOD
1913,2018,,,,,,,,EFFNAMZFHR
1914,2019,,,,,,,,EFHEQWLKBM
1915,2021,,,,,,,,EFHLFPMNLV
1916,2022,,,,,,,,EFHYOYEICQ
1917,2023,,,,,,,,EFIKLWDRBV
1918,2024,,,,,,,,EFIUSACWPD
1919,2025,,,,,,,,EFJISLIYTK
1920,2026,,,,,,,,EFJKIMHRFP
1921,2028,,,,,,,,EFLKEVJRBP
1922,2029,,,,,,,,EFLUVBYMVX
1923,2030,,,,,,,,EFTDSEOKSB
1924,2031,,,,,,,,EFUFXIFYLC
1925,2032,,,,,,,,EFUHBRVRKU
1926,2034,,,,,,,,EFUIHPTFER
1927,2035,,,,,,,,EGAUBDRBLF
1928,2036,,,,,,,,EGDEWLLBIV
1929,2037,,,,,,,,EGEKWNRXYN
1930,2038,,,,,,,,EGFIUVTWPM
1931,2039,,,,,,,,EGGXLKZHKM
1932,2040,,,,,,,,EGHKYYDHZS
1933,2041,,,,,,,,EGHPUZPFSD
1934,2042,,,,,,,,EGIHSKKWNJ
1935,2043,,,,,,,,EGJJINADBQ
1936,2044,,,,,,,,EGLPETTXMS
1937,2045,,,,,,,,EGQTGSRKXQ
1938,2046,,,,,,,,EGRXHBBJAW
1939,2047,,,,,,,,EGSHSNVNOQ
1940,2048,,,,,,,,EGTJJDKHGU
1941,2049,,,,,,,,EGTQWVKKFA
1942,2050,,,,,,,,EGWGNDVRKP
1943,2051,,,,,,,,EGXASVAEWQ
1944,2052,,,,,,,,EHBFYUYNAO
1945,2053,,,,,,,,EHBYYCBEZJ
1946,2054,,,,,,,,EHDFVKXMVO
1947,2055,,,,,,,,EHDVJINSTB
1948,2056,,,,,,,,EHEGWAHGNH
1949,2057,,,,,,,,EHGNCAJIIW
1950,2058,,,,,,,,EHHTVYCFMC
1951,2059,,,,,,,,EHMMMGVKOA
1952,2060,,,,,,,,EHOOTJXTLK
1953,2061,,,,,,,,EHOPLGYDIS
1954,2062,,,,,,,,EHPOOYPCZQ
1955,2063,,,,,,,,EHPSOHQSRW
1956,2064,,,,,,,,EHRMHKDVGT
1957,2065,,,,,,,,EHRTPJJCQL
1958,2066,,,,,,,,EHSCCTWWQU
1959,2067,,,,,,,,EHSPWAIRYG
1960,2068,,,,,,,,EHWVDOMYAW
1961,2069,,,,,,,,EHXSXLSZIY
1962,2070,,,,,,,,EHYLYHSAXF
1963,2071,,,,,,,,EIAQCBMCIY
1964,2072,,,,,,,,EIAWLUYZHR
1965,2073,,,,,,,,EICMLAZBLL
1966,2074,,,,,,,,EICTIXAZQG
1967,2075,,,,,,,,EIENDNPYSG
1968,2076,,,,,,,,EIHGNTWPUE
1969,2077,,,,,,,,EIHRYYGUKL
1970,2079,,,,,,,,EIJXFNUKAB
1971,2080,,,,,,,,EIQHJAMNJJ
1972,2081,,,,,,,,EIUQUSIAUQ
1973,2082,,,,,,,,EIVFSDSNNS
1974,2083,,,,,,,,EIWIPYOTSS
1975,2084,,,,,,,,EIXSRTEYBQ
1976,2085,,,,,,,,EIYQJROSLV
1977,2086,,,,,,,,EJBQGREOJM
1978,2087,,,,,,,,EJCNCXBOPW
1979,2088,,,,,,,,EJEUTWFZHB
1980,2089,,,,,,,,EJFHZTKJPF
1981,2090,,,,,,,,EJFQSWZBJA
1982,2092,,,,,,,,EJFRVEMJUR
1983,2093,,,,,,,,EJGIBJLOIT
1984,2094,,,,,,,,EJGYYZTGFH
1985,2095,,,,,,,,EJJPNRPQNL
1986,2096,,,,,,,,EJKLRFJEGZ
1987,2097,,,,,,,,EJMKGHRXTC
1988,2098,,,,,,,,EJNHGXYIDT
1989,2099,,,,,,,,EJOLGQOPRR
1990,2100,,,,,,,,EJQQJVFRQQ
1991,2101,,,,,,,,EJQXKRGXCK
1992,2102,,,,,,,,EJSNQNJKCD
1993,2103,,,,,,,,EJUYAIVHMG
1994,2104,,,,,,,,EJVIJCQSDK
1995,2105,,,,,,,,EJXOLSZJAX
1996,2106,,,,,,,,EJXQOGNOOR
1997,2107,,,,,,,,EJYAQRVCQM
1998,2108,,,,,,,,EKAQHJWPWG
1999,2110,,,,,,,,EKCIGDKDQR
2000,2111,,,,,,,,EKEPPSVNHJ
2001,2112,,,,,,,,EKIAVCUZVV
2002,2113,,,,,,,,EKIIBQYDWR
2003,2114,,,,,,,,EKJALPEYFL
2004,2115,,,,,,,,EKJPYBDTRU
2005,2116,,,,,,,,EKKSPRCKAG
2006,2117,,,,,,,,EKMJOCJXOU
2007,2118,,,,,,,,EKPSIWSLDO
2008,2119,,,,,,,,EKRFTKPMBL
2009,2120,,,,,,,,EKRKWYNBRW
2010,2121,,,,,,,,EKTEHRVEKI
2011,2123,,,,,,,,EKVNECEIUE
2012,2125,,,,,,,,EKVRQTGSJQ
2013,2126,,,,,,,,EKXEUXVSJX
2014,2127,,,,,,,,EKZUQXREHE
2015,2128,,,,,,,,ELBGNYVNTG
2016,2129,,,,,,,,ELEWHVKIAN
2017,2130,,,,,,,,ELGQGAODDF
2018,2131,,,,,,,,ELHBMLSTMV
2019,2132,,,,,,,,ELKXJPHKDG
2020,2133,,,,,,,,ELNSJXPPXZ
2021,2134,,,,,,,,ELPRZXIYMO
2022,2135,,,,,,,,ELUKKAXANJ
2023,2136,,,,,,,,ELZREBSWFJ
2024,2137,,,,,,,,EMAAKFLPIR
2025,2138,,,,,,,,EMBHQMSGGF
2026,2139,,,,,,,,EMDNNMPDCB
2027,2140,,,,,,,,EMDOXAXJXQ
2028,2141,,,,,,,,EMDTUAYEPF
2029,2142,,,,,,,,EMGJMRXOPJ
2030,2143,,,,,,,,EMIIKSSTSL
2031,2144,,,,,,,,EMMIOPZNWO
2032,2145,,,,,,,,EMMMKQFISD
2033,2146,,,,,,,,EMMURUEDKV
2034,2147,,,,,,,,EMOIBUJEMJ
2035,2148,,,,,,,,EMUXGDTFPY
2036,2149,,,,,,,,EMUZKNKLJV
2037,2150,,,,,,,,EMWUFOSHVR
2038,2151,,,,,,,,EMZMTQXQMY
2039,2152,,,,,,,,ENBLUPAWRF
2040,2153,,,,,,,,ENGXKISEED
2041,2154,,,,,,,,ENJMWUWEEZ
2042,2155,,,,,,,,ENLOBTNLNG
2043,2156,,,,,,,,ENOGRZBJAQ
2044,2157,,,,,,,,ENPJHYWNVV
2045,2158,,,,,,,,ENPOICQLJL
2046,2159,,,,,,,,ENRJFZMQNM
2047,2160,,,,,,,,ENRPBYNUFA
2048,2161,,,,,,,,ENTMNADEVU
2049,2162,,,,,,,,ENXXMUXWQY
2050,2163,,,,,,,,EOCHGHQSTG
2051,2164,,,,,,,,EOCMQQQKAK
2052,2166,,,,,,,,EOGVRZBVVE
2053,2167,,,,,,,,EOHPGUFXNJ
2054,2168,,,,,,,,EOHPOGBRVK
2055,2169,,,,,,,,EOOZYJRHPM
2056,2170,,,,,,,,EOQSUOKFLP
2057,2171,,,,,,,,EORWCEJIBN
2058,2172,,,,,,,,EOSUVLKWZO
2059,2173,,,,,,,,EOSVYWYNZP
2060,2174,,,,,,,,EOTKUGWBKX
2061,2175,,,,,,,,EOTYCHVZRT
2062,2176,,,,,,,,EOUGHDMNID
2063,2177,,,,,,,,EOVUXBZGEG
2064,2178,,,,,,,,EOYPVZSAUJ
2065,2179,,,,,,,,EOZVJLFZGP
2066,2180,,,,,,,,EPBNHAVGYI
2067,2181,,,,,,,,EPBYCPBPWW
2068,2182,,,,,,,,EPEOGYOBXH
2069,2183,,,,,,,,EPJEEVITQL
2070,2184,,,,,,,,EPLMVNUNXU
2071,2185,,,,,,,,EPMDFKOEUJ
2072,2186,,,,,,,,EPQBULZIQY
2073,2187,,,,,,,,EPRMRJHFKP
2074,2188,,,,,,,,EPVMVIGFZN
2075,2189,,,,,,,,EPYBBKAPPB
2076,2190,,,,,,,,EPYJHZSBPZ
2077,2191,,,,,,,,EPZPLEBSHR
2078,2192,,,,,,,,EPZTDGJZIT
2079,2193,,,,,,,,EQBWITRHIZ
2080,2194,,,,,,,,EQCWGCWNNK
2081,2195,,,,,,,,EQJEKFWOIL
2082,2196,,,,,,,,EQJTRNRBUP
2083,2197,,,,,,,,EQKJKLQAMA
2084,2198,,,,,,,,EQMRTSJLBE
2085,2199,,,,,,,,EQNAZHBYLZ
2086,2201,,,,,,,,EQNQBPYXCU
2087,2202,,,,,,,,EQOMPRQEWY
2088,2203,,,,,,,,EQPAUZCDKR
2089,2204,,,,,,,,EQPGYXNPXT
2090,2205,,,,,,,,EQRGNTITNC
2091,2206,,,,,,,,EQRKYOSSEM
2092,2207,,,,,,,,EQRQFTEAHA
2093,2208,,,,,,,,EQRVZDGWUM
2094,2209,,,,,,,,EQTJNXHEAX
2095,2210,,,,,,,,EQVSQHAONR
2096,2211,,,,,,,,EQZIOETPXM
2097,2212,,,,,,,,EQZKFUIVWK
2098,2214,,,,,,,,EQZZGBVVQY
2099,2215,,,,,,,,ERARRAWFWE
2100,2216,,,,,,,,ERBUFASDDK
2101,2217,,,,,,,,ERDGQKGJPP
2102,2218,,,,,,,,EREKGLMRUW
2103,2219,,,,,,,,EREUJOHROT
2104,2220,,,,,,,,ERFOPFVBFL
2105,2221,,,,,,,,ERHHZBEIWM
2106,2222,,,,,,,,ERHIQYHQUZ
2107,2223,,,,,,,,ERHJKBJOKR
2108,2224,,,,,,,,ERIKMYGDAL
2109,2225,,,,,,,,ERITCHHOMM
2110,2226,,,,,,,,ERKDDMVDWM
2111,2227,,,,,,,,ERKNULONYO
2112,2228,,,,,,,,ERNZOERHLS
2113,2229,,,,,,,,ERUAFIPKDC
2114,2230,,,,,,,,ERWUUHOFHV
2115,2231,,,,,,,,ERXFVWXYKC
2116,2232,,,,,,,,ESAKHGESKL
2117,2233,,,,,,,,ESEIFXIOPR
2118,2234,,,,,,,,ESHLKMPMQK
2119,2235,,,,,,,,ESIEKJDNPP
2120,2236,,,,,,,,ESKFFARLIM
2121,2237,,,,,,,,ESKJYWIXDL
2122,2238,,,,,,,,ESLABTZVGV
2123,2239,,,,,,,,ESLAJOWJEI
2124,2240,,,,,,,,ESNGKFMALU
2125,2241,,,,,,,,ESOXALEIOZ
2126,2242,,,,,,,,ESPOCJOPVS
2127,2244,,,,,,,,ESPUZGLQDL
2128,2245,,,,,,,,ESQNIWWFRY
2129,2246,,,,,,,,ESRBGZGIIH
2130,2247,,,,,,,,ESRCENFMSB
2131,2248,,,,,,,,ESTQLZOPWA
2132,2249,,,,,,,,ESVAKXLXIC
2133,2250,,,,,,,,ESVGGOETGJ
2134,2251,,,,,,,,ESXDFJFPTH
2135,2252,,,,,,,,ESXMPGYSLW
2136,2253,,,,,,,,ESXNZUANNX
2137,2254,,,,,,,,ESYPIVHIWW
2138,2255,,,,,,,,ESYZZKVHWQ
2139,2256,,,,,,,,ESZVFPMPOY
2140,2257,,,,,,,,ETCAJJRHIP
2141,2258,,,,,,,,ETCMPIAOPD
2142,2259,,,,,,,,ETDTDQIARU
2143,2260,,,,,,,,ETGKGETTMD
2144,2261,,,,,,,,ETHSOJJVYM
2145,2262,,,,,,,,ETIDWDJGGT
2146,2263,,,,,,,,ETIHYVAHKR
2147,2264,,,,,,,,ETKFRDHSMI
2148,2265,,,,,,,,ETKHGMGKVN
2149,2266,,,,,,,,ETKLNWESNT
2150,2267,,,,,,,,ETKVLEOITX
2151,2268,,,,,,,,ETLOZOCBFE
2152,2269,,,,,,,,ETLTEZOQWY
2153,2270,,,,,,,,ETLWEAREET
2154,2271,,,,,,,,ETNLRRWHNT
2155,2272,,,,,,,,ETOAQXYCDH
2156,2273,,,,,,,,ETTUEMKDUS
2157,2275,,,,,,,,ETYBTNTFHL
2158,2276,,,,,,,,ETYYTVJBMN
2159,2277,,,,,,,,ETZCZTEYFN
2160,2278,,,,,,,,EUAJIPNEDB
2161,2279,,,,,,,,EUDIDVGZVG
2162,2280,,,,,,,,EUDJIECHZN
2163,2281,,,,,,,,EUEGRTCTMM
2164,2282,,,,,,,,EUFYBAHQRB
2165,2283,,,,,,,,EUHGWXGYCL
2166,2284,,,,,,,,EUIXDCLUXF
2167,2285,,,,,,,,EUJJXWDUPZ
2168,2287,,,,,,,,EUKMFHCHXG
2169,2288,,,,,,,,EUNFHIEGWA
2170,2289,,,,,,,,EUQDSCYIZY
2171,2290,,,,,,,,EUQVZLEWDS
2172,2291,,,,,,,,EURCBAZIHI
2173,2292,,,,,,,,EURIWDOAIJ
2174,2293,,,,,,,,EUXETUJJAJ
2175,2294,,,,,,,,EUYFQYUOYB
2176,2295,,,,,,,,EVAGWYMJDP
2177,2296,,,,,,,,EVEXFJZGFS
2178,2297,,,,,,,,EVLLUUAMNY
2179,2298,,,,,,,,EVLLXFWGPW
2180,2299,,,,,,,,EVMIIYYSOP
2181,2300,,,,,,,,EVPYPMSPVQ
2182,2301,,,,,,,,EVQPXQSMAN
2183,2302,,,,,,,,EVSHUONESN
2184,2303,,,,,,,,EVTHGZMFAZ
2185,2304,,,,,,,,EVTQSTMJAY
2186,2305,,,,,,,,EVUOVDLKVD
2187,2306,,,,,,,,EVVWBHZOMA
2188,2307,,,,,,,,EVYQDWVDYY
2189,2308,,,,,,,,EWDNXNTREK
2190,2309,,,,,,,,EWEVQPVZSM
2191,2310,,,,,,,,EWFJIPBJPL
2192,2311,,,,,,,,EWFLOYSRTB
2193,2312,,,,,,,,EWFSCIRISA
2194,2313,,,,,,,,EWGQGHXPTJ
2195,2315,,,,,,,,EWGTKWVOIW
2196,2316,,,,,,,,EWHWZKIXKH
2197,2317,,,,,,,,EWJNWDKKLP
2198,2318,,,,,,,,EWMRMUOQEC
2199,2319,,,,,,,,EWPFTKGSSD
2200,2320,,,,,,,,EWRNDJLBNL
2201,2321,,,,,,,,EWRXXRYHSC
2202,2322,,,,,,,,EWTLMTZQHV
2203,2323,,,,,,,,EWUOMTDXDR
2204,2324,,,,,,,,EWVSVMNXBY
2205,2326,,,,,,,,EWVZYNKNWV
2206,2327,,,,,,,,EWWIXJRLIG
2207,2328,,,,,,,,EWXAHXHDMI
2208,2329,,,,,,,,EWXOVZSVWM
2209,2330,,,,,,,,EWXWMMETJH
2210,2331,,,,,,,,EWZVXUHPBJ
2211,2332,,,,,,,,EXBZLLJMUR
2212,2333,,,,,,,,EXDOBEHAXV
2213,2334,,,,,,,,EXLKCDJNYK
2214,2335,,,,,,,,EXPWINXUAJ
2215,2336,,,,,,,,EXSYJHERVO
2216,2337,,,,,,,,EXTWSCZFCV
2217,2338,,,,,,,,EXXHCHPRDH
2218,2339,,,,,,,,EXYFGHOSSF
2219,2340,,,,,,,,EXYZJMNSHM
2220,2341,,,,,,,,EYAXXEWWZO
2221,2342,,,,,,,,EYBBHKAIQC
2222,2343,,,,,,,,EYCDXVOFMS
2223,2344,,,,,,,,EYELEJEYKO
2224,2345,,,,,,,,EYHQETVDZV
2225,2346,,,,,,,,EYLSROHNIW
2226,2347,,,,,,,,EYMWERGEOB
2227,2348,,,,,,,,EYNKVXLUUZ
2228,2349,,,,,,,,EYNXBXWEPE
2229,2350,,,,,,,,EYPYYNUMYY
2230,2351,,,,,,,,EYRCBRZTWQ
2231,2352,,,,,,,,EYRGHDYFAN
2232,2353,,,,,,,,EYSCOTCKAJ
2233,2354,,,,,,,,EYSNNBAQVM
2234,2355,,,,,,,,EZALWLBQWP
2235,2356,,,,,,,,EZCEKYTUZZ
2236,2357,,,,,,,,EZDRRPTHUS
2237,2358,,,,,,,,EZEEDXGUUF
2238,2359,,,,,,,,EZEXKIELWX
2239,2360,,,,,,,,EZEYLMMXVJ
2240,2361,,,,,,,,EZGEPATGYU
2241,2362,,,,,,,,EZGPJEKPGD
2242,2363,,,,,,,,EZIPHUUFSP
2243,2364,,,,,,,,EZKOTPAAZU
2244,2365,,,,,,,,EZLDVCAKQO
2245,2366,,,,,,,,EZPHDMBYBO
2246,2367,,,,,,,,EZQQCABPMV
2247,2368,,,,,,,,EZRQEAOPGQ
2248,2369,,,,,,,,EZUJXLGPSL
2249,2370,,,,,,,,EZULDSLZNS
2250,2371,,,,,,,,EZWIQIHCOY
2251,2372,,,,,,,,EZYGGLPJMQ
2252,2373,,,,,,,,EZYSQDSQPK
2253,2374,,,,,,,,EZZUXKTFJW
2254,2375,,,,,,,,FAAGSORWET
2255,2376,,,,,,,,FAAHFAGUOO
2256,2377,,,,,,,,FAARBAEYRU
2257,2378,,,,,,,,FACGEYAZQT
2258,2379,,,,,,,,FADJHIWDFL
2259,2380,,,,,,,,FAEMDYVJHB
2260,2381,,,,,,,,FAENTRQADD
2261,2382,,,,,,,,FAFXZEYHBN
2262,2383,,,,,,,,FAGHXBDLTV
2263,2384,,,,,,,,FAHDYEHVLX
2264,2385,,,,,,,,FAHLQBAKCS
2265,2386,,,,,,,,FAHWPZUBIP
2266,2387,,,,,,,,FASMHSTRHI
2267,2388,,,,,,,,FAUIFMZZEW
2268,2389,,,,,,,,FAUPVDZDTG
2269,2390,,,,,,,,FAUZWODGXU
2270,2391,,,,,,,,FAVSVXTEQX
2271,2392,,,,,,,,FAXKFRQJDS
2272,2393,,,,,,,,FAXUVQNUZG
2273,2394,,,,,,,,FAYGBQEBBH
2274,2395,,,,,,,,FAYUWKIDVO
2275,2396,,,,,,,,FAZDBOTHLE
2276,2397,,,,,,,,FAZFIKTHSD
2277,2398,,,,,,,,FBGNHJCVCB
2278,2399,,,,,,,,FBHBREWTGP
2279,2400,,,,,,,,FBIJCWJYHT
2280,2401,,,,,,,,FBIKBFZIXH
2281,2402,,,,,,,,FBKLBLYQAZ
2282,2403,,,,,,,,FBLGEPSGZD
2283,2404,,,,,,,,FBMAENWNPS
2284,2405,,,,,,,,FBNHTELHWK
2285,2406,,,,,,,,FBOBLIOYHV
2286,2407,,,,,,,,FBPTCHTZDH
2287,2409,,,,,,,,FBQPZINNTX
2288,2410,,,,,,,,FBTBVCBCGD
2289,2411,,,,,,,,FBXLHSNMCU
2290,2412,,,,,,,,FBXNRMHNVL
2291,2413,,,,,,,,FBXSBQDBDE
2292,2414,,,,,,,,FCAFGNLWZG
2293,2416,,,,,,,,FCAZLXOUFF
2294,2417,,,,,,,,FCBAKJRWVD
2295,2418,,,,,,,,FCCLHCCTVY
2296,2419,,,,,,,,FCCNXPODDC
2297,2420,,,,,,,,FCCUARMSSS
2298,2421,,,,,,,,FCIPDZJQJY
2299,2422,,,,,,,,FCMRIPREOE
2300,2423,,,,,,,,FCNAXRGCSY
2301,2424,,,,,,,,FCNTCDPNMW
2302,2425,,,,,,,,FCTNTNZZBJ
2303,2426,,,,,,,,FCTTETZQJF
2304,2428,,,,,,,,FCVLFDTLDA
2305,2429,,,,,,,,FCVWAEPSKW
2306,2430,,,,,,,,FCWNDSPDBC
2307,2431,,,,,,,,FCWWLGYGAG
2308,2433,,,,,,,,FCYUXYIGGD
2309,2435,,,,,,,,FDAYHDIEAT
2310,2436,,,,,,,,FDAZYWCJRG
2311,2437,,,,,,,,FDBMYCWQUE
2312,2438,,,,,,,,FDBVGANIUT
2313,2439,,,,,,,,FDCNFINYOE
2314,2440,,,,,,,,FDDJSKSHKP
2315,2441,,,,,,,,FDEKEVVGFA
2316,2442,,,,,,,,FDHOSMMCDF
2317,2443,,,,,,,,FDHTHYCCNN
2318,2444,,,,,,,,FDHWOIHKSQ
2319,2445,,,,,,,,FDIWXOPIRA
2320,2446,,,,,,,,FDLCOFDLLM
2321,2447,,,,,,,,FDMPSXBZDL
2322,2448,,,,,,,,FDREDHFCSX
2323,2449,,,,,,,,FDRSCXIBBX
2324,2450,,,,,,,,FDSFNBQXDB
2325,2452,,,,,,,,FDUFCVJFVM
2326,2453,,,,,,,,FDVIEVUXVM
2327,2454,,,,,,,,FDWIIALSWF
2328,2455,,,,,,,,FDZYWRLHBU
2329,2456,,,,,,,,FEDJHPKWYB
2330,2457,,,,,,,,FEFSUJBQWI
2331,2458,,,,,,,,FEGHLKNARP
2332,2459,,,,,,,,FEHDMIVREU
2333,2461,,,,,,,,FEIMOJOBHF
2334,2462,,,,,,,,FEJSPNQHPZ
2335,2463,,,,,,,,FEKGVFPXRS
2336,2464,,,,,,,,FENJOJESSQ
2337,2465,,,,,,,,FEPJKOOKKW
2338,2466,,,,,,,,FEPOCVPWKY
2339,2467,,,,,,,,FESCKTOSNR
2340,2468,,,,,,,,FESGXOUUKL
2341,2469,,,,,,,,FEVOXNSIYN
2342,2470,,,,,,,,FEWYDAQDQF
2343,2472,,,,,,,,FEWZFVURKJ
2344,2473,,,,,,,,FFECHHDHAI
2345,2474,,,,,,,,FFEZTMGTXY
2346,2475,,,,,,,,FFGGNKJORY
2347,2476,,,,,,,,FFHIDTGJPT
2348,2477,,,,,,,,FFIGBNGSHQ
2349,2478,,,,,,,,FFJCRPIHDR
2350,2479,,,,,,,,FFJEKSKWIM
2351,2480,,,,,,,,FFKZJQKJPF
2352,2481,,,,,,,,FFLSYWLEAT
2353,2482,,,,,,,,FFMHPUJIEQ
2354,2483,,,,,,,,FFRBZDXQMN
2355,2484,,,,,,,,FFRCEADIZA
2356,2486,,,,,,,,FFTUKGUQHK
2357,2487,,,,,,,,FFUBCHUAGP
2358,2488,,,,,,,,FFUNLRZGAE
2359,2489,,,,,,,,FFWJYLWETQ
2360,2490,,,,,,,,FFYCNYYYIN
2361,2491,,,,,,,,FFYMUHDQMV
2362,2492,,,,,,,,FFZUEHJJSA
2363,2493,,,,,,,,FFZWTWEMJJ
2364,2494,,,,,,,,FGDHDPBTNU
2365,2495,,,,,,,,FGDJDXVNAP
2366,2496,,,,,,,,FGEPAMYNHT
2367,2497,,,,,,,,FGGWRPAMTJ
2368,2499,,,,,,,,FGKOETXIXX
2369,2500,,,,,,,,FGLDRIAFOS
2370,2501,,,,,,,,FGLFAFXILU
2371,2502,,,,,,,,FGLQBNEHTY
2372,2504,,,,,,,,FGLWRZEGNC
2373,2505,,,,,,,,FGOISQRGOA
2374,2506,,,,,,,,FGPBGFGMYP
2375,2507,,,,,,,,FGRMFXSBOU
2376,2508,,,,,,,,FGSZYEMLMG
2377,2509,,,,,,,,FGUGXXMUJN
2378,2510,,,,,,,,FGUOZRUKVW
2379,2511,,,,,,,,FGVJSWXRGX
2380,2512,,,,,,,,FGWJDTDYOV
2381,2513,,,,,,,,FGYPWWMSFF
2382,2514,,,,,,,,FGZBNRYNOG
2383,2515,,,,,,,,FGZUGTGZPZ
2384,2516,,,,,,,,FHACFERQHK
2385,2517,,,,,,,,FHBGAKXFXE
2386,2518,,,,,,,,FHCKUIHAIZ
2387,2519,,,,,,,,FHFZVKQTFQ
2388,2520,,,,,,,,FHJPZNELWN
2389,2521,,,,,,,,FHJSPNAAPM
2390,2522,,,,,,,,FHLEDERTOU
2391,2523,,,,,,,,FHPYTFPDNK
2392,2524,,,,,,,,FHRAXHCBPU
2393,2525,,,,,,,,FHRDRCPJQP
2394,2526,,,,,,,,FHRPDNXKSX
2395,2528,,,,,,,,FHSFOPFKME
2396,2530,,,,,,,,FHSQBBEVGU
2397,2531,,,,,,,,FHXAOMNNSA
2398,2532,,,,,,,,FIBCFBOKIJ
2399,2533,,,,,,,,FIBEFDVRNK
2400,2534,,,,,,,,FIBYSVDOMG
2401,2535,,,,,,,,FIGMWUJPKN
2402,2536,,,,,,,,FIGSOUSQPV
2403,2537,,,,,,,,FIHHGBWXDV
2404,2538,,,,,,,,FIIQWUVYBK
2405,2539,,,,,,,,FIKYIAHPQJ
2406,2540,,,,,,,,FINWTZHWJB
2407,2541,,,,,,,,FIQMFJMXFQ
2408,2542,,,,,,,,FIQMPANKNJ
2409,2543,,,,,,,,FIRKVYKSOI
2410,2544,,,,,,,,FISMXFFHJY
2411,2545,,,,,,,,FITKNATABM
2412,2546,,,,,,,,FIUOBSCRVU
2413,2547,,,,,,,,FIVEAMVCNG
2414,2548,,,,,,,,FIWEJPAGNY
2415,2549,,,,,,,,FIWMMMYTAH
2416,2550,,,,,,,,FIXNUHDXPW
2417,2551,,,,,,,,FIXPVPTIGD
2418,2552,,,,,,,,FIYCQPRLGT
2419,2553,,,,,,,,FIYMCTRONF
2420,2554,,,,,,,,FIYZFTFDDB
2421,2556,,,,,,,,FJACVZSUGG
2422,2557,,,,,,,,FJAQOONVWD
2423,2558,,,,,,,,FJARMONPSC
2424,2559,,,,,,,,FJBEIYYNHM
2425,2560,,,,,,,,FJCXFSHPMK
2426,2561,,,,,,,,FJDWNNQRBM
2427,2562,,,,,,,,FJDZWJYXSU
2428,2563,,,,,,,,FJERSAZJID
2429,2564,,,,,,,,FJIBTNGVFQ
2430,2565,,,,,,,,FJJIMPZYYE
2431,2566,,,,,,,,FJLLJJMAZB
2432,2567,,,,,,,,FJNTCNCQPE
2433,2568,,,,,,,,FJPAYZZLHB
2434,2569,,,,,,,,FJPJFRMSBU
2435,2570,,,,,,,,FJPJGMJRGE
2436,2571,,,,,,,,FJPJOCAZEE
2437,2572,,,,,,,,FJRYUXNZVT
2438,2573,,,,,,,,FJVIZYAEFN
2439,2574,,,,,,,,FJZSQHNXIU
2440,2575,,,,,,,,FKAXLLYSLW
2441,2577,,,,,,,,FKBLWLDFYV
2442,2578,,,,,,,,FKDMJKTDEQ
2443,2579,,,,,,,,FKEIETCSCG
2444,2580,,,,,,,,FKHIOBQFAU
2445,2581,,,,,,,,FKIVNZSVAU
2446,2582,,,,,,,,FKJLVDJFBH
2447,2583,,,,,,,,FKJNDVONVN
2448,2584,,,,,,,,FKNJVWPVEQ
2449,2585,,,,,,,,FKPTQQZQDJ
2450,2586,,,,,,,,FKSGHUUQQW
2451,2587,,,,,,,,FKSMVYFUKL
2452,2588,,,,,,,,FKYSMYBUAN
2453,2589,,,,,,,,FLDEZFEHHM
2454,2590,,,,,,,,FLESPZEFMK
2455,2591,,,,,,,,FLFUBWUXIG
2456,2592,,,,,,,,FLJAOLAOFT
2457,2593,,,,,,,,FLNVHMMAIK
2458,2594,,,,,,,,FLSFFRVWWD
2459,2595,,,,,,,,FLTMZQVJYG
2460,2596,,,,,,,,FLTNRVSNHS
2461,2597,,,,,,,,FLUHNZTKFC
2462,2598,,,,,,,,FLVUWSRODC
2463,2599,,,,,,,,FLWITGRWIC
2464,2600,,,,,,,,FLXCREYSVB
2465,2601,,,,,,,,FLXFYHDMIJ
2466,2602,,,,,,,,FLXMQUKOCN
2467,2603,,,,,,,,FLXTVVQQQW
2468,2604,,,,,,,,FLYKMQNSLL
2469,2605,,,,,,,,FMBFCAQGGI
2470,2606,,,,,,,,FMGAEJTFGI
2471,2607,,,,,,,,FMGLODWJAI
2472,2608,,,,,,,,FMLIMYUHRV
2473,2609,,,,,,,,FMMIGSJVCJ
2474,2610,,,,,,,,FMMUBDQHAA
2475,2611,,,,,,,,FMOTVLCJXZ
2476,2612,,,,,,,,FMRGSCFZTB
2477,2613,,,,,,,,FMSHKPMNUT
2478,2614,,,,,,,,FMSRFWFDRY
2479,2615,,,,,,,,FMUYHJOIHZ
2480,2616,,,,,,,,FMYAELBGAQ
2481,2617,,,,,,,,FMYOJAFZUJ
2482,2618,,,,,,,,FNBFJUMQQQ
2483,2619,,,,,,,,FNBQXOYWCP
2484,2620,,,,,,,,FNBWALYWEU
2485,2621,,,,,,,,FNDJETUWYG
2486,2622,,,,,,,,FNEWQZXVUK
2487,2623,,,,,,,,FNHMWHPTLM
2488,2624,,,,,,,,FNJGSRAMSO
2489,2626,,,,,,,,FNKGTXZJKA
2490,2627,,,,,,,,FNKIQZWTPW
2491,2628,,,,,,,,FNKVOVXDGO
2492,2629,,,,,,,,FNLDAPAIGJ
2493,2630,,,,,,,,FNLXDFZOXG
2494,2631,,,,,,,,FNMVVLZGCX
2495,2632,,,,,,,,FNPSJTVRFG
2496,2633,,,,,,,,FNQMIZMJWV
2497,2634,,,,,,,,FNRHBTFPRS
2498,2635,,,,,,,,FNRLZBTPSU
2499,2637,,,,,,,,FNTGUNEUJF
2500,2639,,,,,,,,FNWGOMLLGK
2501,2640,,,,,,,,FNXMUATOMN
2502,2641,,,,,,,,FNZNFOAKVR
2503,2642,,,,,,,,FOAIPKCDPQ
2504,2643,,,,,,,,FOEOLZOFZT
2505,2644,,,,,,,,FOFIJNCYLK
2506,2645,,,,,,,,FOGXJQCMGW
2507,2647,,,,,,,,FOIQEGCPII
2508,2648,,,,,,,,FOLBPPHFDU
2509,2649,,,,,,,,FOMENCWXOG
2510,2650,,,,,,,,FOMNAHUVZK
2511,2651,,,,,,,,FONVKNRBKE
2512,2652,,,,,,,,FOOUNALDBX
2513,2653,,,,,,,,FOPHGAHPHO
2514,2654,,,,,,,,FOQQXNHQQV
2515,2655,,,,,,,,FOSZSMVZWS
2516,2656,,,,,,,,FOUNMYYFHQ
2517,2657,,,,,,,,FOVHNTQZMP
2518,2658,,,,,,,,FOVYLHGWRW
2519,2659,,,,,,,,FOWJSVWBDT
2520,2660,,,,,,,,FOWNFIWTHN
2521,2661,,,,,,,,FOXTRGDNSF
2522,2662,,,,,,,,FPAHSGHBTF
2523,2663,,,,,,,,FPBMPZVSKC
2524,2664,,,,,,,,FPCEEDREUA
2525,2665,,,,,,,,FPDYRYWPIE
2526,2666,,,,,,,,FPHZUSJAEB
2527,2667,,,,,,,,FPJMGOUVTE
2528,2668,,,,,,,,FPMEGSMNXH
2529,2669,,,,,,,,FPNIDNNWYW
2530,2670,,,,,,,,FPQCCOTKCW
2531,2671,,,,,,,,FPTCCOFSIV
2532,2672,,,,,,,,FQDDVYKPXN
2533,2673,,,,,,,,FQDKXXSOKV
2534,2674,,,,,,,,FQFQJRXPRO
2535,2675,,,,,,,,FQGIKMJQFT
2536,2676,,,,,,,,FQGRBDDYZH
2537,2677,,,,,,,,FQIHOJSLAV
2538,2678,,,,,,,,FQLFZXZLOD
2539,2679,,,,,,,,FQNTVPECHA
2540,2680,,,,,,,,FQPYUSOGUA
2541,2681,,,,,,,,FQQOKOQQXL
2542,2682,,,,,,,,FQTWOJEAJO
2543,2683,,,,,,,,FQUXPVPJXA
2544,2684,,,,,,,,FQVZGFXDNS
2545,2685,,,,,,,,FQYIUSUZIT
2546,2686,,,,,,,,FRDHDRDVDY
2547,2687,,,,,,,,FREDPIHPPF
2548,2688,,,,,,,,FRGYBJEOKF
2549,2689,,,,,,,,FRJLJRDDJJ
2550,2690,,,,,,,,FROJPXXYDB
2551,2691,,,,,,,,FRPVOXTASA
2552,2692,,,,,,,,FRTMHLQFHH
2553,2693,,,,,,,,FRTXUCTYON
2554,2695,,,,,,,,FRVXJSLPXN
2555,2696,,,,,,,,FRWNPNIYFN
2556,2697,,,,,,,,FRYBAZLJJZ
2557,2698,,,,,,,,FRYLXCXUNS
2558,2699,,,,,,,,FRYOEOQVQQ
2559,2700,,,,,,,,FSDNAFADIO
2560,2702,,,,,,,,FSDSPFNHDN
2561,2703,,,,,,,,FSFAQVOXKX
2562,2704,,,,,,,,FSHFHMCDUZ
2563,2705,,,,,,,,FSIBLEGSKD
2564,2706,,,,,,,,FSIJMXDVMU
2565,2707,,,,,,,,FSJTNYAKRR
2566,2708,,,,,,,,FSJXMJITQG
2567,2709,,,,,,,,FSKYRENSPU
2568,2710,,,,,,,,FSMPHRBQZF
2569,2711,,,,,,,,FSNNRUBSRQ
2570,2712,,,,,,,,FSQUJPLRTV
2571,2713,,,,,,,,FSSBPGPGSY
2572,2714,,,,,,,,FSTALDTIQO
2573,2715,,,,,,,,FSUWRNZQET
2574,2716,,,,,,,,FSXAVLLPYB
2575,2718,,,,,,,,FSXSWSYZUJ
2576,2719,,,,,,,,FSYDDYYIWS
2577,2720,,,,,,,,FSYVEEDPQK
2578,2721,,,,,,,,FSZXZKFKBA
2579,2722,,,,,,,,FTARTGEIMX
2580,2723,,,,,,,,FTCZOZXUVA
2581,2724,,,,,,,,FTEWESTYIP
2582,2725,,,,,,,,FTEYBIOIBZ
2583,2726,,,,,,,,FTGDOTMKUV
2584,2727,,,,,,,,FTGKCYUGTO
2585,2728,,,,,,,,FTIGUSRZGF
2586,2729,,,,,,,,FTKPUJQCCV
2587,2730,,,,,,,,FTLLQKRKRN
2588,2731,,,,,,,,FTMIQSOADH
2589,2732,,,,,,,,FTMTFPTIGH
2590,2734,,,,,,,,FTNRZWIKJN
2591,2735,,,,,,,,FTOTPQZXNG
2592,2737,,,,,,,,FTQQHPTHZC
2593,2739,,,,,,,,FTSERGETIS
2594,2740,,,,,,,,FTWHSBFCLU
2595,2741,,,,,,,,FTZEGLWVHS
2596,2742,,,,,,,,FUAJGVDDJF
2597,2743,,,,,,,,FUDTUZKDVI
2598,2744,,,,,,,,FUEGGSGOEM
2599,2745,,,,,,,,FUEZELJLTS
2600,2746,,,,,,,,FUFVROADFD
2601,2747,,,,,,,,FUGVKEQSYP
2602,2748,,,,,,,,FUKVURFDFA
2603,2749,,,,,,,,FULOKEAURE
2604,2750,,,,,,,,FULTHOBRRP
2605,2751,,,,,,,,FUNTGAXZKS
2606,2752,,,,,,,,FUPSPWERUZ
2607,2753,,,,,,,,FUSTHTPOIJ
2608,2754,,,,,,,,FUTIWVYZPZ
2609,2755,,,,,,,,FUTXMROCRY
2610,2756,,,,,,,,FUUBAZUGLA
2611,2757,,,,,,,,FUUBKCMADL
2612,2758,,,,,,,,FUWMNBWGNW
2613,2759,,,,,,,,FUZZYFJQPG
2614,2760,,,,,,,,FVAEGFNCKN
2615,2761,,,,,,,,FVBAPAIVOP
2616,2762,,,,,,,,FVBKLIKYSG
2617,2763,,,,,,,,FVEATWQEHB
2618,2764,,,,,,,,FVHETTEVTE
2619,2766,,,,,,,,FVHGDBATCK
2620,2767,,,,,,,,FVIKAFWSNY
2621,2768,,,,,,,,FVIXCQGBTE
2622,2769,,,,,,,,FVJNLYIHQO
2623,2770,,,,,,,,FVKBNVOHJE
2624,2771,,,,,,,,FVLKBUNUPA
2625,2772,,,,,,,,FVMEFVCIYN
2626,2773,,,,,,,,FVOSXZAJXC
2627,2774,,,,,,,,FVPTVRYETV
2628,2775,,,,,,,,FVRJASOOVI
2629,2776,,,,,,,,FVVUDUKGJG
2630,2777,,,,,,,,FVZJYJAMGK
2631,2778,,,,,,,,FWAMCNBFWK
2632,2779,,,,,,,,FWBPQMFVHS
2633,2780,,,,,,,,FWDKOSEURR
2634,2781,,,,,,,,FWENYNXKFP
2635,2783,,,,,,,,FWEZGMZAIE
2636,2784,,,,,,,,FWFSSODPFB
2637,2785,,,,,,,,FWHQTXXWKH
2638,2787,,,,,,,,FWIDPAWTVJ
2639,2790,,,,,,,,FWKORCRTDD
2640,2792,,,,,,,,FWMWBPJWFO
2641,2793,,,,,,,,FWNBTZEBBY
2642,2794,,,,,,,,FWOOGREZOJ
2643,2795,,,,,,,,FWRJMNCFBB
2644,2796,,,,,,,,FWRNGQUZWI
2645,2797,,,,,,,,FWRTEIBFKI
2646,2799,,,,,,,,FWUEDZFYYP
2647,2800,,,,,,,,FWUOPWZGTY
2648,2801,,,,,,,,FWURTBXZJK
2649,2802,,,,,,,,FWYOCWAOUQ
2650,2804,,,,,,,,FXCDQIRTYJ
2651,2806,,,,,,,,FXGDVOABJT
2652,2807,,,,,,,,FXJWTLLEHN
2653,2808,,,,,,,,FXLINDCLXP
2654,2809,,,,,,,,FXNMMBBZEK
2655,2810,,,,,,,,FXNNHTWFPB
2656,2811,,,,,,,,FXOCDEMHDN
2657,2812,,,,,,,,FXQEVPXPGZ
2658,2813,,,,,,,,FXTRBRRZQO
2659,2814,,,,,,,,FXUMCHXGDR
2660,2815,,,,,,,,FXVKWIERCX
2661,2816,,,,,,,,FXVLGDZPLQ
2662,2817,,,,,,,,FXYQCCRBHQ
2663,2818,,,,,,,,FXZAZAWYZN
2664,2819,,,,,,,,FYBFUZQOJJ
2665,2820,,,,,,,,FYBJMPCFBF
2666,2821,,,,,,,,FYBNSMESIY
2667,2822,,,,,,,,FYCYZXVIPQ
2668,2823,,,,,,,,FYDCARVPGP
2669,2824,,,,,,,,FYICFONHFA
2670,2825,,,,,,,,FYJKKYYAPR
2671,2826,,,,,,,,FYJUSXTCAF
2672,2827,,,,,,,,FYLBEHOKCE
2673,2828,,,,,,,,FYOETEMEWB
2674,2829,,,,,,,,FYOYWUSZAS
2675,2830,,,,,,,,FYPVBVSSHW
2676,2831,,,,,,,,FYPWIEXLCD
2677,2832,,,,,,,,FYUBJZOQLX
2678,2833,,,,,,,,FYUWNVBNKH
2679,2834,,,,,,,,FYWNYGYZQO
2680,2835,,,,,,,,FYWUHWDGHH
2681,2837,,,,,,,,FYYOSKGZEY
2682,2838,,,,,,,,FYZBTGWHBW
2683,2839,,,,,,,,FYZYUYSPUY
2684,2840,,,,,,,,FZAZHGMXIL
2685,2841,,,,,,,,FZAZJYWDUU
2686,2842,,,,,,,,FZEQPUJOPA
2687,2844,,,,,,,,FZETSGKFXI
2688,2845,,,,,,,,FZHYAADJQE
2689,2846,,,,,,,,FZIVECIWNX
2690,2847,,,,,,,,FZKUXVSSIY
2691,2848,,,,,,,,FZOTXYIEWX
2692,2849,,,,,,,,FZVVTYXRQT
2693,2850,,,,,,,,FZWEUIYHNH
2694,2851,,,,,,,,FZZGWLQTWF
2695,2852,,,,,,,,FZZWYPAJFO
2696,2853,,,,,,,,GAAGWLAUEI
2697,2854,,,,,,,,GABEBNJLXI
2698,2855,,,,,,,,GACHGJJFKI
2699,2856,,,,,,,,GACILSOTID
2700,2857,,,,,,,,GAELAUDTUG
2701,2858,,,,,,,,GAHSJHPCPL
2702,2859,,,,,,,,GALLJIUYAO
2703,2860,,,,,,,,GALYZDOXKT
2704,2861,,,,,,,,GAMPSBSQTF
2705,2863,,,,,,,,GANOKZUHJA
2706,2864,,,,,,,,GAOBQMJDBD
2707,2865,,,,,,,,GAPKQYHFJE
2708,2866,,,,,,,,GAPRNEMDMA
2709,2867,,,,,,,,GARUTTJFYD
2710,2868,,,,,,,,GAVIYCTMCR
2711,2869,,,,,,,,GAWCJFEMSX
2712,2870,,,,,,,,GAWRYVXZZU
2713,2871,,,,,,,,GAZJMEHTTL
2714,2872,,,,,,,,GBBIKMVVOT
2715,2873,,,,,,,,GBBYILOWQV
2716,2874,,,,,,,,GBCAZJZBUZ
2717,2875,,,,,,,,GBDPJHCUPO
2718,2876,,,,,,,,GBIKUBYRHQ
2719,2877,,,,,,,,GBJINZMFHX
2720,2878,,,,,,,,GBKUHJVHUS
2721,2879,,,,,,,,GBMGSVEEJO
2722,2880,,,,,,,,GBMHURQYMR
2723,2881,,,,,,,,GBNFFMATUK
2724,2882,,,,,,,,GBONIAVWVR
2725,2883,,,,,,,,GBOQQZTFHB
2726,2884,,,,,,,,GBPXANCBCR
2727,2885,,,,,,,,GBQIGVHXBR
2728,2886,,,,,,,,GBSPVMDMFW
2729,2887,,,,,,,,GBVDIPFZHT
2730,2888,,,,,,,,GBVNZOYBIG
2731,2889,,,,,,,,GBYBMAKUBN
2732,2890,,,,,,,,GBZLVZYSDR
2733,2891,,,,,,,,GCAOMPMWXC
2734,2892,,,,,,,,GCARJTXGJB
2735,2893,,,,,,,,GCEQIFBWMC
2736,2894,,,,,,,,GCGNBKJPDC
2737,2895,,,,,,,,GCIIZJBEAJ
2738,2896,,,,,,,,GCLFMKCFNK
2739,2897,,,,,,,,GCLJMZAWBH
2740,2898,,,,,,,,GCNLFBLFJH
2741,2899,,,,,,,,GCQSRFHCGZ
2742,2900,,,,,,,,GCTWJEPMXU
2743,2901,,,,,,,,GCUOLNPVTZ
2744,2902,,,,,,,,GCVZPXUXFN
2745,2903,,,,,,,,GDCMUKTWEV
2746,2904,,,,,,,,GDDXICGHEH
2747,2905,,,,,,,,GDECBMAPPI
2748,2907,,,,,,,,GDECQMWAME
2749,2908,,,,,,,,GDHKLCOAZU
2750,2909,,,,,,,,GDMEBGLZFE
2751,2910,,,,,,,,GDMNSMQJLK
2752,2911,,,,,,,,GDQWQFEPFD
2753,2912,,,,,,,,GDQZLIOCWR
2754,2914,,,,,,,,GDRPVPMVTG
2755,2915,,,,,,,,GDTKXWIWGU
2756,2916,,,,,,,,GDXGFYNFED
2757,2917,,,,,,,,GDXMFAGVKI
2758,2918,,,,,,,,GDZAYWDSDG
2759,2919,,,,,,,,GDZHEDQPQQ
2760,2920,,,,,,,,GEAAUORXJA
2761,2921,,,,,,,,GECIHWEGLP
2762,2922,,,,,,,,GEGNRMZALH
2763,2923,,,,,,,,GEGVQJFIQL
2764,2924,,,,,,,,GEIWQEGQTL
2765,2925,,,,,,,,GEIWRVRHQB
2766,2926,,,,,,,,GEKHNHYLCP
2767,2928,,,,,,,,GEKXBVEMOO
2768,2929,,,,,,,,GELHLRACUF
2769,2930,,,,,,,,GELMJNGNIW
2770,2931,,,,,,,,GENTXWRVFK
2771,2932,,,,,,,,GEPHBFTDHW
2772,2933,,,,,,,,GEPNYAAZSR
2773,2934,,,,,,,,GETTHFHAFZ
2774,2935,,,,,,,,GEULWKFZBA
2775,2936,,,,,,,,GEZKTJNKPE
2776,2937,,,,,,,,GEZRQHGEMV
2777,2939,,,,,,,,GFBENDGAGW
2778,2940,,,,,,,,GFBUCEORPW
2779,2941,,,,,,,,GFEUJRGVUZ
2780,2942,,,,,,,,GFKDXGPXJI
2781,2943,,,,,,,,GFLNGBWNFI
2782,2944,,,,,,,,GFOJSJSALK
2783,2945,,,,,,,,GFPJGCYNUE
2784,2946,,,,,,,,GFQGRZCCWD
2785,2947,,,,,,,,GFSEFEEUIO
2786,2948,,,,,,,,GFULQOQKGL
2787,2949,,,,,,,,GFWBYFRYMT
2788,2950,,,,,,,,GFXWWTXGKC
2789,2951,,,,,,,,GGAPGXQWKQ
2790,2952,,,,,,,,GGBYQFWFSP
2791,2953,,,,,,,,GGEOFPDFKX
2792,2954,,,,,,,,GGEXKPGNHK
2793,2955,,,,,,,,GGFUOLCAME
2794,2956,,,,,,,,GGFXXCBYCI
2795,2957,,,,,,,,GGHJPVWDXI
2796,2958,,,,,,,,GGLAOITADT
2797,2959,,,,,,,,GGLHKSLNYD
2798,2960,,,,,,,,GGLMCUQHZM
2799,2961,,,,,,,,GGNEKJDKBS
2800,2962,,,,,,,,GGNNPEKVQT
2801,2964,,,,,,,,GGNWGWGBHZ
2802,2965,,,,,,,,GGNXBNKFVF
2803,2966,,,,,,,,GGOAWVZBJD
2804,2967,,,,,,,,GGQKUOBRVT
2805,2968,,,,,,,,GGRVAJVJGV
2806,2969,,,,,,,,GGSRFVFJXE
2807,2970,,,,,,,,GGTQMDMDBI
2808,2971,,,,,,,,GGXODZYVQD
2809,2972,,,,,,,,GGYMIURISD
2810,2973,,,,,,,,GGZTXXTTGD
2811,2974,,,,,,,,GHADJPRJTB
2812,2975,,,,,,,,GHBRMUFJZU
2813,2976,,,,,,,,GHELMGFUYD
2814,2977,,,,,,,,GHEUPKGPZM
2815,2978,,,,,,,,GHEVFTNQFP
2816,2980,,,,,,,,GHFAOFIZZO
2817,2981,,,,,,,,GHGDZUADLU
2818,2982,,,,,,,,GHHQMHJJRD
2819,2983,,,,,,,,GHNCYYMMTP
2820,2984,,,,,,,,GHUCZMQEAN
2821,2986,,,,,,,,GHWGFOBAFC
2822,2987,,,,,,,,GHWRYBXXLH
2823,2988,,,,,,,,GHWXWFGUJP
2824,2989,,,,,,,,GHXYCNMFKQ
2825,2990,,,,,,,,GHYHBHQDUJ
2826,2991,,,,,,,,GIAKGUELNJ
2827,2992,,,,,,,,GIBIFRRMAT
2828,2993,,,,,,,,GICOYCBSWK
2829,2994,,,,,,,,GIEPBWRNEG
2830,2995,,,,,,,,GIERUELRJY
2831,2996,,,,,,,,GIFDTFRFGT
2832,2997,,,,,,,,GIGEHSKIAB
2833,2998,,,,,,,,GIGIGJRVIS
2834,2999,,,,,,,,GIITJSLSOA
2835,3000,,,,,,,,GIKZSFJXCL
2836,3001,,,,,,,,GILKDWEVJM
2837,3002,,,,,,,,GIUUFZXAXH
2838,3003,,,,,,,,GIZCDZYDTM
2839,3004,,,,,,,,GIZLOHLVFC
2840,3005,,,,,,,,GIZRDRJCZP
2841,3006,,,,,,,,GJCACQCAVW
2842,3007,,,,,,,,GJEGPEBZDF
2843,3008,,,,,,,,GJEQPUHSEI
2844,3009,,,,,,,,GJFNBVHURZ
2845,3010,,,,,,,,GJHXZXXJYV
2846,3011,,,,,,,,GJHYSAYGHG
2847,3012,,,,,,,,GJJKERKNLY
2848,3013,,,,,,,,GJJUVPMKBX
2849,3014,,,,,,,,GJKAQXFBHF
2850,3015,,,,,,,,GJMEQGGZGH
2851,3016,,,,,,,,GJSHULOTPK
2852,3017,,,,,,,,GJTFJMYXNT
2853,3018,,,,,,,,GJTQDARNQY
2854,3019,,,,,,,,GJUHKGMOAK
2855,3020,,,,,,,,GJUUTJQKSV
2856,3021,,,,,,,,GJVEZDOBLT
2857,3022,,,,,,,,GJWMTKMLAM
2858,3023,,,,,,,,GJXNYVIHFB
2859,3024,,,,,,,,GJYTOIEFVK
2860,3025,,,,,,,,GKDQBVZLWK
2861,3026,,,,,,,,GKFQWCRWRO
2862,3027,,,,,,,,GKFTVSHAKI
2863,3028,,,,,,,,GKIHITQJGU
2864,3029,,,,,,,,GKKRXFOQTZ
2865,3030,,,,,,,,GKLJMLPRSH
2866,3031,,,,,,,,GKNPKNDGMF
2867,3032,,,,,,,,GKNTLGMLBI
2868,3033,,,,,,,,GKNVETDHBJ
2869,3034,,,,,,,,GKOFZOWNXE
2870,3035,,,,,,,,GKRZRAHZRE
2871,3036,,,,,,,,GKTBZBZHDJ
2872,3038,,,,,,,,GKVTGQWJAL
2873,3039,,,,,,,,GKWDWFWLCX
2874,3040,,,,,,,,GKXBVJRBDP
2875,3042,,,,,,,,GKYCYOPUND
2876,3043,,,,,,,,GKZGPPNQSD
2877,3044,,,,,,,,GLBNJIRCHJ
2878,3045,,,,,,,,GLBOWXUIBA
2879,3046,,,,,,,,GLCVYQSZVP
2880,3047,,,,,,,,GLFWEABTLI
2881,3048,,,,,,,,GLGGURIYSG
2882,3049,,,,,,,,GLHVALFSBD
2883,3050,,,,,,,,GLIADBEJXR
2884,3051,,,,,,,,GLIJTRVNUM
2885,3052,,,,,,,,GLJNYXWPMV
2886,3053,,,,,,,,GLJSWMIXBE
2887,3054,,,,,,,,GLLZPMGDWI
2888,3056,,,,,,,,GLNBPFRWJK
2889,3057,,,,,,,,GLNRLTZLAV
2890,3058,,,,,,,,GLOKOQHXCU
2891,3060,,,,,,,,GLQFSOGTFU
2892,3061,,,,,,,,GLSYUOBZQM
2893,3062,,,,,,,,GLVSJIUYZD
2894,3063,,,,,,,,GLWBLJFMKG
2895,3064,,,,,,,,GLWKLQOHJE
2896,3065,,,,,,,,GLWOXGBVRO
2897,3066,,,,,,,,GMCMLSFPNA
2898,3068,,,,,,,,GMFENZGIQZ
2899,3069,,,,,,,,GMHLTNPXMZ
2900,3070,,,,,,,,GMOWCOEWOY
2901,3071,,,,,,,,GMTZWDSGQQ
2902,3072,,,,,,,,GMUHHXGHUO
2903,3073,,,,,,,,GMWEVUCQOA
2904,3074,,,,,,,,GMXEAQAOAY
2905,3075,,,,,,,,GMXYOPQFRS
2906,3076,,,,,,,,GMYVVTZCYN
2907,3077,,,,,,,,GMZNXQFZMZ
2908,3078,,,,,,,,GMZQGGGOUW
2909,3079,,,,,,,,GNDTLQTAPP
2910,3080,,,,,,,,GNDZVVGMOJ
2911,3081,,,,,,,,GNGCTNNMUC
2912,3082,,,,,,,,GNITSSRFJN
2913,3083,,,,,,,,GNJDENWRYK
2914,3084,,,,,,,,GNJGSTEDDI
2915,3085,,,,,,,,GNKLDUTEZX
2916,3086,,,,,,,,GNLHIHIGMS
2917,3087,,,,,,,,GNLTNDHKZJ
2918,3088,,,,,,,,GNNGOXCAPG
2919,3089,,,,,,,,GNNQWFOYGK
2920,3090,,,,,,,,GNPPTOQUAZ
2921,3092,,,,,,,,GNPUIQCNPV
2922,3093,,,,,,,,GNQTZVMJKB
2923,3094,,,,,,,,GNRDXTOOKC
2924,3095,,,,,,,,GNSIXZXQJT
2925,3097,,,,,,,,GNTQECSJQR
2926,3098,,,,,,,,GNWLCCUGFL
2927,3099,,,,,,,,GNWNISITMT
2928,3100,,,,,,,,GNYQCKSWBZ
2929,3101,,,,,,,,GOBQDIQZOF
2930,3102,,,,,,,,GOCSBPGTMV
2931,3103,,,,,,,,GODLLACMDB
2932,3104,,,,,,,,GOGGTKNAMI
2933,3105,,,,,,,,GOGUKCRQFA
2934,3106,,,,,,,,GOGYTAZNBX
2935,3107,,,,,,,,GOJVBFFDUL
2936,3108,,,,,,,,GOKNLQFDHK
2937,3109,,,,,,,,GONFLQDQCS
2938,3110,,,,,,,,GOOOBEZOSE
2939,3111,,,,,,,,GOOTWWLWDR
2940,3112,,,,,,,,GORBNPZQTL
2941,3113,,,,,,,,GOTKLLQQLX
2942,3114,,,,,,,,GOUPNNKNGF
2943,3115,,,,,,,,GPAJYBIHMO
2944,3116,,,,,,,,GPANBPLGNY
2945,3117,,,,,,,,GPFMKTEPJQ
2946,3118,,,,,,,,GPGRQWWBVL
2947,3119,,,,,,,,GPHQCQMAPX
2948,3120,,,,,,,,GPISPJWFPN
2949,3121,,,,,,,,GPIXIKVBIS
2950,3122,,,,,,,,GPMNIFFGUP
2951,3123,,,,,,,,GPMVLLZINW
2952,3124,,,,,,,,GPOOHMAPCQ
2953,3125,,,,,,,,GPQMWQTSKW
2954,3126,,,,,,,,GPRDZKAKXH
2955,3127,,,,,,,,GPRFFBTOXR
2956,3129,,,,,,,,GPUQDYMNZA
2957,3130,,,,,,,,GPVPYLWFUC
2958,3131,,,,,,,,GPXFVSTLKK
2959,3132,,,,,,,,GPZQGUPFJL
2960,3133,,,,,,,,GQAEXOPJQQ
2961,3134,,,,,,,,GQAOPBRBXZ
2962,3135,,,,,,,,GQAPHMNXBK
2963,3136,,,,,,,,GQFAPLTWYX
2964,3137,,,,,,,,GQFYRFUHDX
2965,3138,,,,,,,,GQGTWRGUIG
2966,3139,,,,,,,,GQGURLBGUM
2967,3140,,,,,,,,GQJEQLIFXI
2968,3141,,,,,,,,GQJFASLIZU
2969,3142,,,,,,,,GQKGIDELOD
2970,3143,,,,,,,,GQMIXQODIB
2971,3144,,,,,,,,GQOFEJUYWA
2972,3145,,,,,,,,GQRRHSOYYC
2973,3146,,,,,,,,GQSCNUXFJG
2974,3147,,,,,,,,GQSYXAOGVB
2975,3148,,,,,,,,GQTDRKDLZR
2976,3149,,,,,,,,GQUNZKDSBV
2977,3150,,,,,,,,GQWHSAEMBC
2978,3151,,,,,,,,GQWHWIWZQQ
2979,3152,,,,,,,,GQXWVIWXWP
2980,3153,,,,,,,,GQXXGOMICE
2981,3154,,,,,,,,GQYVGMQDCQ
2982,3155,,,,,,,,GRAZNPWQBA
2983,3156,,,,,,,,GRDBMUTEGG
2984,3157,,,,,,,,GRDBZBHPAP
2985,3158,,,,,,,,GRDCOFTZFK
2986,3159,,,,,,,,GRETLHHWXF
2987,3160,,,,,,,,GRFLLGXKFI
2988,3161,,,,,,,,GRHWTVCXAZ
2989,3162,,,,,,,,GRJLNUSDPM
2990,3163,,,,,,,,GRJODJJLAI
2991,3164,,,,,,,,GRLCFDTVLK
2992,3165,,,,,,,,GRNYTMWKFV
2993,3166,,,,,,,,GRQGEVTJVF
2994,3167,,,,,,,,GRQUDAGXTT
2995,3168,,,,,,,,GRRTBQGHHS
2996,3169,,,,,,,,GRUBWAMZBO
2997,3170,,,,,,,,GRUOPWQOYV
2998,3171,,,,,,,,GRVKHOMHJI
2999,3172,,,,,,,,GRWMXBUFPW
3000,3173,,,,,,,,GRZFJXOBAJ
3001,3174,,,,,,,,GSABVMNDJX
3002,3175,,,,,,,,GSDUMGKKZO
3003,3176,,,,,,,,GSGROZLOUE
3004,3177,,,,,,,,GSLXOVNNCP
3005,3178,,,,,,,,GSMGYHLUEX
3006,3179,,,,,,,,GSNQUUFPWA
3007,3180,,,,,,,,GSNZTGFRAD
3008,3181,,,,,,,,GSQFOQBHZJ
3009,3182,,,,,,,,GSUNVNIRDR
3010,3183,,,,,,,,GSXAXVUFOM
3011,3184,,,,,,,,GSXHICHGMI
3012,3185,,,,,,,,GSXSVCJTHZ
3013,3186,,,,,,,,GSXZEMXMYI
3014,3187,,,,,,,,GSYSUROBSE
3015,3188,,,,,,,,GSZCMZCXAB
3016,3189,,,,,,,,GTAQIBEWZJ
3017,3190,,,,,,,,GTFXCMFYFM
3018,3191,,,,,,,,GTGEHBWMXT
3019,3193,,,,,,,,GTGNWVFZQN
3020,3194,,,,,,,,GTHYUDMTNQ
3021,3195,,,,,,,,GTIIGDRUOJ
3022,3196,,,,,,,,GTIIQACZYE
3023,3197,,,,,,,,GTLDDDDLYV
3024,3198,,,,,,,,GTMDOJJBZH
3025,3199,,,,,,,,GTMVAFKEDF
3026,3200,,,,,,,,GTMXEIVJHW
3027,3201,,,,,,,,GTNKUTMENI
3028,3202,,,,,,,,GTQQOYTENF
3029,3203,,,,,,,,GTRDKDQXRV
3030,3204,,,,,,,,GTSDIWDKYT
3031,3205,,,,,,,,GTSKRSKDYB
3032,3206,,,,,,,,GTUNUJACKT
3033,3207,,,,,,,,GUDIAEZCXZ
3034,3208,,,,,,,,GUEWIPZNMW
3035,3209,,,,,,,,GUFFSQGTRQ
3036,3210,,,,,,,,GUGOZBWNTT
3037,3211,,,,,,,,GUHBYVNZQA
3038,3212,,,,,,,,GUHJUXCUAI
3039,3213,,,,,,,,GUJRXZMAUG
3040,3214,,,,,,,,GUNQTPTFHC
3041,3215,,,,,,,,GUNVFBQZGX
3042,3216,,,,,,,,GUQCLAZILZ
3043,3217,,,,,,,,GUROLQXXPM
3044,3218,,,,,,,,GUSFBJWRPN
3045,3219,,,,,,,,GUSSEXLMNU
3046,3220,,,,,,,,GUVBWWDMSM
3047,3221,,,,,,,,GUVWKAXSHF
3048,3222,,,,,,,,GUWBQQPESD
3049,3223,,,,,,,,GUYYKLOKFB
3050,3224,,,,,,,,GUZPSGZECT
3051,3225,,,,,,,,GVBEYKSPKF
3052,3226,,,,,,,,GVCVZTEOPG
3053,3227,,,,,,,,GVDWYIDILJ
3054,3228,,,,,,,,GVEDLFTVZC
3055,3229,,,,,,,,GVEONZLTHP
3056,3230,,,,,,,,GVIKENFAAJ
3057,3231,,,,,,,,GVJMBTSGPA
3058,3232,,,,,,,,GVJUDFBDNZ
3059,3233,,,,,,,,GVMKANGDLE
3060,3234,,,,,,,,GVNYJIQDLA
3061,3235,,,,,,,,GVOXGOIGLY
3062,3236,,,,,,,,GVPJUDJNSS
3063,3238,,,,,,,,GVRXMBPTBC
3064,3239,,,,,,,,GVTKMODQEZ
3065,3240,,,,,,,,GVVFTEKIIR
3066,3241,,,,,,,,GVZKADOYVQ
3067,3242,,,,,,,,GVZOYSTNLF
3068,3243,,,,,,,,GVZQYVYHXC
3069,3244,,,,,,,,GWAFNZUXER
3070,3245,,,,,,,,GWBQQPPMTK
3071,3246,,,,,,,,GWDLGJSVRJ
3072,3247,,,,,,,,GWDULVNRYC
3073,3248,,,,,,,,GWEHWBNFXA
3074,3249,,,,,,,,GWEMHRLVWN
3075,3250,,,,,,,,GWFJTZVNJQ
3076,3251,,,,,,,,GWFWSQUJNI
3077,3252,,,,,,,,GWGDCIBJFC
3078,3253,,,,,,,,GWGXTBPWND
3079,3254,,,,,,,,GWHBSPEWTX
3080,3255,,,,,,,,GWIQUCTEST
3081,3256,,,,,,,,GWJPJOXKXH
3082,3257,,,,,,,,GWJTIHBCYR
3083,3258,,,,,,,,GWLDLDZOME
3084,3259,,,,,,,,GWNOZVRSRB
3085,3260,,,,,,,,GWNRYYNDFX
3086,3261,,,,,,,,GWNTIVKXPE
3087,3262,,,,,,,,GWOEZWKYXW
3088,3263,,,,,,,,GWORPODTYF
3089,3264,,,,,,,,GWPUIJWUNF
3090,3265,,,,,,,,GWPZHOQAZS
3091,3266,,,,,,,,GWQWPDNRCH
3092,3267,,,,,,,,GWSKBWALJE
3093,3268,,,,,,,,GWVOMKMNVV
3094,3269,,,,,,,,GWXIKQCJDJ
3095,3270,,,,,,,,GWYOFARDAD
3096,3271,,,,,,,,GWZEZCVFIE
3097,3272,,,,,,,,GWZXZIHOZT
3098,3273,,,,,,,,GXEFOLHTPO
3099,3274,,,,,,,,GXFLOWQZBT
3100,3275,,,,,,,,GXLGOBWSGK
3101,3276,,,,,,,,GXMBTGHLCO
3102,3277,,,,,,,,GXOONYJGBX
3103,3278,,,,,,,,GXORSRWIEK
3104,3279,,,,,,,,GXPBUMMUGW
3105,3280,,,,,,,,GXPZDDWDVT
3106,3281,,,,,,,,GXRWMJLQYE
3107,3282,,,,,,,,GXSTJBLQVH
3108,3283,,,,,,,,GXUPMVDSZQ
3109,3284,,,,,,,,GXWCPZVDHC
3110,3285,,,,,,,,GXWHOUHCVD
3111,3286,,,,,,,,GXZBNAZTDY
3112,3287,,,,,,,,GYCEGUAARE
3113,3288,,,,,,,,GYDWJHVHVU
3114,3289,,,,,,,,GYHEYUAPSA
3115,3290,,,,,,,,GYHFQSCQRQ
3116,3291,,,,,,,,GYKGYYKJKQ
3117,3292,,,,,,,,GYRKBJNHIG
3118,3293,,,,,,,,GYSWIJWFTD
3119,3295,,,,,,,,GYUCTUREHS
3120,3296,,,,,,,,GYYCNTMEQP
3121,3297,,,,,,,,GYZUWAFLNL
3122,3298,,,,,,,,GZCRORFLBU
3123,3299,,,,,,,,GZGRYIUYXT
3124,3300,,,,,,,,GZLWRGUYRT
3125,3302,,,,,,,,GZTFMARFKG
3126,3303,,,,,,,,GZUQARHZTS
3127,3304,,,,,,,,GZVXZAPOSB
3128,3305,,,,,,,,GZZHIHUITK
3129,3306,,,,,,,,HACWKQDRIX
3130,3307,,,,,,,,HAEWWPTPZG
3131,3308,,,,,,,,HAGGBWETXA
3132,3309,,,,,,,,HAIFZYTKPE
3133,3310,,,,,,,,HAIUOQJSTM
3134,3311,,,,,,,,HAJNWGSOHF
3135,3312,,,,,,,,HAJSICTXBY
3136,3313,,,,,,,,HALSOOJXJV
3137,3314,,,,,,,,HALZQIJHBT
3138,3315,,,,,,,,HAMPHSCDPW
3139,3316,,,,,,,,HAOFDJNSJZ
3140,3317,,,,,,,,HAPEKPSQAS
3141,3318,,,,,,,,HAQUMTWOGV
3142,3319,,,,,,,,HAUVLSWLFM
3143,3320,,,,,,,,HAUZHOWCXX
3144,3321,,,,,,,,HAVYTCWJGT
3145,3322,,,,,,,,HAXCAGXQTA
3146,3323,,,,,,,,HAXZQCGENH
3147,3324,,,,,,,,HAYIQTDOOL
3148,3325,,,,,,,,HAYSPOVLGY
3149,3326,,,,,,,,HAZMVHBOJI
3150,3327,,,,,,,,HBASKBDSRF
3151,3328,,,,,,,,HBBTFZHGOB
3152,3329,,,,,,,,HBCOGNZHHI
3153,3330,,,,,,,,HBENNLLTCU
3154,3331,,,,,,,,HBETTGEYHR
3155,3332,,,,,,,,HBFWOMERBL
3156,3333,,,,,,,,HBGYOUWFFS
3157,3334,,,,,,,,HBHHIWXPLJ
3158,3335,,,,,,,,HBHHYKDXCL
3159,3336,,,,,,,,HBHQOERLHE
3160,3337,,,,,,,,HBHUHYEMVC
3161,3338,,,,,,,,HBIALDFKUD
3162,3339,,,,,,,,HBJKEMZGQN
3163,3340,,,,,,,,HBKBXWABVD
3164,3341,,,,,,,,HBNAXBXDFP
3165,3342,,,,,,,,HBNCLHZWAK
3166,3343,,,,,,,,HBNJVOURIO
3167,3344,,,,,,,,HBWNLUFQON
3168,3345,,,,,,,,HBXANFBAOF
3169,3346,,,,,,,,HBXKLTQQPC
3170,3347,,,,,,,,HBXNNRNTBN
3171,3348,,,,,,,,HCBYVTUIPQ
3172,3349,,,,,,,,HCCUVOFNFM
3173,3350,,,,,,,,HCFTYJYESU
3174,3351,,,,,,,,HCFYLOILVZ
3175,3352,,,,,,,,HCJVZKHKVQ
3176,3353,,,,,,,,HCNJTQWMDQ
3177,3354,,,,,,,,HCOZRPVJEW
3178,3355,,,,,,,,HCPDPTROOV
3179,3356,,,,,,,,HCREGJQJFB
3180,3357,,,,,,,,HCRSLFTWSB
3181,3358,,,,,,,,HCRZIWTZRI
3182,3359,,,,,,,,HCSAVGRAUX
3183,3360,,,,,,,,HCSPRBAPVR
3184,3361,,,,,,,,HCWEXRGKXD
3185,3362,,,,,,,,HCWLRSBZIR
3186,3363,,,,,,,,HCWNMIFXTR
3187,3364,,,,,,,,HCXNYWZYNW
3188,3365,,,,,,,,HCYPORZXMC
3189,3366,,,,,,,,HCZBAMVUMF
3190,3367,,,,,,,,HCZWNFKERC
3191,3368,,,,,,,,HDEGVLLLJR
3192,3369,,,,,,,,HDENBNBMNF
3193,3370,,,,,,,,HDFHPVKFSU
3194,3371,,,,,,,,HDIIQLMWLA
3195,3372,,,,,,,,HDJCJFLYVH
3196,3373,,,,,,,,HDLFCWFBHC
3197,3374,,,,,,,,HDLNFAFHHC
3198,3375,,,,,,,,HDODILIFSX
3199,3376,,,,,,,,HDOZQQMNSJ
3200,3377,,,,,,,,HDQUVRCDAM
3201,3378,,,,,,,,HDQZHEJSVW
3202,3379,,,,,,,,HDTREUUIBU
3203,3380,,,,,,,,HDYCIPXLLI
3204,3381,,,,,,,,HDYFEQTRWA
3205,3382,,,,,,,,HEAGYFQAZL
3206,3383,,,,,,,,HEBKAPJKRP
3207,3384,,,,,,,,HEFSFEGAUU
3208,3385,,,,,,,,HEGIDLLTOB
3209,3386,,,,,,,,HEGJHXBSAE
3210,3387,,,,,,,,HEKMTWYISO
3211,3388,,,,,,,,HEMAPGTMFR
3212,3389,,,,,,,,HENWYCRKMX
3213,3390,,,,,,,,HEONZEDHQB
3214,3391,,,,,,,,HEOUAUCBRJ
3215,3392,,,,,,,,HERODGTAFV
3216,3393,,,,,,,,HESHWYIAVV
3217,3394,,,,,,,,HETVBNCOQN
3218,3396,,,,,,,,HFAELPLBNU
3219,3397,,,,,,,,HFAKCSDRXC
3220,3398,,,,,,,,HFBCXDBBSF
3221,3399,,,,,,,,HFDOWAYFEL
3222,3400,,,,,,,,HFELNNHTEW
3223,3401,,,,,,,,HFEYBQVXPP
3224,3403,,,,,,,,HFFHVBFGQR
3225,3404,,,,,,,,HFIMOSBBND
3226,3405,,,,,,,,HFJPBGGINZ
3227,3406,,,,,,,,HFJZPDTZWW
3228,3408,,,,,,,,HFKGKUVHCG
3229,3409,,,,,,,,HFNFUECXAA
3230,3410,,,,,,,,HFOAZRABSZ
3231,3411,,,,,,,,HFQKELTKRY
3232,3412,,,,,,,,HFQVPCTMEN
3233,3413,,,,,,,,HFTCPXBBDE
3234,3414,,,,,,,,HFUBBLQXRF
3235,3415,,,,,,,,HFXWCNIFIM
3236,3416,,,,,,,,HFXYUQNTLQ
3237,3417,,,,,,,,HFXZQTXWFW
3238,3418,,,,,,,,HFYPCBOBHL
3239,3419,,,,,,,,HFZPHGFZED
3240,3420,,,,,,,,HGIYWXYHMV
3241,3421,,,,,,,,HGKDJXJDBB
3242,3422,,,,,,,,HGLHSPAORG
3243,3423,,,,,,,,HGMFEWHGAR
3244,3424,,,,,,,,HGMTTMGRRB
3245,3425,,,,,,,,HGPAVFVYMR
3246,3426,,,,,,,,HGTFZPSAPJ
3247,3427,,,,,,,,HGTMKBBHYU
3248,3428,,,,,,,,HGUFZPFKOQ
3249,3429,,,,,,,,HGULPCHYYD
3250,3430,,,,,,,,HGXFZJELII
3251,3432,,,,,,,,HGXTZMAJMJ
3252,3433,,,,,,,,HHCKADEMCC
3253,3434,,,,,,,,HHCLEBWEJP
3254,3435,,,,,,,,HHCMFUVOTX
3255,3436,,,,,,,,HHCOLRGNAV
3256,3437,,,,,,,,HHEHNCZHOK
3257,3438,,,,,,,,HHEJBRIZCB
3258,3439,,,,,,,,HHEPIJFBOT
3259,3440,,,,,,,,HHGQCEQDJF
3260,3441,,,,,,,,HHGSAYDSNK
3261,3442,,,,,,,,HHGZERZWPR
3262,3445,,,,,,,,HHHHNXXVQW
3263,3446,,,,,,,,HHKDVEJWZE
3264,3447,,,,,,,,HHLNXDJBGR
3265,3448,,,,,,,,HHLWOSKLAU
3266,3449,,,,,,,,HHMMCVJSMA
3267,3450,,,,,,,,HHVDNJFZQU
3268,3451,,,,,,,,HHVZYFEERE
3269,3452,,,,,,,,HHZAADKBJV
3270,3453,,,,,,,,HHZPDQMQLT
3271,3454,,,,,,,,HHZXCGKWMM
3272,3455,,,,,,,,HIBQPKCHNA
3273,3456,,,,,,,,HICVGOZMGQ
3274,3457,,,,,,,,HIDCKOGXOL
3275,3458,,,,,,,,HIESQLTKAT
3276,3459,,,,,,,,HIGFFFZBXL
3277,3460,,,,,,,,HIIGBXFUTF
3278,3461,,,,,,,,HILSPTSIYF
3279,3462,,,,,,,,HIMHIEEQLR
3280,3463,,,,,,,,HINEXJIUGS
3281,3464,,,,,,,,HINGPSFRDB
3282,3465,,,,,,,,HIOWAKEDPE
3283,3466,,,,,,,,HIPDOPSLGM
3284,3467,,,,,,,,HIQKMMRQPM
3285,3468,,,,,,,,HIQNOBEOCS
3286,3469,,,,,,,,HIRVDNLPZP
3287,3470,,,,,,,,HITAYUTMFO
3288,3471,,,,,,,,HIUCOLIGHC
3289,3472,,,,,,,,HIUTESWIGV
3290,3473,,,,,,,,HIVLJPQUSU
3291,3474,,,,,,,,HIYCCDTRVC
3292,3475,,,,,,,,HIZYYEUKWG
3293,3477,,,,,,,,HJBPBAWRXD
3294,3478,,,,,,,,HJCCRAEWWB
3295,3479,,,,,,,,HJCFOGDEQK
3296,3480,,,,,,,,HJDHFWWILX
3297,3481,,,,,,,,HJDTYKCBCK
3298,3482,,,,,,,,HJDYVBDWEE
3299,3483,,,,,,,,HJFUYMEYGI
3300,3484,,,,,,,,HJHHGYHOOS
3301,3485,,,,,,,,HJIGFQYCPR
3302,3486,,,,,,,,HJJDHAYWRE
3303,3487,,,,,,,,HJJTBEDKUL
3304,3488,,,,,,,,HJKYKZECLW
3305,3489,,,,,,,,HJLDOUDXLN
3306,3490,,,,,,,,HJPVFTDGAI
3307,3491,,,,,,,,HJPZJTQTAZ
3308,3492,,,,,,,,HJQCCNMBGT
3309,3493,,,,,,,,HJTICKHEKD
3310,3494,,,,,,,,HJXWAHPCSM
3311,3495,,,,,,,,HJYAGRDHCY
3312,3496,,,,,,,,HJYEYHSBHJ
3313,3497,,,,,,,,HJYUGBHTAR
3314,3498,,,,,,,,HJZSFDIBMZ
3315,3499,,,,,,,,HKABVLHSCS
3316,3500,,,,,,,,HKARCHHZRP
3317,3501,,,,,,,,HKBEXECHXY
3318,3503,,,,,,,,HKBYMPUPFL
3319,3504,,,,,,,,HKEDECDCDL
3320,3505,,,,,,,,HKJBOKXAHS
3321,3507,,,,,,,,HKJMHDUCEB
3322,3508,,,,,,,,HKMYROODFU
3323,3509,,,,,,,,HKODQRVLNY
3324,3510,,,,,,,,HKQOMGZHTD
3325,3511,,,,,,,,HKQPLFPOYF
3326,3513,,,,,,,,HKSFUXDZOM
3327,3514,,,,,,,,HKVSYDPOPO
3328,3515,,,,,,,,HKYBSUWDHU
3329,3516,,,,,,,,HKYRCDTOWI
3330,3517,,,,,,,,HLCCNLSQMQ
3331,3518,,,,,,,,HLCTTKMFRF
3332,3519,,,,,,,,HLCXZMGQWK
3333,3520,,,,,,,,HLCZWBWCWM
3334,3521,,,,,,,,HLDCVZQDOP
3335,3522,,,,,,,,HLFVQGPPIO
3336,3523,,,,,,,,HLGOIXRKVM
3337,3524,,,,,,,,HLJXRKRVFK
3338,3525,,,,,,,,HLNVUVQZMA
3339,3527,,,,,,,,HLNZUXWXTB
3340,3529,,,,,,,,HLOYKMWOUY
3341,3530,,,,,,,,HLQKWAPGKI
3342,3531,,,,,,,,HLTBRSEZNQ
3343,3532,,,,,,,,HLTXFLPBYO
3344,3533,,,,,,,,HLUQLEIMVQ
3345,3534,,,,,,,,HLVPDIEXNW
3346,3535,,,,,,,,HLXXORNUVI
3347,3536,,,,,,,,HLZEJPIRRZ
3348,3537,,,,,,,,HMAWREXHAQ
3349,3538,,,,,,,,HMDNTEQHDE
3350,3539,,,,,,,,HMDPZBYLRK
3351,3540,,,,,,,,HMFVZCVRFY
3352,3541,,,,,,,,HMGFPBFNLG
3353,3542,,,,,,,,HMHDMSAHVA
3354,3543,,,,,,,,HMHFKJZZMS
3355,3544,,,,,,,,HMHUDPLPLH
3356,3545,,,,,,,,HMMFWMRHSF
3357,3546,,,,,,,,HMNFUOVOWZ
3358,3547,,,,,,,,HMNUJMQMUB
3359,3548,,,,,,,,HMQCFREADD
3360,3549,,,,,,,,HMQVNSPUYC
3361,3550,,,,,,,,HMWBWLIZXA
3362,3551,,,,,,,,HMYVRIRSZZ
3363,3552,,,,,,,,HNAYBJIECG
3364,3553,,,,,,,,HNCSCUVACM
3365,3554,,,,,,,,HNFWONATIJ
3366,3555,,,,,,,,HNHDGXPNMZ
3367,3556,,,,,,,,HNHWICUNVD
3368,3557,,,,,,,,HNKEFGEYSU
3369,3558,,,,,,,,HNMLZQKMRQ
3370,3559,,,,,,,,HNNNJCWKWD
3371,3560,,,,,,,,HNNQCMXQRB
3372,3561,,,,,,,,HNOIIGJUOP
3373,3562,,,,,,,,HNRVFJBZKC
3374,3563,,,,,,,,HNSCHORNIP
3375,3564,,,,,,,,HNSDIWGTZF
3376,3565,,,,,,,,HNSESHOKUV
3377,3566,,,,,,,,HNZNGBFMZR
3378,3567,,,,,,,,HOCGJKTYTT
3379,3568,,,,,,,,HOCXRFTJCU
3380,3569,,,,,,,,HODEHOYNJI
3381,3570,,,,,,,,HODKJTWQIQ
3382,3571,,,,,,,,HODQZOQNPV
3383,3572,,,,,,,,HODUQOJOOK
3384,3574,,,,,,,,HOGQNBTMJS
3385,3575,,,,,,,,HOGZQORMXN
3386,3576,,,,,,,,HOHMIPAGJV
3387,3577,,,,,,,,HOHNUYGZYW
3388,3578,,,,,,,,HOIBWAKOLD
3389,3579,,,,,,,,HOJMOZQULC
3390,3580,,,,,,,,HOJWGSWIGX
3391,3581,,,,,,,,HOKFZPMGSH
3392,3582,,,,,,,,HOKVCXTZAG
3393,3583,,,,,,,,HOLNKFCAGR
3394,3584,,,,,,,,HOOCRVVMAY
3395,3585,,,,,,,,HOOUVRXWNX
3396,3586,,,,,,,,HORLTPBBXW
3397,3587,,,,,,,,HOSKASBTYA
3398,3588,,,,,,,,HOVYUZIDIO
3399,3589,,,,,,,,HOYHQFEPJB
3400,3591,,,,,,,,HOYXXDMRMP
3401,3592,,,,,,,,HPDNXLWPMH
3402,3593,,,,,,,,HPEJYALSOO
3403,3594,,,,,,,,HPEOUNFBDW
3404,3595,,,,,,,,HPFNEJQPAL
3405,3596,,,,,,,,HPHSZYYDNS
3406,3597,,,,,,,,HPJMKSSYSR
3407,3598,,,,,,,,HPLLSEPLVT
3408,3599,,,,,,,,HPMAVVCQWD
3409,3600,,,,,,,,HPNVUGXQYR
3410,3601,,,,,,,,HPOQFVFXUK
3411,3602,,,,,,,,HPOTKEUGIS
3412,3603,,,,,,,,HPPVJSMXPH
3413,3604,,,,,,,,HPQBRWUPEX
3414,3605,,,,,,,,HPROWHSFYX
3415,3606,,,,,,,,HPRQIYDWFT
3416,3607,,,,,,,,HPSGYRUGWX
3417,3608,,,,,,,,HPTFZQBITX
3418,3610,,,,,,,,HPUNZBRNVF
3419,3611,,,,,,,,HPVTSLWSYQ
3420,3612,,,,,,,,HPZPIOTVMU
3421,3613,,,,,,,,HQBSJZAAYQ
3422,3614,,,,,,,,HQBUKMOFEG
3423,3615,,,,,,,,HQBYJNYLDM
3424,3616,,,,,,,,HQDFRBKHTZ
3425,3617,,,,,,,,HQGXUJBQCL
3426,3618,,,,,,,,HQHPIDBMUK
3427,3619,,,,,,,,HQIHXHWQGG
3428,3620,,,,,,,,HQIVCDNKYO
3429,3621,,,,,,,,HQMHSACEPR
3430,3622,,,,,,,,HQMTODYMEG
3431,3623,,,,,,,,HQNCYFQTYC
3432,3624,,,,,,,,HQOKDVKDUQ
3433,3625,,,,,,,,HQRJZHKULM
3434,3626,,,,,,,,HQRKBCASWE
3435,3627,,,,,,,,HQRLHXJKVG
3436,3628,,,,,,,,HQRTGOVLQM
3437,3629,,,,,,,,HQTOUENIFO
3438,3630,,,,,,,,HQWPPYZBNC
3439,3631,,,,,,,,HQXCEDQPVK
3440,3632,,,,,,,,HQXZWXBSPR
3441,3633,,,,,,,,HQYTCTZDJS
3442,3634,,,,,,,,HRICIDNWYD
3443,3635,,,,,,,,HRKSYJUPKD
3444,3636,,,,,,,,HRMLYFVLJW
3445,3637,,,,,,,,HRMYUNYBSF
3446,3638,,,,,,,,HRNDOKXLPS
3447,3639,,,,,,,,HRNRQWROFT
3448,3640,,,,,,,,HRPPZZFSPX
3449,3641,,,,,,,,HRSMECQFFU
3450,3642,,,,,,,,HRTNSVDVDB
3451,3643,,,,,,,,HRUZTMDNQV
3452,3644,,,,,,,,HRVBODKLWX
3453,3645,,,,,,,,HRVENXNVQF
3454,3646,,,,,,,,HRXBVUMYLP
3455,3647,,,,,,,,HRXFQXOGDV
3456,3648,,,,,,,,HRYHEXLOUX
3457,3650,,,,,,,,HRYLMUHRMB
3458,3651,,,,,,,,HSDIZOXQPZ
3459,3652,,,,,,,,HSELPYJMKK
3460,3653,,,,,,,,HSJNPLNMJE
3461,3654,,,,,,,,HSJPYYJSFM
3462,3655,,,,,,,,HSJRAWICYC
3463,3656,,,,,,,,HSJVHVITCA
3464,3657,,,,,,,,HSKKREQBIJ
3465,3658,,,,,,,,HSLJXNDNEX
3466,3659,,,,,,,,HSNSZMYFJV
3467,3660,,,,,,,,HSOCRYYXYZ
3468,3661,,,,,,,,HSODSGMMDR
3469,3662,,,,,,,,HSOLKWCTHI
3470,3663,,,,,,,,HSPQFRUDES
3471,3664,,,,,,,,HSQEMOHPZP
3472,3665,,,,,,,,HSQYRPGTMN
3473,3666,,,,,,,,HSQZDIWUQQ
3474,3667,,,,,,,,HSREKVTWOW
3475,3668,,,,,,,,HSTDQYUYCD
3476,3669,,,,,,,,HSUHZNOSEO
3477,3670,,,,,,,,HSULWPWXUQ
3478,3671,,,,,,,,HSVTLYKYYN
3479,3672,,,,,,,,HSVWSGGCDV
3480,3673,,,,,,,,HSXEYVBBHI
3481,3674,,,,,,,,HSZWHGBEWP
3482,3675,,,,,,,,HTCJWSTJVI
3483,3676,,,,,,,,HTDFYXXSQD
3484,3677,,,,,,,,HTERUIZPKJ
3485,3678,,,,,,,,HTGSXPQULO
3486,3679,,,,,,,,HTJUJMKTEK
3487,3680,,,,,,,,HTMEMDRHCA
3488,3681,,,,,,,,HTNEFYEOXE
3489,3682,,,,,,,,HTOVPJWDXH
3490,3683,,,,,,,,HTQFBBDVTG
3491,3684,,,,,,,,HTTJVXQYEV
3492,3685,,,,,,,,HTUDSBWCVT
3493,3686,,,,,,,,HTUIUEAPSS
3494,3687,,,,,,,,HTVOYCAQNA
3495,3688,,,,,,,,HTXTVMLEBK
3496,3689,,,,,,,,HTYDOZMUYS
3497,3690,,,,,,,,HTYHMENCBD
3498,3691,,,,,,,,HTYWKGXWGS
3499,3692,,,,,,,,HTZWYNVEOA
3500,3693,,,,,,,,HUASPJNAAP
3501,3694,,,,,,,,HUEEDTOETA
3502,3695,,,,,,,,HUGEGAFJMC
3503,3697,,,,,,,,HUIMLGLUBR
3504,3698,,,,,,,,HUOSHWZLON
3505,3699,,,,,,,,HUQXQWZJYL
3506,3700,,,,,,,,HURUJAUGHF
3507,3701,,,,,,,,HURYYMUXYZ
3508,3702,,,,,,,,HUSGLYYFKA
3509,3703,,,,,,,,HUVEKHNFHZ
3510,3704,,,,,,,,HUWRNMZZMF
3511,3705,,,,,,,,HUWWMYRIAI
3512,3706,,,,,,,,HVCOPEPTOZ
3513,3707,,,,,,,,HVGGUDJKNQ
3514,3708,,,,,,,,HVILKNAFRM
3515,3710,,,,,,,,HVITTGFWVM
3516,3711,,,,,,,,HVLFEWNXZX
3517,3712,,,,,,,,HVLSHZEVIY
3518,3713,,,,,,,,HVQIUSLAKH
3519,3715,,,,,,,,HVRRKVGPKD
3520,3716,,,,,,,,HVTEMNWEZO
3521,3717,,,,,,,,HVUOQUMBBG
3522,3718,,,,,,,,HVVCOEOBQO
3523,3719,,,,,,,,HVVJRSOYEW
3524,3720,,,,,,,,HVXZIAQBTK
3525,3721,,,,,,,,HVZHAFZZOL
3526,3722,,,,,,,,HVZTYZNIXT
3527,3723,,,,,,,,HWAUMSYTNP
3528,3724,,,,,,,,HWAYHTZIJT
3529,3725,,,,,,,,HWBYWLEBDN
3530,3726,,,,,,,,HWDDRWHCTP
3531,3727,,,,,,,,HWDGCGIYMJ
3532,3728,,,,,,,,HWDYYSGJZR
3533,3729,,,,,,,,HWFGYWSSYC
3534,3730,,,,,,,,HWGIMSOXSQ
3535,3732,,,,,,,,HWQSWRJPQB
3536,3733,,,,,,,,HWQUBFATPM
3537,3734,,,,,,,,HWTYUNFTTZ
3538,3735,,,,,,,,HWXKPHFCFQ
3539,3736,,,,,,,,HWYKJBXRIG
3540,3737,,,,,,,,HXAFYZMHZC
3541,3738,,,,,,,,HXCWLSSPJD
3542,3739,,,,,,,,HXCXLSHPSK
3543,3740,,,,,,,,HXDAJYHUPD
3544,3741,,,,,,,,HXETPJYKGH
3545,3742,,,,,,,,HXFAXUPJUO
3546,3743,,,,,,,,HXGEPTZMSM
3547,3744,,,,,,,,HXGOWEJBDG
3548,3745,,,,,,,,HXHSFRVGXX
3549,3746,,,,,,,,HXJOTNTBUP
3550,3747,,,,,,,,HXPASTZDXZ
3551,3748,,,,,,,,HXQGLFMNHJ
3552,3749,,,,,,,,HXQIGRZYYJ
3553,3750,,,,,,,,HXREICAIYJ
3554,3751,,,,,,,,HXRSEUHHLY
3555,3752,,,,,,,,HXSJMSKGRL
3556,3753,,,,,,,,HXSSEVHONE
3557,3754,,,,,,,,HXUKZOTBEU
3558,3755,,,,,,,,HXWPDBIMKO
3559,3756,,,,,,,,HXXOGVUNWV
3560,3757,,,,,,,,HXYPPFMHLN
3561,3758,,,,,,,,HYABLPHNTT
3562,3759,,,,,,,,HYAKHILAAG
3563,3760,,,,,,,,HYCADOJOGA
3564,3761,,,,,,,,HYCAXSKMAK
3565,3762,,,,,,,,HYCYIBRGEG
3566,3763,,,,,,,,HYDNJAJBXV
3567,3764,,,,,,,,HYENOYJEZK
3568,3765,,,,,,,,HYFAXLFMCD
3569,3766,,,,,,,,HYJIXOZVVW
3570,3767,,,,,,,,HYLNLUHQNC
3571,3768,,,,,,,,HYNNWLYAIM
3572,3769,,,,,,,,HYNSPDAMAD
3573,3770,,,,,,,,HYODHIJZRT
3574,3771,,,,,,,,HYOOYKLEGD
3575,3772,,,,,,,,HYPKHTLAFQ
3576,3773,,,,,,,,HYQMVBRDDJ
3577,3774,,,,,,,,HYSATFNSDI
3578,3775,,,,,,,,HYSYAODCNP
3579,3776,,,,,,,,HYUMGLWTYI
3580,3777,,,,,,,,HYVRFEMTZP
3581,3778,,,,,,,,HZBURVZIXC
3582,3779,,,,,,,,HZCZZUKYKC
3583,3780,,,,,,,,HZEOMNXXAT
3584,3781,,,,,,,,HZFTYLUAEV
3585,3782,,,,,,,,HZFVXJXGEL
3586,3783,,,,,,,,HZJCMQWKYD
3587,3784,,,,,,,,HZKQOPOXBK
3588,3785,,,,,,,,HZKUIBRVRA
3589,3786,,,,,,,,HZLJPUTAFJ
3590,3787,,,,,,,,HZMFCFIPNS
3591,3788,,,,,,,,HZOKZERLZD
3592,3790,,,,,,,,HZQVRUKLXM
3593,3791,,,,,,,,HZRUNJKHJB
3594,3792,,,,,,,,HZRYYBKXEO
3595,3793,,,,,,,,HZTJDALHTO
3596,3794,,,,,,,,HZUASEVTQC
3597,3795,,,,,,,,HZVFAMKTOE
3598,3796,,,,,,,,HZZDGIAVFK
3599,3797,,,,,,,,HZZFMDKRWR
3600,3798,,,,,,,,IACDWLKYBQ
3601,3799,,,,,,,,IADKTWRFGG
3602,3800,,,,,,,,IAEUWCRDFI
3603,3801,,,,,,,,IAFZILKXMU
3604,3802,,,,,,,,IAGJXLQJEX
3605,3804,,,,,,,,IAHEAGIIXY
3606,3806,,,,,,,,IAHGBCRZBW
3607,3807,,,,,,,,IAIDSOXHGJ
3608,3808,,,,,,,,IAIEHQKRBZ
3609,3809,,,,,,,,IAIIKDFKVO
3610,3810,,,,,,,,IAIVQNXLUW
3611,3811,,,,,,,,IAJPQUJMRA
3612,3812,,,,,,,,IAJTUDBNAI
3613,3813,,,,,,,,IAKAFFXIDV
3614,3814,,,,,,,,IANHMSKHXJ
3615,3815,,,,,,,,IAPAMWMTYT
3616,3816,,,,,,,,IAPSPPLUZL
3617,3817,,,,,,,,IAQOHULDHZ
3618,3818,,,,,,,,IARLKADTXK
3619,3819,,,,,,,,IARQKGWLHB
3620,3820,,,,,,,,IATJFHJOIH
3621,3821,,,,,,,,IAUUKYGBQH
3622,3822,,,,,,,,IAVLAJSCXZ
3623,3823,,,,,,,,IAYKAVQZON
3624,3824,,,,,,,,IBCOHUWVWA
3625,3825,,,,,,,,IBEKGCINQG
3626,3826,,,,,,,,IBFUBYFZNB
3627,3827,,,,,,,,IBHQJRFGND
3628,3828,,,,,,,,IBHZWWBNHS
3629,3829,,,,,,,,IBIRJXAIRZ
3630,3830,,,,,,,,IBIWNOIGTO
3631,3831,,,,,,,,IBJICNBDEN
3632,3832,,,,,,,,IBJXHHQSBN
3633,3833,,,,,,,,IBOESUSPPH
3634,3834,,,,,,,,IBPKJUYVDE
3635,3835,,,,,,,,IBQIWDIBDO
3636,3836,,,,,,,,IBQSDBFJZE
3637,3837,,,,,,,,IBRFVLZCEB
3638,3838,,,,,,,,IBRSJTJKBB
3639,3839,,,,,,,,IBSZIKPZXH
3640,3840,,,,,,,,IBTAHOOFRM
3641,3841,,,,,,,,IBTTRVHJOK
3642,3842,,,,,,,,IBWMEHGUVM
3643,3843,,,,,,,,IBYZZZHTNL
3644,3844,,,,,,,,IBZWQAECNM
3645,3845,,,,,,,,ICAWDUBSPE
3646,3847,,,,,,,,ICDPTWVENR
3647,3848,,,,,,,,ICFDHASCRP
3648,3849,,,,,,,,ICFOASUVWW
3649,3850,,,,,,,,ICHLALJWBF
3650,3851,,,,,,,,ICIQNWYFRP
3651,3852,,,,,,,,ICJAQTEGDD
3652,3853,,,,,,,,ICJTOHVXFS
3653,3854,,,,,,,,ICJVQSGMVO
3654,3855,,,,,,,,ICMYRABEIM
3655,3856,,,,,,,,ICOXBOSQTQ
3656,3857,,,,,,,,ICULORHOKI
3657,3858,,,,,,,,ICVSGNZSGC
3658,3859,,,,,,,,ICZHTGQMTF
3659,3860,,,,,,,,IDAQJQIWPM
3660,3861,,,,,,,,IDCBODANLO
3661,3862,,,,,,,,IDIGDMVQGK
3662,3863,,,,,,,,IDINHMEFGU
3663,3864,,,,,,,,IDIZSDIOHC
3664,3865,,,,,,,,IDLAKIJNHH
3665,3866,,,,,,,,IDMDESAZIU
3666,3867,,,,,,,,IDMOVUYFSO
3667,3868,,,,,,,,IDQAVCIYYV
3668,3869,,,,,,,,IDQKSJWOGS
3669,3870,,,,,,,,IDTOERVIAU
3670,3871,,,,,,,,IDWAPZEBVK
3671,3872,,,,,,,,IDXEYODXHJ
3672,3873,,,,,,,,IDXRKFMTCN
3673,3874,,,,,,,,IEGWQOTQLP
3674,3875,,,,,,,,IEHCPASTKA
3675,3876,,,,,,,,IEHONIVBJG
3676,3877,,,,,,,,IEHZHDTWLU
3677,3878,,,,,,,,IEIMBBOTQQ
3678,3879,,,,,,,,IEMNQBFYGX
3679,3880,,,,,,,,IENDWPLOWC
3680,3881,,,,,,,,IENMMKVYQM
3681,3883,,,,,,,,IEPBHONINJ
3682,3884,,,,,,,,IEPZDZJVEY
3683,3885,,,,,,,,IEQAXQZJAH
3684,3886,,,,,,,,IEXGHXCYGL
3685,3887,,,,,,,,IEZFZYLBXN
3686,3888,,,,,,,,IFBEPBTWMK
3687,3889,,,,,,,,IFCTVNVWVR
3688,3890,,,,,,,,IFDALVDFBW
3689,3891,,,,,,,,IFEHZEWUAL
3690,3892,,,,,,,,IFEIPBNHVU
3691,3893,,,,,,,,IFFABNDVAR
3692,3894,,,,,,,,IFIZXOQYAM
3693,3895,,,,,,,,IFJPODLDYY
3694,3896,,,,,,,,IFJUXZKZUO
3695,3897,,,,,,,,IFLXJVNNDX
3696,3898,,,,,,,,IFMAISPQFB
3697,3899,,,,,,,,IFNGRTLECD
3698,3900,,,,,,,,IFNHUGEULO
3699,3901,,,,,,,,IFSSPUEAFA
3700,3902,,,,,,,,IFXIRKHQPW
3701,3903,,,,,,,,IFZJBBGZEF
3702,3904,,,,,,,,IGBRAEXVGD
3703,3905,,,,,,,,IGCIXTLQSM
3704,3906,,,,,,,,IGCRUVGOSP
3705,3907,,,,,,,,IGCVBGYZWI
3706,3908,,,,,,,,IGEGBFBMXH
3707,3909,,,,,,,,IGETTWYIRY
3708,3910,,,,,,,,IGLLMCLLCE
3709,3911,,,,,,,,IGLWJQJMCR
3710,3912,,,,,,,,IGMFOSYPKI
3711,3915,,,,,,,,IGMOTPRTLV
3712,3916,,,,,,,,IGNPHQDUWU
3713,3917,,,,,,,,IGOGTEUVPO
3714,3918,,,,,,,,IGRACZTRUE
3715,3919,,,,,,,,IGRCKRUDNP
3716,3920,,,,,,,,IGSDCOAKXR
3717,3921,,,,,,,,IGTGPXOJJX
3718,3922,,,,,,,,IGVIBUDQYI
3719,3923,,,,,,,,IGVQINJBCJ
3720,3925,,,,,,,,IGVWEEJQMV
3721,3926,,,,,,,,IGXCBBNGOH
3722,3927,,,,,,,,IGXVLHHNQS
3723,3928,,,,,,,,IGXXXLQSGF
3724,3929,,,,,,,,IHBMEOOREH
3725,3930,,,,,,,,IHCCDTNSHD
3726,3931,,,,,,,,IHCCLOIIAG
3727,3932,,,,,,,,IHGBKFZDVF
3728,3933,,,,,,,,IHGRLMKEYX
3729,3934,,,,,,,,IHGVHHWYPI
3730,3935,,,,,,,,IHICWBXNCK
3731,3936,,,,,,,,IHIHJSAPIA
3732,3937,,,,,,,,IHIYOVIGMD
3733,3938,,,,,,,,IHJBNXGDMP
3734,3939,,,,,,,,IHKKEGWJFN
3735,3940,,,,,,,,IHLFOJFXRR
3736,3941,,,,,,,,IHPETVSKZA
3737,3942,,,,,,,,IHRULTCIEG
3738,3943,,,,,,,,IHSGTVIJKI
3739,3944,,,,,,,,IHTXREOBRJ
3740,3945,,,,,,,,IHVNYUMLVI
3741,3946,,,,,,,,IHVQZUYCES
3742,3947,,,,,,,,IHYINFFRJH
3743,3948,,,,,,,,IHYPDAYNPT
3744,3949,,,,,,,,IIALMAJUOU
3745,3950,,,,,,,,IIATISIBRX
3746,3951,,,,,,,,IIDQFGZKLL
3747,3953,,,,,,,,IIJRQMSOKL
3748,3954,,,,,,,,IIMJIBMRWI
3749,3955,,,,,,,,IIMNLYHAOF
3750,3956,,,,,,,,IINQBLZIHX
3751,3957,,,,,,,,IINVAXVSJQ
3752,3958,,,,,,,,IIOWIREMTI
3753,3959,,,,,,,,IIPVPJXZTA
3754,3960,,,,,,,,IISCHQFBIE
3755,3961,,,,,,,,IITSHOAVCD
3756,3962,,,,,,,,IIVHCARCOZ
3757,3963,,,,,,,,IIWJLFAMTD
3758,3964,,,,,,,,IIXFAVFVMS
3759,3965,,,,,,,,IIYHLDDOES
3760,3966,,,,,,,,IIYVSQVHBP
3761,3967,,,,,,,,IIZPCDFOVT
3762,3968,,,,,,,,IJACXGPCEF
3763,3969,,,,,,,,IJBHDVCOAV
3764,3971,,,,,,,,IJBSZXLRLC
3765,3972,,,,,,,,IJDNSPVHJA
3766,3973,,,,,,,,IJFTMLONWD
3767,3974,,,,,,,,IJGILGJQYL
3768,3975,,,,,,,,IJGSYPFTRI
3769,3976,,,,,,,,IJHEPRXPPV
3770,3977,,,,,,,,IJITTIDPCC
3771,3978,,,,,,,,IJJIELMBGZ
3772,3979,,,,,,,,IJKMUEERZS
3773,3980,,,,,,,,IJMWRAQWWH
3774,3981,,,,,,,,IJOJOXSJKF
3775,3982,,,,,,,,IJOMYKOXMY
3776,3983,,,,,,,,IJRNBNTHVQ
3777,3984,,,,,,,,IJSSUQATIO
3778,3985,,,,,,,,IJULKISGFD
3779,3986,,,,,,,,IJXAWEHIWV
3780,3987,,,,,,,,IJXVLYAVSG
3781,3988,,,,,,,,IJXZIYUQDN
3782,3989,,,,,,,,IJYDNOJSPG
3783,3990,,,,,,,,IJZIVEXVWU
3784,3991,,,,,,,,IJZWGWZKTK
3785,3992,,,,,,,,IKBFCVQZZW
3786,3993,,,,,,,,IKDSWGXJSO
3787,3994,,,,,,,,IKEGSABXDU
3788,3995,,,,,,,,IKFBZRQFLV
3789,3996,,,,,,,,IKGFAUEPDG
3790,3997,,,,,,,,IKGWKQIRCK
3791,3998,,,,,,,,IKIEWFORSS
3792,3999,,,,,,,,IKILXPPLIC
3793,4000,,,,,,,,IKIYBRECAZ
3794,4001,,,,,,,,IKJQQPXZGF
3795,4002,,,,,,,,IKKPMHQDHD
3796,4003,,,,,,,,IKKXGXZSLF
3797,4004,,,,,,,,IKLMFEYYHN
3798,4005,,,,,,,,IKRATNQVNP
3799,4006,,,,,,,,IKTJZLFZBL
3800,4007,,,,,,,,IKUJHJZHJX
3801,4008,,,,,,,,IKVXYOUTAD
3802,4009,,,,,,,,IKYCJQUDSZ
3803,4010,,,,,,,,ILBFYHSZJC
3804,4011,,,,,,,,ILBHMZDCHA
3805,4012,,,,,,,,ILBYCVCCZP
3806,4013,,,,,,,,ILFMRWTRPX
3807,4014,,,,,,,,ILGGDPKJGH
3808,4015,,,,,,,,ILIGJWOISW
3809,4016,,,,,,,,ILIGZZRSDL
3810,4017,,,,,,,,ILNDRLOWOG
3811,4018,,,,,,,,ILSSKGSWOV
3812,4019,,,,,,,,ILTFLEWDMN
3813,4020,,,,,,,,ILUSCPPSRQ
3814,4021,,,,,,,,ILWTLFFGTI
3815,4022,,,,,,,,IMBPTRIKWA
3816,4023,,,,,,,,IMCLVCKODI
3817,4024,,,,,,,,IMFVCCFBRU
3818,4025,,,,,,,,IMHFINBDDX
3819,4026,,,,,,,,IMHFUSWNTE
3820,4027,,,,,,,,IMIEZEMCVK
3821,4028,,,,,,,,IMJPZILFPS
3822,4029,,,,,,,,IMMDQRDUKW
3823,4030,,,,,,,,IMPMCQHEID
3824,4031,,,,,,,,IMPYDCTAFX
3825,4032,,,,,,,,IMQUICWUXT
3826,4034,,,,,,,,IMRBBZVADX
3827,4037,,,,,,,,IMRILSTZWU
3828,4038,,,,,,,,IMSDFJHRPJ
3829,4039,,,,,,,,IMSMHWPWTC
3830,4040,,,,,,,,IMSTNKMAYE
3831,4041,,,,,,,,IMTXESECQZ
3832,4042,,,,,,,,IMWBKYKEYN
3833,4043,,,,,,,,IMWGNXGDJL
3834,4044,,,,,,,,IMWPZUHTKZ
3835,4045,,,,,,,,IMXUPCLDBC
3836,4046,,,,,,,,IMZCVTKJFB
3837,4047,,,,,,,,INBOCWYWNI
3838,4048,,,,,,,,INBPCXTHDB
3839,4049,,,,,,,,INBWGYPGOI
3840,4050,,,,,,,,INCAXPPIMB
3841,4051,,,,,,,,INDGXRKGGO
3842,4052,,,,,,,,INELVXDRQT
3843,4053,,,,,,,,INETGXZCBY
3844,4054,,,,,,,,INGUEREZSY
3845,4055,,,,,,,,INHCHLUIFH
3846,4056,,,,,,,,INHGUYYWPR
3847,4057,,,,,,,,INIQMTGGOO
3848,4058,,,,,,,,INLACRQJDT
3849,4060,,,,,,,,INLXHQVEHO
3850,4061,,,,,,,,INMOJJARUW
3851,4062,,,,,,,,INRLJGMVKR
3852,4063,,,,,,,,INSLMTOQPD
3853,4064,,,,,,,,INTLOQDARP
3854,4065,,,,,,,,INTXBCPRUN
3855,4066,,,,,,,,INTXEKTTUM
3856,4068,,,,,,,,INZFFVOAGR
3857,4069,,,,,,,,IOAITPKFQF
3858,4070,,,,,,,,IOATNFQJIR
3859,4071,,,,,,,,IOBHXINHNL
3860,4072,,,,,,,,IOBNSCKBMW
3861,4073,,,,,,,,IOBWDRNKRX
3862,4074,,,,,,,,IOBZTUXIXA
3863,4075,,,,,,,,IODOEZSQYZ
3864,4076,,,,,,,,IODVZQOYDV
3865,4077,,,,,,,,IOEFDIQUQP
3866,4078,,,,,,,,IOFAOMDJMK
3867,4079,,,,,,,,IOHVLEDFCH
3868,4080,,,,,,,,IOHXDYLWNE
3869,4081,,,,,,,,IOJKIWBQID
3870,4082,,,,,,,,IOKJJPTWQC
3871,4083,,,,,,,,IOKZHXCGVT
3872,4084,,,,,,,,IORDLNAJHZ
3873,4085,,,,,,,,IOTNEIWZME
3874,4086,,,,,,,,IOUNGRGKPJ
3875,4087,,,,,,,,IOXJNTLJNZ
3876,4088,,,,,,,,IOZDGWIBNR
3877,4089,,,,,,,,IOZUMDUTYH
3878,4090,,,,,,,,IPCGESJGVN
3879,4091,,,,,,,,IPCMKAZHQO
3880,4092,,,,,,,,IPCQVVXFDR
3881,4093,,,,,,,,IPFVFVIXTB
3882,4094,,,,,,,,IPIEWNQTLT
3883,4095,,,,,,,,IPMZPZASPW
3884,4096,,,,,,,,IPNGPSFESY
3885,4097,,,,,,,,IPNWGUORQO
3886,4098,,,,,,,,IPODCISWXB
3887,4099,,,,,,,,IPPEBAYARQ
3888,4100,,,,,,,,IPPMAWAOOS
3889,4101,,,,,,,,IPQMFUFNXZ
3890,4102,,,,,,,,IPTDMJGSBD
3891,4103,,,,,,,,IPTKHOOTJX
3892,4104,,,,,,,,IPUJISGCJM
3893,4105,,,,,,,,IPVTOHSOWN
3894,4107,,,,,,,,IPXRRGBTJK
3895,4108,,,,,,,,IQDZZWAPGY
3896,4109,,,,,,,,IQHLADLRSW
3897,4110,,,,,,,,IQIDBZNQIR
3898,4111,,,,,,,,IQKLMHFDHQ
3899,4112,,,,,,,,IQMLCFDTPR
3900,4113,,,,,,,,IQMYCEHYZW
3901,4114,,,,,,,,IQNDRPDOME
3902,4115,,,,,,,,IQNQYBGCUO
3903,4116,,,,,,,,IQODHXIDPC
3904,4117,,,,,,,,IQOEUECEVY
3905,4118,,,,,,,,IQOUOEKQVP
3906,4119,,,,,,,,IQPDRMGKJJ
3907,4120,,,,,,,,IQPJONSAIX
3908,4121,,,,,,,,IQPOOTURUK
3909,4122,,,,,,,,IQQJXXEASS
3910,4123,,,,,,,,IQSELTGQOP
3911,4124,,,,,,,,IQSYRVYMXN
3912,4125,,,,,,,,IQVJULBOFN
3913,4126,,,,,,,,IQVRUSYIOL
3914,4127,,,,,,,,IQZGORVSOL
3915,4128,,,,,,,,IQZXRURHYD
3916,4129,,,,,,,,IRASLDVHPR
3917,4130,,,,,,,,IRHMBNNYEH
3918,4131,,,,,,,,IRHPRHQNMQ
3919,4132,,,,,,,,IRKFVSJQML
3920,4133,,,,,,,,IROQPSWYUC
3921,4134,,,,,,,,IRSBDGRZCV
3922,4135,,,,,,,,IRUGHAJTBO
3923,4136,,,,,,,,IRVDUMFWQV
3924,4137,,,,,,,,IRVORQPGVX
3925,4138,,,,,,,,IRVZQNGIQU
3926,4139,,,,,,,,IRXMJUFMIP
3927,4140,,,,,,,,ISAJNIQPUL
3928,4141,,,,,,,,ISAKDQGMTU
3929,4142,,,,,,,,ISAVQQSOWP
3930,4143,,,,,,,,ISDPMFGKAU
3931,4144,,,,,,,,ISFTXXPWQM
3932,4145,,,,,,,,ISGUWEVXCA
3933,4146,,,,,,,,ISKJQVPIOE
3934,4147,,,,,,,,ISMMINTYEL
3935,4148,,,,,,,,ISNQQRCELD
3936,4149,,,,,,,,ISOPAENDIC
3937,4150,,,,,,,,ISRDBLTZJG
3938,4151,,,,,,,,ISRRBKBYID
3939,4152,,,,,,,,ISWCVWQXFP
3940,4153,,,,,,,,ISWWVEQZWY
3941,4154,,,,,,,,ITBKUVTUOL
3942,4155,,,,,,,,ITBQLFFOTA
3943,4156,,,,,,,,ITBRPMVHZU
3944,4157,,,,,,,,ITCDCBOPCJ
3945,4159,,,,,,,,ITDTOJWXLU
3946,4160,,,,,,,,ITESYCVNAM
3947,4161,,,,,,,,ITHSCLOQUB
3948,4162,,,,,,,,ITILLUTWLQ
3949,4163,,,,,,,,ITIMDLOGLO
3950,4164,,,,,,,,ITJXUJWFYD
3951,4165,,,,,,,,ITLWOJKVSX
3952,4166,,,,,,,,ITMWIPAKXW
3953,4167,,,,,,,,ITOKQFVNYV
3954,4168,,,,,,,,ITQUNHYVWL
3955,4169,,,,,,,,ITTRBUNGCH
3956,4170,,,,,,,,ITTSVDBGAQ
3957,4172,,,,,,,,ITUCNSJDQZ
3958,4173,,,,,,,,ITULWHKITY
3959,4174,,,,,,,,ITVXTUCUAR
3960,4176,,,,,,,,ITXSZDVKSX
3961,4177,,,,,,,,ITZWMTCSRH
3962,4178,,,,,,,,IUHBDXHRZQ
3963,4179,,,,,,,,IUHLTMLRTE
3964,4180,,,,,,,,IUHPNZIIWA
3965,4181,,,,,,,,IUIQHCIEYC
3966,4182,,,,,,,,IUKLUQJAKI
3967,4183,,,,,,,,IULFSOQSNI
3968,4184,,,,,,,,IULXBBCTSL
3969,4185,,,,,,,,IUMLUKDRXG
3970,4186,,,,,,,,IUOUMJULQH
3971,4187,,,,,,,,IURTSFQQCF
3972,4188,,,,,,,,IURVPUAJBO
3973,4189,,,,,,,,IUSHWAQWDD
3974,4190,,,,,,,,IUSQOMFYGS
3975,4191,,,,,,,,IUSXUOUNSQ
3976,4192,,,,,,,,IUTASASFVI
3977,4193,,,,,,,,IUUAKFRIXI
3978,4194,,,,,,,,IUUVLOBIOV
3979,4195,,,,,,,,IUXQPYGJQA
3980,4196,,,,,,,,IUYPKSGPAK
3981,4197,,,,,,,,IUZVFZXTLD
3982,4198,,,,,,,,IVAVSZAISB
3983,4199,,,,,,,,IVBAIEFOEJ
3984,4200,,,,,,,,IVBBJUMUZH
3985,4201,,,,,,,,IVBVFXFEOU
3986,4202,,,,,,,,IVCKQBAWSY
3987,4204,,,,,,,,IVFNYJMLWM
3988,4205,,,,,,,,IVHHPIMLJI
3989,4206,,,,,,,,IVHKZRYFMU
3990,4207,,,,,,,,IVIPOSXMVU
3991,4208,,,,,,,,IVISXCCGOZ
3992,4209,,,,,,,,IVKHEBDYIZ
3993,4210,,,,,,,,IVLEWNILZB
3994,4211,,,,,,,,IVMHIXWFPT
3995,4212,,,,,,,,IVOEUNRTDE
3996,4213,,,,,,,,IVTHIZQWYS
3997,4214,,,,,,,,IVVDWUBJSW
3998,4215,,,,,,,,IVWCMWICVH
3999,4216,,,,,,,,IVWSDUVSZM
4000,4217,,,,,,,,IVXBFSIBKH
4001,4218,,,,,,,,IWAJFYHUVV
4002,4219,,,,,,,,IWBMFJORVY
4003,4220,,,,,,,,IWCPBMDTGH
4004,4221,,,,,,,,IWEFHWEQOD
4005,4222,,,,,,,,IWEWFOXZBB
4006,4223,,,,,,,,IWFLKDLAPJ
4007,4224,,,,,,,,IWLQVMLECF
4008,4225,,,,,,,,IWNIWHBBQS
4009,4226,,,,,,,,IWPLECBIVM
4010,4227,,,,,,,,IWPSVKQHVN
4011,4228,,,,,,,,IWSTDTAIMC
4012,4229,,,,,,,,IWUTSXBYKH
4013,4230,,,,,,,,IWVGPZHRHO
4014,4231,,,,,,,,IWVLZXPEPT
4015,4232,,,,,,,,IWXFXKVIIE
4016,4233,,,,,,,,IWYRYSVVKL
4017,4234,,,,,,,,IXAIRRVPNI
4018,4235,,,,,,,,IXAXKNLXPN
4019,4236,,,,,,,,IXDDWEPAZT
4020,4237,,,,,,,,IXHSXYWHUI
4021,4238,,,,,,,,IXJTIONQRM
4022,4239,,,,,,,,IXKSJKESGU
4023,4240,,,,,,,,IXLETQVKAM
4024,4241,,,,,,,,IXLFJQPXDU
4025,4242,,,,,,,,IXLQHSUCLR
4026,4243,,,,,,,,IXRMCQJROD
4027,4244,,,,,,,,IXRNCHVFPJ
4028,4245,,,,,,,,IXRSKBZDGM
4029,4246,,,,,,,,IXUMGGFZRB
4030,4247,,,,,,,,IXVZHZXIPN
4031,4248,,,,,,,,IXWSCCURPE
4032,4250,,,,,,,,IYCINAJAXV
4033,4251,,,,,,,,IYDFPJGJUC
4034,4252,,,,,,,,IYEBXBCILY
4035,4253,,,,,,,,IYLXTTEIFB
4036,4254,,,,,,,,IYNCYSMWUV
4037,4255,,,,,,,,IYNJUOOCZX
4038,4257,,,,,,,,IYOZPKTYGD
4039,4258,,,,,,,,IYQKFXAFSU
4040,4259,,,,,,,,IYTJBATRDQ
4041,4260,,,,,,,,IYTPBWXOQN
4042,4261,,,,,,,,IYUKUHMFGF
4043,4262,,,,,,,,IYVBXXZCOY
4044,4263,,,,,,,,IYVTQCILFG
4045,4264,,,,,,,,IYXFYRBNBV
4046,4265,,,,,,,,IYXQSDCIBN
4047,4266,,,,,,,,IYYUNYPBCM
4048,4267,,,,,,,,IYZFTMXLVP
4049,4268,,,,,,,,IYZMZGOSJX
4050,4269,,,,,,,,IZBIFUHDBB
4051,4270,,,,,,,,IZCLJSFDQN
4052,4272,,,,,,,,IZDJUFZGOX
4053,4273,,,,,,,,IZGKGBZGKW
4054,4274,,,,,,,,IZGOBAOBNA
4055,4275,,,,,,,,IZLDRIJYYA
4056,4276,,,,,,,,IZMXHJLGHR
4057,4277,,,,,,,,IZNEEETYMP
4058,4278,,,,,,,,IZOTLPSBRF
4059,4279,,,,,,,,IZRRTUPWJG
4060,4280,,,,,,,,IZTDPUTEFW
4061,4281,,,,,,,,IZWBPFWAKJ
4062,4282,,,,,,,,IZYFAYNJKH
4063,4283,,,,,,,,IZZNTXUKZL
4064,4284,,,,,,,,JACCILVPHP
4065,4285,,,,,,,,JADDBPJYWY
4066,4286,,,,,,,,JAEKAHYEOE
4067,4287,,,,,,,,JAEWTOSNCR
4068,4288,,,,,,,,JAJCNMVMEE
4069,4289,,,,,,,,JAJMHIGFJD
4070,4290,,,,,,,,JAKQVXTDMP
4071,4291,,,,,,,,JANRQHISGA
4072,4292,,,,,,,,JAPGALFVIA
4073,4293,,,,,,,,JAQXMFZWJE
4074,4294,,,,,,,,JASBEHFRRQ
4075,4295,,,,,,,,JATZFDATQK
4076,4296,,,,,,,,JAUPVUQEXV
4077,4297,,,,,,,,JAWQCNXFZV
4078,4298,,,,,,,,JAYVJYZOTU
4079,4299,,,,,,,,JAYXXDCCLR
4080,4300,,,,,,,,JAZUUCNIJT
4081,4301,,,,,,,,JBDXBFSFQV
4082,4302,,,,,,,,JBGQQCOQGL
4083,4303,,,,,,,,JBHNKFNYLG
4084,4304,,,,,,,,JBHVFDXYTQ
4085,4305,,,,,,,,JBIJNXCLSV
4086,4306,,,,,,,,JBIVFEJDKV
4087,4307,,,,,,,,JBJDCNSVYQ
4088,4308,,,,,,,,JBMQEBQDNV
4089,4309,,,,,,,,JBMUPZHZUQ
4090,4310,,,,,,,,JBNVLKXNLP
4091,4311,,,,,,,,JBVTWYWDRH
4092,4312,,,,,,,,JBVYDMZLAM
4093,4313,,,,,,,,JBXUFUHTRC
4094,4315,,,,,,,,JBXZNTYONW
4095,4316,,,,,,,,JBYNJQQTHG
4096,4317,,,,,,,,JBZQDOFJIT
4097,4318,,,,,,,,JBZWHHTCAI
4098,4319,,,,,,,,JCDMRTKUYH
4099,4320,,,,,,,,JCFURZVSVN
4100,4321,,,,,,,,JCHPOFLHQJ
4101,4322,,,,,,,,JCIEDKMCHM
4102,4323,,,,,,,,JCJCUXLYVG
4103,4324,,,,,,,,JCLGBZRPVF
4104,4326,,,,,,,,JCMBPRKFDG
4105,4328,,,,,,,,JCMRYWMHAL
4106,4329,,,,,,,,JCOHRMIXKC
4107,4330,,,,,,,,JCRPKWGQIV
4108,4331,,,,,,,,JCRVAOVKNT
4109,4332,,,,,,,,JCSBTSEGRP
4110,4333,,,,,,,,JCTKGUXIWC
4111,4334,,,,,,,,JCUDVNWZAX
4112,4335,,,,,,,,JCVZGGWOES
4113,4336,,,,,,,,JCYIPDFKSM
4114,4337,,,,,,,,JCZLKXDUSE
4115,4338,,,,,,,,JCZLNZHEQG
4116,4339,,,,,,,,JCZLVQQKEW
4117,4340,,,,,,,,JDBJWJQSSQ
4118,4341,,,,,,,,JDBPOHCPFK
4119,4342,,,,,,,,JDEBSTKODQ
4120,4343,,,,,,,,JDFCCVVXIH
4121,4344,,,,,,,,JDGNYFCLAT
4122,4345,,,,,,,,JDHZRXDQAT
4123,4346,,,,,,,,JDISJAVYFN
4124,4347,,,,,,,,JDLHNVTHDQ
4125,4348,,,,,,,,JDMIZXIKEC
4126,4349,,,,,,,,JDMLABRYNU
4127,4350,,,,,,,,JDOZXNRUEE
4128,4351,,,,,,,,JDSAFBMFHS
4129,4352,,,,,,,,JDVKEECEAZ
4130,4354,,,,,,,,JDXMRVWNIJ
4131,4355,,,,,,,,JDYSDQNCAC
4132,4356,,,,,,,,JDZYUCYRJQ
4133,4357,,,,,,,,JEAQXMIIUD
4134,4358,,,,,,,,JEBFVQGSFL
4135,4359,,,,,,,,JEBHPWJZKS
4136,4360,,,,,,,,JECSBLPGCM
4137,4361,,,,,,,,JEFDHOWGTY
4138,4362,,,,,,,,JEGJHDJDVK
4139,4363,,,,,,,,JEIRSFGERU
4140,4364,,,,,,,,JEJEULULSA
4141,4365,,,,,,,,JEJKXECKBR
4142,4366,,,,,,,,JELCSUZIJM
4143,4367,,,,,,,,JELRVEIWTP
4144,4368,,,,,,,,JEOYAROBPP
4145,4369,,,,,,,,JERDGAUWEQ
4146,4370,,,,,,,,JESXHJBXPL
4147,4371,,,,,,,,JETKYIUQUT
4148,4372,,,,,,,,JEUCBVDWTJ
4149,4373,,,,,,,,JEUGTFWGVH
4150,4374,,,,,,,,JEYYWXOWXP
4151,4375,,,,,,,,JFBCNUQUTJ
4152,4376,,,,,,,,JFCJKUDYRM
4153,4377,,,,,,,,JFDBXPVHSE
4154,4378,,,,,,,,JFLKOOPNEO
4155,4379,,,,,,,,JFLRBCHQYR
4156,4380,,,,,,,,JFNLHJNXWK
4157,4381,,,,,,,,JFOSHVDFPR
4158,4382,,,,,,,,JFPZMXZCLH
4159,4383,,,,,,,,JFRSWMJVUT
4160,4384,,,,,,,,JFSDTHYUTZ
4161,4385,,,,,,,,JFTHGGYNFA
4162,4387,,,,,,,,JFYPPRWTBX
4163,4388,,,,,,,,JGCVHIYVQN
4164,4389,,,,,,,,JGFLWIYVYJ
4165,4390,,,,,,,,JGFSZJNWNT
4166,4391,,,,,,,,JGGJJTHPRU
4167,4392,,,,,,,,JGHRPLVJHQ
4168,4393,,,,,,,,JGIJZDHLUL
4169,4394,,,,,,,,JGKCKXDUCV
4170,4395,,,,,,,,JGKHZBJVGN
4171,4396,,,,,,,,JGMBJYOGLP
4172,4397,,,,,,,,JGMFWKWTJJ
4173,4398,,,,,,,,JGMYWEOBVK
4174,4399,,,,,,,,JGNKZNCNEA
4175,4400,,,,,,,,JGOAWSQTLJ
4176,4401,,,,,,,,JGRYMHRLCR
4177,4402,,,,,,,,JGSJSMDCQM
4178,4403,,,,,,,,JGVFNTNHBN
4179,4405,,,,,,,,JGXIDQJITC
4180,4406,,,,,,,,JGXIZDNFGL
4181,4407,,,,,,,,JGYZNLEHEX
4182,4408,,,,,,,,JHAOJJIWCW
4183,4409,,,,,,,,JHAOJNJRPN
4184,4410,,,,,,,,JHENXTVXFP
4185,4411,,,,,,,,JHGHRUVBKT
4186,4412,,,,,,,,JHIUTBTNEK
4187,4413,,,,,,,,JHIWBXFZVU
4188,4414,,,,,,,,JHIWUMIVXE
4189,4415,,,,,,,,JHKXKKHJHS
4190,4416,,,,,,,,JHKZGNYHBY
4191,4417,,,,,,,,JHLFFTCVVH
4192,4418,,,,,,,,JHLUZDSKYM
4193,4419,,,,,,,,JHMOIVQXQN
4194,4420,,,,,,,,JHNCDNVBFN
4195,4422,,,,,,,,JHNWMGFFTL
4196,4423,,,,,,,,JHOIMIOWAQ
4197,4424,,,,,,,,JHONYSWIIW
4198,4425,,,,,,,,JHOUMWMRXA
4199,4426,,,,,,,,JHPZCPJEKQ
4200,4427,,,,,,,,JHTCCHKVDZ
4201,4428,,,,,,,,JHVVZERMNO
4202,4429,,,,,,,,JHXISPRLOO
4203,4430,,,,,,,,JHZAHJHDPX
4204,4431,,,,,,,,JIBAJZGBIO
4205,4432,,,,,,,,JIBBKYMGRU
4206,4433,,,,,,,,JIDFZMTIRD
4207,4434,,,,,,,,JIEHMTXUCX
4208,4435,,,,,,,,JIEXGLXSKM
4209,4436,,,,,,,,JIFNPWEUUD
4210,4437,,,,,,,,JIIQOLUHNA
4211,4439,,,,,,,,JIJDOPKBCN
4212,4440,,,,,,,,JIKFAVQGEF
4213,4441,,,,,,,,JIKFPISDJB
4214,4442,,,,,,,,JILIUKFOFK
4215,4443,,,,,,,,JINNFEHWTI
4216,4444,,,,,,,,JINOOOJRQQ
4217,4446,,,,,,,,JIPGVXVOLN
4218,4447,,,,,,,,JIRMIXMTKO
4219,4448,,,,,,,,JIUAFFVXBK
4220,4449,,,,,,,,JIVFWLYYKT
4221,4450,,,,,,,,JIWVLBGFFX
4222,4451,,,,,,,,JIYAZJCZFF
4223,4452,,,,,,,,JIZHVLPDSV
4224,4453,,,,,,,,JJCFOAKSML
4225,4454,,,,,,,,JJCIHUTOUV
4226,4455,,,,,,,,JJCQVKDIXI
4227,4456,,,,,,,,JJDRRSKMCV
4228,4457,,,,,,,,JJECZRLURC
4229,4458,,,,,,,,JJEDYMOBXQ
4230,4459,,,,,,,,JJEIXXSLOC
4231,4460,,,,,,,,JJFFRLTRCR
4232,4461,,,,,,,,JJFQJIZROH
4233,4463,,,,,,,,JJGKSZAIFG
4234,4464,,,,,,,,JJIPKZJASM
4235,4465,,,,,,,,JJKHUAVXZV
4236,4466,,,,,,,,JJLWTLHIQA
4237,4467,,,,,,,,JJSDRGXHTO
4238,4468,,,,,,,,JJWBXDAPZA
4239,4469,,,,,,,,JJWFTFGCPF
4240,4470,,,,,,,,JJXETXYLCI
4241,4472,,,,,,,,JJXIECXXTF
4242,4473,,,,,,,,JJYITMSVPZ
4243,4474,,,,,,,,JJZKJPOQXT
4244,4475,,,,,,,,JKHGEFZQRV
4245,4476,,,,,,,,JKLKSSKPYC
4246,4477,,,,,,,,JKNTLTYBJW
4247,4478,,,,,,,,JKNTUSXVPM
4248,4479,,,,,,,,JKRTTRPPBC
4249,4480,,,,,,,,JKRVZQXTCE
4250,4481,,,,,,,,JKSMPDBQYH
4251,4482,,,,,,,,JKSUVBLNBI
4252,4483,,,,,,,,JKUMDDCGAU
4253,4484,,,,,,,,JKWPYBSYGZ
4254,4485,,,,,,,,JKWWDZQSAI
4255,4486,,,,,,,,JKXCZTLVMJ
4256,4487,,,,,,,,JKZUPBYFNF
4257,4488,,,,,,,,JLBUPGBEFP
4258,4489,,,,,,,,JLBVURFTTL
4259,4490,,,,,,,,JLEERBNEEM
4260,4491,,,,,,,,JLEXUKFLVL
4261,4492,,,,,,,,JLIUPDBYPL
4262,4493,,,,,,,,JLIYREZOCR
4263,4494,,,,,,,,JLJJRHHHEJ
4264,4495,,,,,,,,JLKREJSQGO
4265,4496,,,,,,,,JLMOHYDREA
4266,4497,,,,,,,,JLQINXPZPR
4267,4498,,,,,,,,JLQNLFEGEG
4268,4499,,,,,,,,JLRFMDMOXI
4269,4500,,,,,,,,JLTAHGPYCD
4270,4501,,,,,,,,JLTPMJJOQG
4271,4502,,,,,,,,JMADHUPZNA
4272,4503,,,,,,,,JMAYKYUZIH
4273,4504,,,,,,,,JMBLGFQXNX
4274,4505,,,,,,,,JMCUGQYUMV
4275,4506,,,,,,,,JMFONJZUPE
4276,4507,,,,,,,,JMHUQKZOPW
4277,4508,,,,,,,,JMKFZHZLOX
4278,4509,,,,,,,,JMKRHWYHCF
4279,4510,,,,,,,,JMKSZSXOBG
4280,4511,,,,,,,,JMMCIJFPXF
4281,4512,,,,,,,,JMOOHGXTWM
4282,4513,,,,,,,,JMRWEKYNOS
4283,4514,,,,,,,,JMTGMQDPTP
4284,4515,,,,,,,,JMUDKHTOOE
4285,4516,,,,,,,,JNAKHEBIPG
4286,4517,,,,,,,,JNBRXCAEVP
4287,4518,,,,,,,,JNCUNBUPZE
4288,4519,,,,,,,,JNDGBFIWYA
4289,4520,,,,,,,,JNELELVHXF
4290,4521,,,,,,,,JNFRDKAULF
4291,4522,,,,,,,,JNFVVLCELY
4292,4523,,,,,,,,JNGMNBHPAO
4293,4524,,,,,,,,JNJATOURXC
4294,4525,,,,,,,,JNKKSFMOIZ
4295,4526,,,,,,,,JNLQMXGIGY
4296,4527,,,,,,,,JNMMHGKALR
4297,4528,,,,,,,,JNQLOLKLIP
4298,4529,,,,,,,,JNQQPOSROK
4299,4530,,,,,,,,JNRPXRNAIT
4300,4531,,,,,,,,JNSNQMJHQE
4301,4532,,,,,,,,JNWOIZBEVT
4302,4533,,,,,,,,JNWPKXCSSO
4303,4534,,,,,,,,JOBXAGMXRO
4304,4535,,,,,,,,JOCOCSXXKP
4305,4536,,,,,,,,JOCVWKXMWW
4306,4537,,,,,,,,JODIWYVXVZ
4307,4538,,,,,,,,JODPLNHBZS
4308,4539,,,,,,,,JOECWIOVFH
4309,4540,,,,,,,,JOHDNBPAFJ
4310,4541,,,,,,,,JOHJLFTBZY
4311,4542,,,,,,,,JOHUJDZDYI
4312,4543,,,,,,,,JOHVIIDFFE
4313,4544,,,,,,,,JOHYONKKCU
4314,4545,,,,,,,,JOIXYACHGB
4315,4546,,,,,,,,JOMHBVOZBU
4316,4547,,,,,,,,JOMODGUEIX
4317,4548,,,,,,,,JONZRMPTCO
4318,4549,,,,,,,,JOPIYWJTKY
4319,4550,,,,,,,,JOQCUDQYRB
4320,4551,,,,,,,,JORMFNJRLO
4321,4552,,,,,,,,JOTPHYUXKI
4322,4553,,,,,,,,JOUFDIXAWH
4323,4554,,,,,,,,JOXBQAZHVF
4324,4555,,,,,,,,JOXHDMKUIV
4325,4556,,,,,,,,JPBZZGSIBP
4326,4557,,,,,,,,JPCGSDIVTX
4327,4558,,,,,,,,JPCQXFDVJJ
4328,4560,,,,,,,,JPCTJOGJBC
4329,4561,,,,,,,,JPEXGLKEVF
4330,4562,,,,,,,,JPFHRDTNBT
4331,4563,,,,,,,,JPFKRHQMTL
4332,4564,,,,,,,,JPHAGZZIKU
4333,4565,,,,,,,,JPLHNVVWGG
4334,4566,,,,,,,,JPNBWJKHWJ
4335,4567,,,,,,,,JPONYZXNIF
4336,4568,,,,,,,,JPPQBLTHCZ
4337,4569,,,,,,,,JPPSJRVJNP
4338,4570,,,,,,,,JPSTDRWCRB
4339,4571,,,,,,,,JPWTSAWZHD
4340,4572,,,,,,,,JPXOFLDFBY
4341,4573,,,,,,,,JPXTASKEIT
4342,4574,,,,,,,,JPYOGGGGZP
4343,4575,,,,,,,,JPZFLPIPBZ
4344,4576,,,,,,,,JQBLPRAMCL
4345,4577,,,,,,,,JQEKMRZDZO
4346,4579,,,,,,,,JQFOGKVZVH
4347,4580,,,,,,,,JQFRVVNOWI
4348,4581,,,,,,,,JQFYLLPHMC
4349,4582,,,,,,,,JQGSAYRTLZ
4350,4583,,,,,,,,JQIVUASPUK
4351,4584,,,,,,,,JQJDKTRQLT
4352,4586,,,,,,,,JQJJBJRGPP
4353,4587,,,,,,,,JQKASDPQAN
4354,4588,,,,,,,,JQLNQSZXAM
4355,4589,,,,,,,,JQNFVQIWMS
4356,4590,,,,,,,,JQOBGKSLVG
4357,4591,,,,,,,,JQPDRASARN
4358,4592,,,,,,,,JQROEEDSAL
4359,4593,,,,,,,,JQSGEKXWMV
4360,4594,,,,,,,,JQSNVECBPE
4361,4595,,,,,,,,JQURDRKZKJ
4362,4596,,,,,,,,JQWSVNYQLV
4363,4597,,,,,,,,JQYXVIUKUQ
4364,4598,,,,,,,,JRAIOGTSDO
4365,4599,,,,,,,,JRCQZQITEK
4366,4600,,,,,,,,JRCRSLILEL
4367,4601,,,,,,,,JRCSJQZRQJ
4368,4602,,,,,,,,JRDHFBNDVQ
4369,4603,,,,,,,,JREOLGRQCI
4370,4604,,,,,,,,JRHOJFFWXN
4371,4605,,,,,,,,JRIAVFFSPX
4372,4606,,,,,,,,JRIGNTAAZA
4373,4607,,,,,,,,JRIKUEKETR
4374,4609,,,,,,,,JRKGJHOIXF
4375,4610,,,,,,,,JRKNLDAYDR
4376,4611,,,,,,,,JRNELOHBVQ
4377,4612,,,,,,,,JRPPUNWBMX
4378,4613,,,,,,,,JRPSNNHTSX
4379,4614,,,,,,,,JRRVTGUKOI
4380,4615,,,,,,,,JRWAPKKHZD
4381,4616,,,,,,,,JRXNCEXJCL
4382,4617,,,,,,,,JRXVGUUPMM
4383,4618,,,,,,,,JSAYLVYOHC
4384,4619,,,,,,,,JSDCSJLTTA
4385,4620,,,,,,,,JSHSBIZWEN
4386,4621,,,,,,,,JSIELOTISV
4387,4622,,,,,,,,JSIFZAXTNJ
4388,4623,,,,,,,,JSITPLOXLS
4389,4624,,,,,,,,JSJLWYIHUF
4390,4625,,,,,,,,JSLONKSPWM
4391,4626,,,,,,,,JSPUKWASYZ
4392,4627,,,,,,,,JSQXSHMBHI
4393,4628,,,,,,,,JSTDJMUGPN
4394,4629,,,,,,,,JSTNWDDNSK
4395,4630,,,,,,,,JSUDHLCVIG
4396,4631,,,,,,,,JSVGEJZHPV
4397,4632,,,,,,,,JSZCGIXSYF
4398,4633,,,,,,,,JTAITVQWHO
4399,4634,,,,,,,,JTAWBFXSGA
4400,4636,,,,,,,,JTCHFNXQAL
4401,4637,,,,,,,,JTGBKNVHKD
4402,4638,,,,,,,,JTGDLMIUSM
4403,4639,,,,,,,,JTOJJPQZST
4404,4640,,,,,,,,JTQKQWOEJM
4405,4641,,,,,,,,JTQLGSCXNI
4406,4642,,,,,,,,JTSSEVNSZJ
4407,4643,,,,,,,,JTYBWGSGJN
4408,4644,,,,,,,,JTYEHTMOQN
4409,4645,,,,,,,,JTYRIBECKJ
4410,4646,,,,,,,,JTZHURSNMS
4411,4647,,,,,,,,JUBWQDOQUA
4412,4648,,,,,,,,JUCOIAGCVP
4413,4649,,,,,,,,JUDOROOKVS
4414,4650,,,,,,,,JUESXRHMPV
4415,4651,,,,,,,,JUHFDRFWMA
4416,4652,,,,,,,,JUNCBAWGLG
4417,4653,,,,,,,,JUYOKMHSDQ
4418,4654,,,,,,,,JUZELNJPMI
4419,4655,,,,,,,,JVGLOIHUBA
4420,4656,,,,,,,,JVHOPCMDNC
4421,4657,,,,,,,,JVHTMBYJHJ
4422,4658,,,,,,,,JVIHQMSTQG
4423,4659,,,,,,,,JVIKRFJLNS
4424,4660,,,,,,,,JVJFCSBKTG
4425,4661,,,,,,,,JVMQAGTNQS
4426,4662,,,,,,,,JVOFTNZVSG
4427,4663,,,,,,,,JVPLGYBOHW
4428,4664,,,,,,,,JVPUUDTIWH
4429,4665,,,,,,,,JVQXKERQTW
4430,4666,,,,,,,,JVWUENUQWG
4431,4667,,,,,,,,JVXMSSXWVN
4432,4668,,,,,,,,JWAGIIGVUH
4433,4669,,,,,,,,JWARMDAEHX
4434,4670,,,,,,,,JWBXHLWORL
4435,4671,,,,,,,,JWCDKWTMHG
4436,4672,,,,,,,,JWCFJHPPKE
4437,4673,,,,,,,,JWCLHGJIQW
4438,4674,,,,,,,,JWGGIZIBYG
4439,4675,,,,,,,,JWGHOSFNCI
4440,4676,,,,,,,,JWIZGSDWSH
4441,4678,,,,,,,,JWKEEDYOXD
4442,4679,,,,,,,,JWLXPVANUM
4443,4680,,,,,,,,JWMTICBLHU
4444,4681,,,,,,,,JWNSVJDABI
4445,4682,,,,,,,,JWNZFRKNLB
4446,4683,,,,,,,,JWOHBREJCO
4447,4684,,,,,,,,JWOTSQWJRX
4448,4685,,,,,,,,JWPEFAOGHF
4449,4686,,,,,,,,JWPJCDGBIE
4450,4687,,,,,,,,JWRTEVGXFZ
4451,4688,,,,,,,,JWUEETNRTJ
4452,4690,,,,,,,,JWVNCAMGCF
4453,4691,,,,,,,,JWWHQFSIOQ
4454,4692,,,,,,,,JWWIKVMRMP
4455,4693,,,,,,,,JWZQEOGXSH
4456,4694,,,,,,,,JXBHOLPLQA
4457,4695,,,,,,,,JXCRMBPJYQ
4458,4696,,,,,,,,JXCVBINPOB
4459,4697,,,,,,,,JXCYSKWBFL
4460,4698,,,,,,,,JXLVEXDVFS
4461,4700,,,,,,,,JXMJCGFCYM
4462,4701,,,,,,,,JXODHIHFVI
4463,4702,,,,,,,,JXPCALAZVN
4464,4703,,,,,,,,JXQDQDKAOK
4465,4704,,,,,,,,JXRKNSYLRR
4466,4705,,,,,,,,JXRUZYGGVQ
4467,4706,,,,,,,,JXRVWFCRWY
4468,4707,,,,,,,,JXSKZICSSA
4469,4708,,,,,,,,JXTHCQFBSB
4470,4709,,,,,,,,JXVHNNBKAD
4471,4710,,,,,,,,JXWKANDJCR
4472,4711,,,,,,,,JXWYDUQCKX
4473,4712,,,,,,,,JXZLGUQESY
4474,4713,,,,,,,,JYCROESPXE
4475,4714,,,,,,,,JYCTTHATIU
4476,4715,,,,,,,,JYDGHGBADV
4477,4716,,,,,,,,JYEXOTNAFO
4478,4718,,,,,,,,JYFHTOVTFE
4479,4719,,,,,,,,JYFIJESLYA
4480,4720,,,,,,,,JYFNTOOCVB
4481,4721,,,,,,,,JYGKUORIHO
4482,4722,,,,,,,,JYKRLYCDID
4483,4723,,,,,,,,JYOMWCYFWK
4484,4724,,,,,,,,JYQHPKQWPN
4485,4725,,,,,,,,JYUQCGIIKO
4486,4726,,,,,,,,JYWOBVQJND
4487,4727,,,,,,,,JZAEZUEFGI
4488,4728,,,,,,,,JZCHAPKENI
4489,4729,,,,,,,,JZCKWUVUMR
4490,4730,,,,,,,,JZCRQKTNMT
4491,4731,,,,,,,,JZEXSJBXKR
4492,4732,,,,,,,,JZHQJOIMXM
4493,4733,,,,,,,,JZHZGECMZC
4494,4734,,,,,,,,JZMFZTQIJI
4495,4735,,,,,,,,JZMMSEUOBI
4496,4736,,,,,,,,JZNAVHUNGS
4497,4737,,,,,,,,JZNHZVLBBF
4498,4738,,,,,,,,JZPELBPYQX
4499,4739,,,,,,,,JZQAPYDHCG
4500,4740,,,,,,,,JZRKROUKXU
4501,4741,,,,,,,,JZRPUHQNNP
4502,4742,,,,,,,,JZSIQWWALL
4503,4744,,,,,,,,JZSMDEMMUE
4504,4745,,,,,,,,JZULCGOCOY
4505,4746,,,,,,,,JZUSHCNZAY
4506,4747,,,,,,,,KABNQSTRXX
4507,4748,,,,,,,,KABOIBRQPG
4508,4749,,,,,,,,KAFHYUBUTK
4509,4750,,,,,,,,KAFYXEQFPK
4510,4751,,,,,,,,KAHNJFBVAR
4511,4752,,,,,,,,KALEKVTYOU
4512,4753,,,,,,,,KAMAGXCMUI
4513,4754,,,,,,,,KAQBENMQBO
4514,4755,,,,,,,,KARCRLJXLY
4515,4756,,,,,,,,KATSSBVNRE
4516,4757,,,,,,,,KAUORUOIHR
4517,4758,,,,,,,,KAVBAKKMCB
4518,4760,,,,,,,,KAVDDABRFP
4519,4762,,,,,,,,KAWWWZRAUV
4520,4763,,,,,,,,KAXDBJCSDA
4521,4764,,,,,,,,KAXJCVIINC
4522,4766,,,,,,,,KAYQFSTNYM
4523,4767,,,,,,,,KAZZWJJMQL
4524,4768,,,,,,,,KBDGOLQOVD
4525,4769,,,,,,,,KBERHWKHPX
4526,4770,,,,,,,,KBGXZXBZZV
4527,4771,,,,,,,,KBHDNXCAWV
4528,4772,,,,,,,,KBHQPXTTBT
4529,4773,,,,,,,,KBHUJNAYCC
4530,4774,,,,,,,,KBPRFUWVMD
4531,4775,,,,,,,,KBQXJSRZYQ
4532,4776,,,,,,,,KBRDDSZPCQ
4533,4777,,,,,,,,KBTYOJXCOM
4534,4778,,,,,,,,KCAUHHKGGX
4535,4779,,,,,,,,KCAZCBGFJX
4536,4780,,,,,,,,KCDUZAXXJU
4537,4781,,,,,,,,KCJFHPOGNS
4538,4782,,,,,,,,KCJWYPOEFA
4539,4783,,,,,,,,KCKJEKKLPN
4540,4784,,,,,,,,KCLGZVVRHT
4541,4785,,,,,,,,KCNTGBUHJB
4542,4786,,,,,,,,KCOFGBIBCI
4543,4787,,,,,,,,KCSDVIFKHN
4544,4788,,,,,,,,KCSIXRQDVY
4545,4789,,,,,,,,KCTDZBTGEJ
4546,4790,,,,,,,,KCUOOQLMRS
4547,4792,,,,,,,,KCVDAAVRSI
4548,4793,,,,,,,,KCXCVDJRTY
4549,4794,,,,,,,,KCYDWELOJY
4550,4795,,,,,,,,KCYLIQRMIV
4551,4796,,,,,,,,KCYMGBDYSC
4552,4797,,,,,,,,KCZSUTQLJA
4553,4798,,,,,,,,KDASUODDGC
4554,4799,,,,,,,,KDBGDQWCZQ
4555,4800,,,,,,,,KDBXMWKDSQ
4556,4801,,,,,,,,KDBZTSEYVG
4557,4802,,,,,,,,KDHMFGHQXG
4558,4803,,,,,,,,KDISVBCBNZ
4559,4804,,,,,,,,KDMSQEATTA
4560,4805,,,,,,,,KDMXYHORGN
4561,4806,,,,,,,,KDNQMBUTXR
4562,4808,,,,,,,,KDQREYFCXG
4563,4809,,,,,,,,KDRCTSIGXX
4564,4810,,,,,,,,KDUGGKEZSR
4565,4811,,,,,,,,KDXGMETXKS
4566,4812,,,,,,,,KDYJRUYLRB
4567,4813,,,,,,,,KDYSPTVHVL
4568,4814,,,,,,,,KDZGHMEJJF
4569,4815,,,,,,,,KEAXYUFTQA
4570,4816,,,,,,,,KEBZDRXCGZ
4571,4817,,,,,,,,KECNHVFCEY
4572,4818,,,,,,,,KEDHEMNJJI
4573,4819,,,,,,,,KEECDRAMBW
4574,4820,,,,,,,,KEFJGLISLQ
4575,4821,,,,,,,,KEFTRDVKRO
4576,4822,,,,,,,,KEHBIFREZX
4577,4823,,,,,,,,KEHVWMFAPX
4578,4824,,,,,,,,KEJCCRCSLN
4579,4825,,,,,,,,KELUEVBBSM
4580,4826,,,,,,,,KENSBQFTIE
4581,4827,,,,,,,,KEPJZXUTAZ
4582,4828,,,,,,,,KEQBBKVWLI
4583,4829,,,,,,,,KESKWCNQPN
4584,4830,,,,,,,,KEUBNAMPVY
4585,4831,,,,,,,,KEUWEILFXF
4586,4832,,,,,,,,KEVCDBOOKO
4587,4833,,,,,,,,KEWNHHFGFC
4588,4834,,,,,,,,KEXKYLQNPR
4589,4835,,,,,,,,KEXPNQWDAB
4590,4836,,,,,,,,KFALUWGXAT
4591,4837,,,,,,,,KFCZUDFTTK
4592,4838,,,,,,,,KFEHJCIHHW
4593,4839,,,,,,,,KFEJRFGNAU
4594,4842,,,,,,,,KFERQCBZFH
4595,4843,,,,,,,,KFEVLACUHY
4596,4844,,,,,,,,KFFFXNKEPF
4597,4845,,,,,,,,KFHUBKIBJE
4598,4846,,,,,,,,KFIJDCYVMI
4599,4847,,,,,,,,KFIOIWZAHL
4600,4848,,,,,,,,KFKAAPJZYL
4601,4849,,,,,,,,KFOXUKDHML
4602,4851,,,,,,,,KFQRRNGEXV
4603,4852,,,,,,,,KFRVXYPSUN
4604,4853,,,,,,,,KFTLZBVGMB
4605,4854,,,,,,,,KFZANBXPIM
4606,4855,,,,,,,,KGAHLDGBZW
4607,4856,,,,,,,,KGALJSISUB
4608,4857,,,,,,,,KGAQTGQDIY
4609,4858,,,,,,,,KGAUDWZKEW
4610,4859,,,,,,,,KGBOTAENVD
4611,4860,,,,,,,,KGCBZCQNTB
4612,4861,,,,,,,,KGEZKWDPAG
4613,4862,,,,,,,,KGKAIFCKVV
4614,4863,,,,,,,,KGKFTTJSUS
4615,4864,,,,,,,,KGOAAOKKSI
4616,4865,,,,,,,,KGOAZUFHLD
4617,4866,,,,,,,,KGOPWIDJCM
4618,4867,,,,,,,,KGOQYSVWIJ
4619,4868,,,,,,,,KGOVJRIQHZ
4620,4869,,,,,,,,KGPAUCFQTE
4621,4870,,,,,,,,KGQIZKUYSQ
4622,4871,,,,,,,,KGSBDWENVT
4623,4872,,,,,,,,KGSCSODOGE
4624,4873,,,,,,,,KGSSGOPBFZ
4625,4874,,,,,,,,KGVUNQBGLO
4626,4875,,,,,,,,KGVYAKTWQA
4627,4876,,,,,,,,KGWRFLRCYL
4628,4877,,,,,,,,KGXTPFUKHE
4629,4878,,,,,,,,KGYBBWFVZY
4630,4879,,,,,,,,KGZCVOGGRO
4631,4880,,,,,,,,KHDCVJKAFH
4632,4881,,,,,,,,KHDTEIITUB
4633,4882,,,,,,,,KHGOAQMYWL
4634,4883,,,,,,,,KHGPMPCHKP
4635,4884,,,,,,,,KHGTXXXBND
4636,4885,,,,,,,,KHHOWXJHVY
4637,4886,,,,,,,,KHJAOMCGII
4638,4887,,,,,,,,KHKUDJQTGF
4639,4888,,,,,,,,KHNQOMUMWI
4640,4889,,,,,,,,KHOEEWQUJZ
4641,4890,,,,,,,,KHOSZDWNNR
4642,4891,,,,,,,,KHSZNKDVGP
4643,4892,,,,,,,,KHUIHFTXQI
4644,4893,,,,,,,,KHWPPVOGSR
4645,4894,,,,,,,,KHZDQOTATT
4646,4895,,,,,,,,KIDAPQNDMK
4647,4896,,,,,,,,KIHBWUZGAM
4648,4897,,,,,,,,KIHIDEWEQD
4649,4898,,,,,,,,KIJAMTPQTO
4650,4899,,,,,,,,KIJLQPSFMM
4651,4900,,,,,,,,KIKUJTDRQF
4652,4901,,,,,,,,KIOHQRDXUJ
4653,4902,,,,,,,,KIPLXJKIXE
4654,4903,,,,,,,,KIPPFMCCEO
4655,4904,,,,,,,,KISORNIIEE
4656,4905,,,,,,,,KITDWIZCHC
4657,4907,,,,,,,,KIVZQAHNQS
4658,4908,,,,,,,,KIWKADAROL
4659,4909,,,,,,,,KIWPMUHKXE
4660,4910,,,,,,,,KIZJFMPBXR
4661,4911,,,,,,,,KJBXFUIMCX
4662,4912,,,,,,,,KJCCDLYXFZ
4663,4913,,,,,,,,KJCIYKTKDR
4664,4914,,,,,,,,KJDGZVPAKJ
4665,4915,,,,,,,,KJDUMHSLUC
4666,4916,,,,,,,,KJETDOEMRM
4667,4917,,,,,,,,KJEYXMMDLW
4668,4918,,,,,,,,KJGJQLCEQL
4669,4919,,,,,,,,KJHHXETTHS
4670,4921,,,,,,,,KJJLWOBSQO
4671,4922,,,,,,,,KJMEYVSTBY
4672,4923,,,,,,,,KJMXFTEDYD
4673,4924,,,,,,,,KJNCUGDWGO
4674,4925,,,,,,,,KJQNOJPLRW
4675,4926,,,,,,,,KJRLYVTMRQ
4676,4927,,,,,,,,KJRNWCAYWH
4677,4928,,,,,,,,KJRQSCZWEM
4678,4929,,,,,,,,KJSTZWUIXV
4679,4930,,,,,,,,KJSTZXIGXQ
4680,4931,,,,,,,,KJWNJBIYED
4681,4933,,,,,,,,KJXIVNFLQL
4682,4934,,,,,,,,KJXQCDCTJS
4683,4935,,,,,,,,KJYNZUVJJK
4684,4936,,,,,,,,KJZLNEMXLR
4685,4937,,,,,,,,KJZPLVOWEW
4686,4938,,,,,,,,KKADMZEPEO
4687,4939,,,,,,,,KKEVKBQZMN
4688,4940,,,,,,,,KKKSJAXODW
4689,4941,,,,,,,,KKLMPACAVA
4690,4942,,,,,,,,KKLULPJVNO
4691,4943,,,,,,,,KKMOBZGCIE
4692,4944,,,,,,,,KKSQLICZSV
4693,4945,,,,,,,,KKTUXUJGKK
4694,4946,,,,,,,,KKTVUSXMAB
4695,4947,,,,,,,,KKUOYYYMXM
4696,4948,,,,,,,,KKVIMRXGKV
4697,4949,,,,,,,,KKVQPUBEJX
4698,4950,,,,,,,,KKWCYIRNAZ
4699,4951,,,,,,,,KLFFLBBCDW
4700,4952,,,,,,,,KLGQORRKPF
4701,4953,,,,,,,,KLGSPUKJTX
4702,4954,,,,,,,,KLHLRJBYQG
4703,4955,,,,,,,,KLHQXTEKPP
4704,4956,,,,,,,,KLKHGUSGBG
4705,4957,,,,,,,,KLKZBRVBDW
4706,4958,,,,,,,,KLLGGOEIIY
4707,4959,,,,,,,,KLLPJZIKHI
4708,4960,,,,,,,,KLMNBASRIH
4709,4961,,,,,,,,KLMROGVIZV
4710,4962,,,,,,,,KLTACKLSOT
4711,4963,,,,,,,,KLVASAWEBP
4712,4964,,,,,,,,KLVZJJMJQX
4713,4965,,,,,,,,KLYAKMQCVX
4714,4967,,,,,,,,KMBCJPXUCV
4715,4969,,,,,,,,KMBDSULEIN
4716,4970,,,,,,,,KMBWOBOZAA
4717,4971,,,,,,,,KMBZSSEHSM
4718,4972,,,,,,,,KMEIMCMWUJ
4719,4973,,,,,,,,KMESBFBTWY
4720,4974,,,,,,,,KMEYZQGZIO
4721,4975,,,,,,,,KMFNNCZVER
4722,4976,,,,,,,,KMLFLIDNLM
4723,4977,,,,,,,,KMLSQGRYIO
4724,4978,,,,,,,,KMMXGMSKAL
4725,4979,,,,,,,,KMRCKZUSTA
4726,4981,,,,,,,,KMUACQQFQQ
4727,4982,,,,,,,,KMVMRDBFEG
4728,4983,,,,,,,,KMYKSQMGJV
4729,4984,,,,,,,,KNBSXRFBYU
4730,4985,,,,,,,,KNBTZWCUUP
4731,4986,,,,,,,,KNDCQISUNM
4732,4987,,,,,,,,KNFCZJRABA
4733,4988,,,,,,,,KNNYKKYAKJ
4734,4989,,,,,,,,KNOVNLEFXE
4735,4991,,,,,,,,KNPEXITIRL
4736,4992,,,,,,,,KNQPLTRTDV
4737,4993,,,,,,,,KNTGIZUSQE
4738,4994,,,,,,,,KNTGMSZSYJ
4739,4995,,,,,,,,KNTLJEPMSV
4740,4996,,,,,,,,KNTZMIFBOD
4741,4997,,,,,,,,KNUBPNMHNA
4742,4998,,,,,,,,KNXDGWWGRQ
4743,4999,,,,,,,,KNZOXEGIHS
4744,5000,,,,,,,,KOALQWPWAE
4745,5001,,,,,,,,KOBGBUODLS
4746,5002,,,,,,,,KOBMKCQQFU
4747,5003,,,,,,,,KOCOJBPDJF
4748,5004,,,,,,,,KOCYNCMCMV
4749,5005,,,,,,,,KOJZGZZTID
4750,5006,,,,,,,,KOKNJFUXLI
4751,5007,,,,,,,,KOMDVSUJLJ
4752,5008,,,,,,,,KOPWLUGJCT
4753,5009,,,,,,,,KOQGWEXDAC
4754,5010,,,,,,,,KORFTWNGNR
4755,5011,,,,,,,,KOSEMAAJHT
4756,5012,,,,,,,,KOSXZLPDDR
4757,5013,,,,,,,,KOYBDTOPCS
4758,5014,,,,,,,,KOYLARQYKE
4759,5015,,,,,,,,KPBLYBMQRJ
4760,5016,,,,,,,,KPEMLUANNT
4761,5017,,,,,,,,KPEXIYFEGG
4762,5018,,,,,,,,KPFJQJBLBV
4763,5019,,,,,,,,KPFPEXSVQK
4764,5020,,,,,,,,KPGFHDARUY
4765,5021,,,,,,,,KPGLVAKXJE
4766,5023,,,,,,,,KPIBXFNRKY
4767,5024,,,,,,,,KPIEBHQEZO
4768,5025,,,,,,,,KPJFKYPJXI
4769,5026,,,,,,,,KPJQJNWVTK
4770,5027,,,,,,,,KPKEDHFOOP
4771,5028,,,,,,,,KPKVYTEHHE
4772,5029,,,,,,,,KPMHKFWUZV
4773,5030,,,,,,,,KPMTJLBRKY
4774,5031,,,,,,,,KPRELFLJEN
4775,5032,,,,,,,,KPRGFWKMQP
4776,5033,,,,,,,,KPRYXZOSEM
4777,5034,,,,,,,,KPUATKZLZH
4778,5035,,,,,,,,KPUJWANRAY
4779,5036,,,,,,,,KPVKRVFKIK
4780,5038,,,,,,,,KPWCQDNAGL
4781,5039,,,,,,,,KPZGQBEANA
4782,5040,,,,,,,,KQAKBGLQBJ
4783,5041,,,,,,,,KQCZNCDAIY
4784,5042,,,,,,,,KQEHZBJVSB
4785,5043,,,,,,,,KQERXJLSIS
4786,5044,,,,,,,,KQFORQQYSF
4787,5045,,,,,,,,KQGCELJQJM
4788,5046,,,,,,,,KQGWHXMYJY
4789,5047,,,,,,,,KQIKJUVEPH
4790,5048,,,,,,,,KQJYZLHSZY
4791,5049,,,,,,,,KQNZAXSULE
4792,5050,,,,,,,,KQSBUMWOQJ
4793,5051,,,,,,,,KQSOFBRGYS
4794,5052,,,,,,,,KQTYBPRNEH
4795,5053,,,,,,,,KQVYETANJM
4796,5054,,,,,,,,KRAQGHYBIK
4797,5055,,,,,,,,KRATXNLLLO
4798,5056,,,,,,,,KRBOLSMGYC
4799,5057,,,,,,,,KRCKPPRZTD
4800,5058,,,,,,,,KRDFPMATLX
4801,5059,,,,,,,,KRDHEGBXPI
4802,5060,,,,,,,,KRDMVIPTNM
4803,5061,,,,,,,,KRFAMIJSAA
4804,5062,,,,,,,,KRFBOOSIND
4805,5063,,,,,,,,KRKJISITVQ
4806,5064,,,,,,,,KRLLTITZMD
4807,5065,,,,,,,,KRMSIVPYSC
4808,5066,,,,,,,,KRNKTMYROB
4809,5067,,,,,,,,KRNQVKCLDN
4810,5068,,,,,,,,KRPKBCLMHS
4811,5069,,,,,,,,KRQIVZIHFU
4812,5070,,,,,,,,KRRTSRMKTI
4813,5071,,,,,,,,KRTKRGYRAQ
4814,5072,,,,,,,,KRTZXSLPWP
4815,5073,,,,,,,,KRUCWMCBKV
4816,5075,,,,,,,,KRUQHHTQDK
4817,5076,,,,,,,,KRVDIGTAPP
4818,5077,,,,,,,,KRZDOUFYVV
4819,5078,,,,,,,,KRZVXEEJZF
4820,5079,,,,,,,,KSBKQLDTKG
4821,5080,,,,,,,,KSBRODCJUU
4822,5081,,,,,,,,KSDIGLPGHR
4823,5082,,,,,,,,KSDUPSVPAK
4824,5083,,,,,,,,KSDWXIKOHC
4825,5084,,,,,,,,KSFBYVAFBQ
4826,5085,,,,,,,,KSFIGBQODL
4827,5086,,,,,,,,KSHRPGZFZL
4828,5087,,,,,,,,KSILBEANLK
4829,5088,,,,,,,,KSKDFVQOHW
4830,5089,,,,,,,,KSNFDDHTWN
4831,5090,,,,,,,,KSQPUHVANL
4832,5091,,,,,,,,KSSUHTGZUS
4833,5092,,,,,,,,KSUTSSFKDG
4834,5093,,,,,,,,KSVUSOFCRX
4835,5094,,,,,,,,KSWFBTFLON
4836,5095,,,,,,,,KSYROQWAHJ
4837,5096,,,,,,,,KSZOYLFXYJ
4838,5097,,,,,,,,KTEXNSGWXC
4839,5098,,,,,,,,KTFOOXZNNF
4840,5099,,,,,,,,KTFREINBRC
4841,5100,,,,,,,,KTGSLQDROH
4842,5101,,,,,,,,KTJGVTBQZV
4843,5102,,,,,,,,KTJNPJCVEY
4844,5103,,,,,,,,KTMGLFXRFK
4845,5104,,,,,,,,KTQIEDPZEW
4846,5105,,,,,,,,KTRTWVKAYB
4847,5106,,,,,,,,KTSZPMMGYG
4848,5107,,,,,,,,KTTFZPWKST
4849,5108,,,,,,,,KTXGVVXMZS
4850,5111,,,,,,,,KTZLCYAJDI
4851,5112,,,,,,,,KUBWYHOHAV
4852,5113,,,,,,,,KUCVSFSIWU
4853,5114,,,,,,,,KUDZXETAJN
4854,5115,,,,,,,,KUFBVMQIRE
4855,5116,,,,,,,,KUFYKSDXND
4856,5117,,,,,,,,KUISCTKBTA
4857,5118,,,,,,,,KUKCFVNPAG
4858,5119,,,,,,,,KULTSRVUYF
4859,5120,,,,,,,,KUOFYCDPER
4860,5121,,,,,,,,KUQBXIGFLF
4861,5122,,,,,,,,KUTSNSYTNJ
4862,5123,,,,,,,,KUUCZCRWVO
4863,5124,,,,,,,,KUWEPACDAS
4864,5125,,,,,,,,KUYXGVQIQA
4865,5126,,,,,,,,KUZBLTKGTW
4866,5127,,,,,,,,KUZBWSLLIX
4867,5128,,,,,,,,KUZEHAUOTH
4868,5129,,,,,,,,KUZWJORUZQ
4869,5130,,,,,,,,KVBWCGXJTY
4870,5131,,,,,,,,KVEHNGODUW
4871,5132,,,,,,,,KVHKRDJGQS
4872,5133,,,,,,,,KVIRGPJKCP
4873,5135,,,,,,,,KVJTRUISYO
4874,5136,,,,,,,,KVLPXSCSYG
4875,5137,,,,,,,,KVNVIRDUUQ
4876,5138,,,,,,,,KVQATGSBHU
4877,5139,,,,,,,,KVROOAMJMC
4878,5140,,,,,,,,KVTBLIRNVO
4879,5141,,,,,,,,KVVQFAEPLW
4880,5142,,,,,,,,KWAKGZZZNB
4881,5143,,,,,,,,KWBXCTCNCH
4882,5144,,,,,,,,KWBZFJEUYH
4883,5145,,,,,,,,KWDHIHLCQL
4884,5146,,,,,,,,KWFVMBGDDH
4885,5147,,,,,,,,KWFZHTQBPY
4886,5148,,,,,,,,KWGYJYFREW
4887,5149,,,,,,,,KWIXCPWYFW
4888,5150,,,,,,,,KWJLHEPHKD
4889,5151,,,,,,,,KWJLYODJJP
4890,5152,,,,,,,,KWJMXTLUKV
4891,5153,,,,,,,,KWLHNZDTVU
4892,5154,,,,,,,,KWMDTEKLJY
4893,5155,,,,,,,,KWMFHZTZJH
4894,5156,,,,,,,,KWPNQHKNEG
4895,5157,,,,,,,,KWPRBKALJZ
4896,5158,,,,,,,,KWSZFOBVUG
4897,5159,,,,,,,,KWUETXKPDD
4898,5160,,,,,,,,KWYUNQDQKT
4899,5161,,,,,,,,KXDFOMBOPD
4900,5162,,,,,,,,KXDHMXYEAX
4901,5163,,,,,,,,KXFGKWWOBU
4902,5164,,,,,,,,KXGIFLSWNQ
4903,5166,,,,,,,,KXGTFWZHRJ
4904,5167,,,,,,,,KXIHQYHQLZ
4905,5168,,,,,,,,KXNTRQHIDF
4906,5169,,,,,,,,KXOWZETBIY
4907,5170,,,,,,,,KXQXBESOUT
4908,5171,,,,,,,,KXUUDWKQCV
4909,5172,,,,,,,,KXWTTCNOOK
4910,5173,,,,,,,,KXWULOBYOI
4911,5174,,,,,,,,KXXBSWRRSA
4912,5175,,,,,,,,KXXIFZDSBG
4913,5176,,,,,,,,KXXIYLZSPX
4914,5177,,,,,,,,KYCOUTOJNW
4915,5178,,,,,,,,KYCUVMULJO
4916,5179,,,,,,,,KYDNOHKAHW
4917,5180,,,,,,,,KYEHZABBYW
4918,5181,,,,,,,,KYEJKXQFHE
4919,5182,,,,,,,,KYGDUCUWYM
4920,5183,,,,,,,,KYHRIEOCUI
4921,5184,,,,,,,,KYIPCUUNCX
4922,5185,,,,,,,,KYLAFPRMVD
4923,5186,,,,,,,,KYLIXRTTSM
4924,5187,,,,,,,,KYMFVXPOJH
4925,5188,,,,,,,,KYMUFOPYVW
4926,5189,,,,,,,,KYMVGSKAEN
4927,5190,,,,,,,,KYNGFOZFIQ
4928,5191,,,,,,,,KYPBKOXOWA
4929,5192,,,,,,,,KYSQAFHTZV
4930,5193,,,,,,,,KYSZALHWJC
4931,5194,,,,,,,,KYTBPWOKYT
4932,5195,,,,,,,,KYTUVZXWOY
4933,5196,,,,,,,,KYTXPGFOQM
4934,5197,,,,,,,,KYUCVVIKET
4935,5198,,,,,,,,KYUDEMSUWQ
4936,5199,,,,,,,,KYUKNLMALV
4937,5200,,,,,,,,KYVEGKUCIH
4938,5202,,,,,,,,KZABUQXNNO
4939,5203,,,,,,,,KZADEICJTO
4940,5205,,,,,,,,KZAVPAVQNR
4941,5206,,,,,,,,KZBBLGTCDB
4942,5207,,,,,,,,KZCGNCRVXG
4943,5208,,,,,,,,KZECUKQTDO
4944,5209,,,,,,,,KZKARTFSTI
4945,5210,,,,,,,,KZKOGQPVZK
4946,5211,,,,,,,,KZKUBWOLZP
4947,5212,,,,,,,,KZMRDWZYDJ
4948,5213,,,,,,,,KZNNFBFYSL
4949,5214,,,,,,,,KZOEKXWMXG
4950,5215,,,,,,,,KZOQYJAXOW
4951,5216,,,,,,,,KZQNYKPITJ
4952,5217,,,,,,,,KZREDBMGQL
4953,5218,,,,,,,,KZTRPKDBUS
4954,5219,,,,,,,,KZVEMXWYVG
4955,5220,,,,,,,,KZVINYMYXZ
4956,5221,,,,,,,,KZXLPIVJQH
4957,5222,,,,,,,,KZXYFAXPOB
4958,5223,,,,,,,,KZYWDIVOTJ
4959,5224,,,,,,,,KZZBHYKSMJ
4960,5225,,,,,,,,LACTWVCWQW
4961,5226,,,,,,,,LAGPLSLRAT
4962,5227,,,,,,,,LAKVISJGTD
4963,5228,,,,,,,,LAOEQTDSSG
4964,5229,,,,,,,,LAPAOCNTXB
4965,5230,,,,,,,,LARPWYKCEB
4966,5231,,,,,,,,LASVIOLOBG
4967,5232,,,,,,,,LAURUEMEHT
4968,5233,,,,,,,,LAVYVAEAKU
4969,5234,,,,,,,,LAWJMNYEMJ
4970,5235,,,,,,,,LAXJPTFLTW
4971,5236,,,,,,,,LAZHVLDXWI
4972,5237,,,,,,,,LBAUOECLYS
4973,5238,,,,,,,,LBBKBHEMOC
4974,5239,,,,,,,,LBFLNBZXLW
4975,5241,,,,,,,,LBFOJAUIRQ
4976,5242,,,,,,,,LBGDOSFGIX
4977,5243,,,,,,,,LBGRUEBMZE
4978,5244,,,,,,,,LBHQQYFHPO
4979,5245,,,,,,,,LBHXADFVWZ
4980,5246,,,,,,,,LBIFWPYBWF
4981,5247,,,,,,,,LBJCTFXTUG
4982,5248,,,,,,,,LBLOOTRIHF
4983,5249,,,,,,,,LBLZPDCIGN
4984,5250,,,,,,,,LBMSYGACCS
4985,5252,,,,,,,,LBNCNKDOVP
4986,5253,,,,,,,,LBOBULFVPT
4987,5254,,,,,,,,LBOXBXCOUV
4988,5255,,,,,,,,LBPFNJOECZ
4989,5256,,,,,,,,LBPPFCWEML
4990,5257,,,,,,,,LBRENKPVWR
4991,5258,,,,,,,,LBRLZYYSWT
4992,5259,,,,,,,,LBSCUNQYPD
4993,5260,,,,,,,,LBSVJLNGSR
4994,5261,,,,,,,,LBTVELPTFU
4995,5262,,,,,,,,LBVOYBXDPV
4996,5263,,,,,,,,LBVWNZPNKT
4997,5265,,,,,,,,LCAAYXZNWI
4998,5266,,,,,,,,LCCAIMSSMN
4999,5267,,,,,,,,LCCXYSXDSX
5000,5268,,,,,,,,LCDJBEAHNA
5001,5269,,,,,,,,LCDPCGIMZS
5002,5270,,,,,,,,LCFBRYEDSO
5003,5271,,,,,,,,LCHCCQXCVP
5004,5272,,,,,,,,LCIDNGXIPX
5005,5273,,,,,,,,LCIDXYHHHT
5006,5274,,,,,,,,LCNVUYYDDZ
5007,5275,,,,,,,,LCPVQHWXGP
5008,5276,,,,,,,,LCPXGVEGVD
5009,5277,,,,,,,,LCUIVREXEL
5010,5278,,,,,,,,LCVLCZZZJU
5011,5279,,,,,,,,LCWJMEYBLS
5012,5281,,,,,,,,LCWLOXCTNG
5013,5282,,,,,,,,LCWXVYNKYI
5014,5283,,,,,,,,LCYFFDBAQQ
5015,5284,,,,,,,,LDDCYSTQOA
5016,5285,,,,,,,,LDDQHGQDXK
5017,5287,,,,,,,,LDGCMQHDUT
5018,5288,,,,,,,,LDMEAKZVRY
5019,5289,,,,,,,,LDMVQRWTDD
5020,5290,,,,,,,,LDNFIACTVP
5021,5291,,,,,,,,LDNMEKIJIU
5022,5292,,,,,,,,LDOHETXYAD
5023,5293,,,,,,,,LDRERCDMXX
5024,5294,,,,,,,,LDRZYWFPUN
5025,5295,,,,,,,,LDUJEUQXON
5026,5296,,,,,,,,LDXYPHJZKO
5027,5297,,,,,,,,LDYXUKNJZR
5028,5298,,,,,,,,LEBTEPQHUO
5029,5299,,,,,,,,LEBUOLBLDS
5030,5300,,,,,,,,LEDVIIZSHG
5031,5301,,,,,,,,LEDWQOCGAO
5032,5302,,,,,,,,LEECVXIBYT
5033,5303,,,,,,,,LEFNWINUXB
5034,5304,,,,,,,,LEFZBPGQLQ
5035,5305,,,,,,,,LEKCRKEEDW
5036,5306,,,,,,,,LEKWQLPWEU
5037,5307,,,,,,,,LELXJRTSEJ
5038,5308,,,,,,,,LEMCHINEJH
5039,5309,,,,,,,,LEMDSOVLTD
5040,5310,,,,,,,,LEMURBNRKS
5041,5311,,,,,,,,LENSZFTWWV
5042,5312,,,,,,,,LENXNUSQXN
5043,5314,,,,,,,,LESCNRDPHM
5044,5315,,,,,,,,LESJPKNZKT
5045,5316,,,,,,,,LESWMGZQXU
5046,5318,,,,,,,,LESWYNWBLG
5047,5319,,,,,,,,LEWMPZOHBF
5048,5320,,,,,,,,LEWQLVDJQQ
5049,5321,,,,,,,,LEXIIWHEFH
5050,5322,,,,,,,,LEXPMOMCVR
5051,5324,,,,,,,,LEYQVNCRUV
5052,5325,,,,,,,,LFBODPOBTW
5053,5326,,,,,,,,LFBOOZAJPA
5054,5327,,,,,,,,LFCJQADESM
5055,5328,,,,,,,,LFCVJXPDQF
5056,5329,,,,,,,,LFDJTPFOUK
5057,5330,,,,,,,,LFGKVVINXT
5058,5331,,,,,,,,LFIOGBMCAH
5059,5332,,,,,,,,LFIWBWUBFF
5060,5333,,,,,,,,LFKSBOENRQ
5061,5335,,,,,,,,LFLRJAWXUG
5062,5336,,,,,,,,LFLZOXAMJE
5063,5337,,,,,,,,LFNIHEQPFY
5064,5338,,,,,,,,LFOFQGPAZR
5065,5339,,,,,,,,LFOZKSWNFB
5066,5340,,,,,,,,LFQCOTOVMT
5067,5341,,,,,,,,LFQDULTQBK
5068,5342,,,,,,,,LFSVUEPSGM
5069,5343,,,,,,,,LFTQPAOKJR
5070,5345,,,,,,,,LFXKOBFITW
5071,5346,,,,,,,,LFYVOZBMAM
5072,5347,,,,,,,,LFYVPMFBOX
5073,5348,,,,,,,,LGBATMCNJQ
5074,5349,,,,,,,,LGDVOGQBAP
5075,5350,,,,,,,,LGEWIEZCMH
5076,5352,,,,,,,,LGGSTWBOVF
5077,5353,,,,,,,,LGGUNEMALG
5078,5354,,,,,,,,LGGWKWISDP
5079,5355,,,,,,,,LGHKVRBWZI
5080,5356,,,,,,,,LGHXKBTSUN
5081,5358,,,,,,,,LGJJYICMYX
5082,5359,,,,,,,,LGKKKBJVXQ
5083,5360,,,,,,,,LGLHZDCVJP
5084,5361,,,,,,,,LGLQTLJMYP
5085,5362,,,,,,,,LGRJMWLHEF
5086,5363,,,,,,,,LGTAROADWG
5087,5364,,,,,,,,LGURQKAIHQ
5088,5366,,,,,,,,LGVFLGGGSS
5089,5367,,,,,,,,LGYDLVVOVZ
5090,5368,,,,,,,,LGZDTMNLJY
5091,5369,,,,,,,,LGZQVMRJJK
5092,5370,,,,,,,,LHAQPNJAOV
5093,5371,,,,,,,,LHDDDWNKPF
5094,5372,,,,,,,,LHDHLIBOYD
5095,5373,,,,,,,,LHDHMFOATL
5096,5374,,,,,,,,LHDKXXHDHG
5097,5375,,,,,,,,LHJZICTNCM
5098,5376,,,,,,,,LHMGICHNKD
5099,5377,,,,,,,,LHNEZASYZM
5100,5378,,,,,,,,LHNHWFQJAH
5101,5379,,,,,,,,LHPENGWJVD
5102,5380,,,,,,,,LHTJMPCUTS
5103,5381,,,,,,,,LHWGCREPLD
5104,5382,,,,,,,,LHWQAVHDWN
5105,5383,,,,,,,,LIAMWAMXLV
5106,5384,,,,,,,,LIDAWFNKPU
5107,5385,,,,,,,,LIDSUCYBMJ
5108,5386,,,,,,,,LIGWPWCGVW
5109,5388,,,,,,,,LIJHQCUPLZ
5110,5389,,,,,,,,LIJTLNHWDM
5111,5390,,,,,,,,LIQTZNOOEM
5112,5391,,,,,,,,LISUIABISI
5113,5392,,,,,,,,LISVPCGTBE
5114,5393,,,,,,,,LITIGWTBFD
5115,5394,,,,,,,,LIVHFFHPEQ
5116,5395,,,,,,,,LIWGYAXKZH
5117,5396,,,,,,,,LIXHINLOTY
5118,5397,,,,,,,,LIXYKCNBDF
5119,5398,,,,,,,,LJCLTELJEB
5120,5399,,,,,,,,LJCPQIUDTO
5121,5400,,,,,,,,LJDURILRNC
5122,5403,,,,,,,,LJERLXERYO
5123,5404,,,,,,,,LJFOAGBOPV
5124,5405,,,,,,,,LJHJBYPTNV
5125,5407,,,,,,,,LJJOIAESUL
5126,5408,,,,,,,,LJMQCNTDPF
5127,5409,,,,,,,,LJMVWKYUUM
5128,5410,,,,,,,,LJMXYHVNGY
5129,5411,,,,,,,,LJODVIOVVO
5130,5412,,,,,,,,LJSPULWTUT
5131,5413,,,,,,,,LJVDFLSISA
5132,5414,,,,,,,,LJXIFOCCRI
5133,5415,,,,,,,,LJXMOJBNDS
5134,5416,,,,,,,,LKARHADRFU
5135,5417,,,,,,,,LKDJPQDHOK
5136,5418,,,,,,,,LKFIUSAGTK
5137,5419,,,,,,,,LKFPYQHWKE
5138,5420,,,,,,,,LKFTELMNZP
5139,5421,,,,,,,,LKIMQVWWXL
5140,5423,,,,,,,,LKJDHBKVQF
5141,5424,,,,,,,,LKJDVRQUWK
5142,5425,,,,,,,,LKNCUGIJBE
5143,5427,,,,,,,,LKOAQAOEPJ
5144,5428,,,,,,,,LKOPBQMYVD
5145,5429,,,,,,,,LKPNQKBPEW
5146,5430,,,,,,,,LKPPLDOWVA
5147,5431,,,,,,,,LKRORXKDRO
5148,5432,,,,,,,,LKRXEDHBRA
5149,5433,,,,,,,,LKSFIMUJVO
5150,5434,,,,,,,,LKSKKNANOX
5151,5435,,,,,,,,LKTCMRIPBS
5152,5436,,,,,,,,LKVIPQHCUK
5153,5437,,,,,,,,LKVKNEFRMP
5154,5438,,,,,,,,LKXPRZSOTS
5155,5439,,,,,,,,LKXWIYMOBZ
5156,5440,,,,,,,,LKYAPUNVNL
5157,5441,,,,,,,,LLCNCRNDER
5158,5442,,,,,,,,LLEOSAOQXJ
5159,5444,,,,,,,,LLFXWRGOLF
5160,5445,,,,,,,,LLGWYDKCFI
5161,5446,,,,,,,,LLHHSYSBZZ
5162,5447,,,,,,,,LLJCCAURVM
5163,5448,,,,,,,,LLJNALQWLO
5164,5449,,,,,,,,LLKIMZRFAG
5165,5450,,,,,,,,LLMXDDKMHN
5166,5451,,,,,,,,LLNARSMCNE
5167,5452,,,,,,,,LLNWOBMSJL
5168,5453,,,,,,,,LLOGENRAFF
5169,5454,,,,,,,,LLPQYGGBMH
5170,5455,,,,,,,,LLSWGIXTSW
5171,5456,,,,,,,,LLTKTOCTEJ
5172,5457,,,,,,,,LLUXECAWXH
5173,5460,,,,,,,,LLVFQEOSTR
5174,5461,,,,,,,,LLVJGIZIAP
5175,5462,,,,,,,,LLVYYUTUKJ
5176,5463,,,,,,,,LLXODGLIWM
5177,5464,,,,,,,,LMAEYOAFRH
5178,5465,,,,,,,,LMASJXOMIY
5179,5466,,,,,,,,LMCEMFMNYM
5180,5467,,,,,,,,LMCSWAJNEV
5181,5468,,,,,,,,LMEOZMQCJG
5182,5469,,,,,,,,LMEWZHGTRT
5183,5470,,,,,,,,LMKRENIJKY
5184,5471,,,,,,,,LMNRFBAMSB
5185,5472,,,,,,,,LMQBCPSWNV
5186,5473,,,,,,,,LMQIGFFNUM
5187,5474,,,,,,,,LMRCLBRXEW
5188,5475,,,,,,,,LMSCAUKTOS
5189,5476,,,,,,,,LMTURXYHKI
5190,5477,,,,,,,,LMVSUQADIL
5191,5478,,,,,,,,LMWRBQDJZK
5192,5479,,,,,,,,LMWXOFNPZA
5193,5480,,,,,,,,LMYQLPNBRR
5194,5481,,,,,,,,LNBCNPDBUK
5195,5482,,,,,,,,LNCWTWYJRX
5196,5483,,,,,,,,LNEKKQMJXK
5197,5484,,,,,,,,LNGQQXPVGY
5198,5486,,,,,,,,LNJADBXLKQ
5199,5487,,,,,,,,LNKMRMHBAS
5200,5488,,,,,,,,LNKWBWYOVG
5201,5489,,,,,,,,LNLOKXOGDQ
5202,5490,,,,,,,,LNMRSFBPGJ
5203,5491,,,,,,,,LNOXSPXKXV
5204,5492,,,,,,,,LNPJIORHRL
5205,5493,,,,,,,,LNPRVOZHND
5206,5494,,,,,,,,LNTFMHXDXM
5207,5495,,,,,,,,LNTOSDOLPB
5208,5496,,,,,,,,LNUWZZACWN
5209,5497,,,,,,,,LNVGVKYXJX
5210,5498,,,,,,,,LNWVPMDWGG
5211,5499,,,,,,,,LNXHUCHDNP
5212,5500,,,,,,,,LNZHITZWRH
5213,5501,,,,,,,,LNZLVXWBXA
5214,5502,,,,,,,,LNZURGBVHD
5215,5503,,,,,,,,LOALMPJGIY
5216,5504,,,,,,,,LOBLXQMYCP
5217,5505,,,,,,,,LODGLSFIXC
5218,5506,,,,,,,,LODPPKWUMP
5219,5507,,,,,,,,LOFRKMUKHR
5220,5508,,,,,,,,LOFVJGSLFD
5221,5509,,,,,,,,LOLSNSUEOV
5222,5510,,,,,,,,LOMAFVVYNK
5223,5511,,,,,,,,LOOXKKYAQI
5224,5512,,,,,,,,LOPMUZQEGR
5225,5513,,,,,,,,LORDOPYUBO
5226,5514,,,,,,,,LOTNPUXCHI
5227,5515,,,,,,,,LOVMYISAAY
5228,5516,,,,,,,,LOWQZHATQI
5229,5517,,,,,,,,LPBYDCSIYA
5230,5518,,,,,,,,LPESJXIBLB
5231,5519,,,,,,,,LPEUSIEUFA
5232,5520,,,,,,,,LPGTEFYWJL
5233,5521,,,,,,,,LPHQSZIFLS
5234,5522,,,,,,,,LPINHNHUPY
5235,5523,,,,,,,,LPIPFJCGCH
5236,5524,,,,,,,,LPKCUILYGC
5237,5525,,,,,,,,LPKZUSCBZY
5238,5526,,,,,,,,LPLLEVJYVF
5239,5527,,,,,,,,LPNPGIKQVW
5240,5528,,,,,,,,LPNQDMABXU
5241,5529,,,,,,,,LPPRLFLFIS
5242,5530,,,,,,,,LPRWVZTJJU
5243,5531,,,,,,,,LPTSZWKHFA
5244,5532,,,,,,,,LPTUHUAABJ
5245,5533,,,,,,,,LPUHBJVYUM
5246,5534,,,,,,,,LPUOFRYGKS
5247,5535,,,,,,,,LPWQXFFZFQ
5248,5536,,,,,,,,LPXCLQBJKU
5249,5537,,,,,,,,LPXEUDCBQB
5250,5538,,,,,,,,LPXZDBEDSF
5251,5539,,,,,,,,LPZICJXEVY
5252,5540,,,,,,,,LQADOIHLLS
5253,5541,,,,,,,,LQFIVWPBTY
5254,5542,,,,,,,,LQHHWHPHPS
5255,5543,,,,,,,,LQIVAPKZPQ
5256,5544,,,,,,,,LQIWUXRTPD
5257,5545,,,,,,,,LQJXISEDOF
5258,5546,,,,,,,,LQKBCWSWOD
5259,5547,,,,,,,,LQKQESRRDC
5260,5548,,,,,,,,LQNKJMDZLJ
5261,5549,,,,,,,,LQOIXOAPXZ
5262,5550,,,,,,,,LQPZBSQJWP
5263,5551,,,,,,,,LQQRISQYYP
5264,5552,,,,,,,,LQQTKAQOFD
5265,5553,,,,,,,,LQRKORGLSF
5266,5554,,,,,,,,LQTKUPPFSL
5267,5555,,,,,,,,LQWESFFGVT
5268,5556,,,,,,,,LQWGZAEVFO
5269,5557,,,,,,,,LRAGRHKIKK
5270,5558,,,,,,,,LRASQCLOFO
5271,5559,,,,,,,,LRCTURYVCZ
5272,5560,,,,,,,,LREGTEVWQG
5273,5562,,,,,,,,LRIVPBSTVH
5274,5563,,,,,,,,LRIXNUKRNE
5275,5564,,,,,,,,LRIYWRMBVZ
5276,5565,,,,,,,,LRKRYAFCCP
5277,5566,,,,,,,,LRLBEYVSVV
5278,5567,,,,,,,,LRMTOFDTZE
5279,5568,,,,,,,,LROVFHYWNM
5280,5571,,,,,,,,LRPXVXSUVW
5281,5572,,,,,,,,LRRCQQSTCG
5282,5573,,,,,,,,LRREOCAODG
5283,5574,,,,,,,,LRRJSUOTIQ
5284,5575,,,,,,,,LRRNQZHZPW
5285,5576,,,,,,,,LRULPNJLAK
5286,5578,,,,,,,,LRXCGRWRRP
5287,5579,,,,,,,,LRZASXUMKT
5288,5580,,,,,,,,LSAOTKUCBF
5289,5581,,,,,,,,LSDEIZDKZS
5290,5582,,,,,,,,LSGGASBFGU
5291,5583,,,,,,,,LSHWAFBNOU
5292,5584,,,,,,,,LSIGBTAGSN
5293,5585,,,,,,,,LSIJSNOYPU
5294,5586,,,,,,,,LSJDQMZJVA
5295,5587,,,,,,,,LSKNYRJSZH
5296,5588,,,,,,,,LSLCOPJHVV
5297,5589,,,,,,,,LSLSDUSTJN
5298,5590,,,,,,,,LSMTHJWNDG
5299,5591,,,,,,,,LSMYANDLTJ
5300,5592,,,,,,,,LSNJQZEYUI
5301,5594,,,,,,,,LSNPONBOHB
5302,5595,,,,,,,,LSPNGEUEHU
5303,5596,,,,,,,,LSRBIVLQDZ
5304,5597,,,,,,,,LSRDZCXPII
5305,5598,,,,,,,,LSSFKTGEYJ
5306,5599,,,,,,,,LSTIONNNAG
5307,5600,,,,,,,,LSUASLIFSQ
5308,5601,,,,,,,,LTACBXAOKC
5309,5602,,,,,,,,LTACCNLMUS
5310,5603,,,,,,,,LTALLOVCUP
5311,5604,,,,,,,,LTAQANUNLE
5312,5605,,,,,,,,LTASFULMKI
5313,5606,,,,,,,,LTGDEMRBFN
5314,5607,,,,,,,,LTGYFUXZBQ
5315,5608,,,,,,,,LTHZYFQCVQ
5316,5609,,,,,,,,LTKOULYGLR
5317,5610,,,,,,,,LTNSBFSLUA
5318,5611,,,,,,,,LTNTMDOGNG
5319,5612,,,,,,,,LTNVFAOJLC
5320,5613,,,,,,,,LTOHZVYYYA
5321,5614,,,,,,,,LTPPQERPSO
5322,5615,,,,,,,,LTRQONHBBW
5323,5616,,,,,,,,LTWQYYWQYQ
5324,5617,,,,,,,,LTZHONCDUC
5325,5618,,,,,,,,LUBQTNWDCM
5326,5619,,,,,,,,LUDJWUEEBT
5327,5620,,,,,,,,LUDKEAMTYZ
5328,5621,,,,,,,,LUDOOIRVBJ
5329,5622,,,,,,,,LUDUXHDRWH
5330,5623,,,,,,,,LUFCMEWSDH
5331,5624,,,,,,,,LUGAFORSKW
5332,5625,,,,,,,,LUIMBTXPSY
5333,5626,,,,,,,,LUKHUSTJRX
5334,5627,,,,,,,,LUNQHYLFUU
5335,5628,,,,,,,,LUTOZVEDMC
5336,5629,,,,,,,,LUWHUOPKXR
5337,5630,,,,,,,,LUYEFWDJXD
5338,5631,,,,,,,,LVCNAHKKZY
5339,5632,,,,,,,,LVCWWIDFKJ
5340,5633,,,,,,,,LVEPQCSYWJ
5341,5634,,,,,,,,LVJQWQXXLU
5342,5635,,,,,,,,LVLMTBICOF
5343,5636,,,,,,,,LVNGRTKBEU
5344,5637,,,,,,,,LVONFGNPMH
5345,5638,,,,,,,,LVOUIOVNZB
5346,5639,,,,,,,,LVPYNSRUAB
5347,5640,,,,,,,,LVQQHIHDAO
5348,5641,,,,,,,,LVRHFNQNBI
5349,5642,,,,,,,,LVSPHYXLAT
5350,5643,,,,,,,,LVUPHXCTEQ
5351,5644,,,,,,,,LVVJZRNBNY
5352,5645,,,,,,,,LVVZSJUGQG
5353,5646,,,,,,,,LWAWRRGLCS
5354,5647,,,,,,,,LWCELTGQJP
5355,5648,,,,,,,,LWCYVJCNNP
5356,5649,,,,,,,,LWDZJRGEXE
5357,5650,,,,,,,,LWFFJTCSJO
5358,5651,,,,,,,,LWGYDYUUTA
5359,5652,,,,,,,,LWHCBNFOPR
5360,5653,,,,,,,,LWJFTIMJZA
5361,5654,,,,,,,,LWJWEUSSOJ
5362,5655,,,,,,,,LWMQCVTPIT
5363,5656,,,,,,,,LWMRAVLWTW
5364,5657,,,,,,,,LWNGABYCXN
5365,5659,,,,,,,,LWOFFEDBBJ
5366,5660,,,,,,,,LWPKLICTCR
5367,5661,,,,,,,,LWRMPOMIFO
5368,5662,,,,,,,,LWSRFQUGVU
5369,5663,,,,,,,,LWTCLPULCP
5370,5664,,,,,,,,LWXNGINYTL
5371,5665,,,,,,,,LWXZUEKZOS
5372,5666,,,,,,,,LWYJBFURFO
5373,5667,,,,,,,,LWZIMHYSKP
5374,5668,,,,,,,,LXBLRPVNRF
5375,5669,,,,,,,,LXBNGUBETM
5376,5670,,,,,,,,LXBPALXCQM
5377,5671,,,,,,,,LXCEEOSAMM
5378,5672,,,,,,,,LXCVWXRWIZ
5379,5673,,,,,,,,LXDOIEJMIM
5380,5675,,,,,,,,LXDPBTZHKA
5381,5676,,,,,,,,LXEAJXFDDN
5382,5677,,,,,,,,LXEVCLSLCV
5383,5678,,,,,,,,LXGGISTXEU
5384,5679,,,,,,,,LXHNQZHVKE
5385,5680,,,,,,,,LXIBCZYFSN
5386,5681,,,,,,,,LXJMIBITEI
5387,5682,,,,,,,,LXJQJDBLOC
5388,5683,,,,,,,,LXKWOCMSEZ
5389,5684,,,,,,,,LXLMZURSGC
5390,5685,,,,,,,,LXLSXCENRA
5391,5686,,,,,,,,LXNJMOLVWS
5392,5687,,,,,,,,LXOAJCKQSV
5393,5688,,,,,,,,LXPSQHBDOX
5394,5689,,,,,,,,LXTYAPMYYW
5395,5690,,,,,,,,LXUDDZYENG
5396,5691,,,,,,,,LXVDIYRXSE
5397,5692,,,,,,,,LXYDIUMYYG
5398,5693,,,,,,,,LYAECLTHHT
5399,5694,,,,,,,,LYBBSJUABQ
5400,5695,,,,,,,,LYBCDYVCHQ
5401,5696,,,,,,,,LYBGWCUGSB
5402,5697,,,,,,,,LYBIMHJLVS
5403,5699,,,,,,,,LYBRITTTHJ
5404,5700,,,,,,,,LYCNDPKLJO
5405,5701,,,,,,,,LYCUIANUWF
5406,5702,,,,,,,,LYFDZJRJUK
5407,5703,,,,,,,,LYIHIPZCKC
5408,5704,,,,,,,,LYJMRLRQMK
5409,5705,,,,,,,,LYKZTQSKJO
5410,5706,,,,,,,,LYLXZEIBTF
5411,5707,,,,,,,,LYLYFYYSGM
5412,5708,,,,,,,,LYLZXFVAIJ
5413,5709,,,,,,,,LYPLICCMTF
5414,5710,,,,,,,,LYQTAAZWDC
5415,5712,,,,,,,,LYSFXTZPYG
5416,5713,,,,,,,,LYUNREZEBU
5417,5714,,,,,,,,LYWGSLNBTH
5418,5715,,,,,,,,LYWXDBGEHM
5419,5716,,,,,,,,LYXMLYDSER
5420,5717,,,,,,,,LZCAIHHSLW
5421,5718,,,,,,,,LZCPFSHXJD
5422,5719,,,,,,,,LZGZIMNCFO
5423,5720,,,,,,,,LZIBBTCZFI
5424,5721,,,,,,,,LZJLZRXAXP
5425,5722,,,,,,,,LZMAMZGVDK
5426,5723,,,,,,,,LZMCBVCYVN
5427,5724,,,,,,,,LZPXVPILVP
5428,5725,,,,,,,,LZROQLITBB
5429,5726,,,,,,,,LZRULEDIAM
5430,5727,,,,,,,,LZSNCUBMMX
5431,5728,,,,,,,,LZSTWHOPQX
5432,5729,,,,,,,,LZTIPXLSJM
5433,5730,,,,,,,,LZUFVPOIPW
5434,5731,,,,,,,,LZWPUGKLON
5435,5732,,,,,,,,LZYLEZXYKT
5436,5733,,,,,,,,LZYVIIAKZL
5437,5734,,,,,,,,MABFBVLRIP
5438,5735,,,,,,,,MACOEZSIIX
5439,5736,,,,,,,,MADJJYLIZB
5440,5737,,,,,,,,MAHILWIGJJ
5441,5738,,,,,,,,MAHSOLTKEW
5442,5739,,,,,,,,MALEXYGTNY
5443,5740,,,,,,,,MALMJMKNUU
5444,5741,,,,,,,,MAMSANNUWF
5445,5742,,,,,,,,MANFOZFADN
5446,5744,,,,,,,,MAOBRDIFCV
5447,5745,,,,,,,,MATPQYVFFR
5448,5746,,,,,,,,MAXKRHTVQV
5449,5749,,,,,,,,MAXOMNPSPY
5450,5750,,,,,,,,MAYQOOAMBK
5451,5751,,,,,,,,MAZBBJQRNY
5452,5752,,,,,,,,MBAZQJJDSR
5453,5753,,,,,,,,MBDGVCCYWV
5454,5754,,,,,,,,MBDJKQGSHU
5455,5755,,,,,,,,MBDNQDMRAT
5456,5756,,,,,,,,MBEYYGYTEJ
5457,5757,,,,,,,,MBFFFFEKIX
5458,5758,,,,,,,,MBFRWACPUX
5459,5759,,,,,,,,MBGCZFVDFB
5460,5760,,,,,,,,MBGLTQDHLJ
5461,5761,,,,,,,,MBHPWBUSYK
5462,5762,,,,,,,,MBICZRJSZF
5463,5763,,,,,,,,MBIWYJPRWM
5464,5764,,,,,,,,MBJDHRRYGT
5465,5765,,,,,,,,MBJDHVKTCB
5466,5766,,,,,,,,MBKCCPJOKQ
5467,5767,,,,,,,,MBKVOOOJIF
5468,5768,,,,,,,,MBMNKJZASN
5469,5769,,,,,,,,MBNLLMSHOD
5470,5770,,,,,,,,MBNPTPWMET
5471,5771,,,,,,,,MBOFCDGFUA
5472,5772,,,,,,,,MBPIXGKRDK
5473,5773,,,,,,,,MBQEZHLWZB
5474,5774,,,,,,,,MBTDTZPSZV
5475,5775,,,,,,,,MBWGJGUXWE
5476,5776,,,,,,,,MBXCADZPRF
5477,5777,,,,,,,,MCCRDCYOZG
5478,5778,,,,,,,,MCEPLYZSLP
5479,5779,,,,,,,,MCFWIOWYZZ
5480,5780,,,,,,,,MCGLQQDTMN
5481,5781,,,,,,,,MCHXWWNLBG
5482,5782,,,,,,,,MCIAIHQRJQ
5483,5783,,,,,,,,MCOMHBKHVI
5484,5784,,,,,,,,MCPWZMRQAV
5485,5785,,,,,,,,MCSRMPABQC
5486,5786,,,,,,,,MCTNSBTYCR
5487,5787,,,,,,,,MCVBFLIDKD
5488,5789,,,,,,,,MCWIPWVJSH
5489,5790,,,,,,,,MCXQYGUBLF
5490,5791,,,,,,,,MCZBQMBSGL
5491,5793,,,,,,,,MCZWEFUHJV
5492,5794,,,,,,,,MDANIBSWWT
5493,5795,,,,,,,,MDASPBCTQY
5494,5796,,,,,,,,MDBHFCZGKT
5495,5799,,,,,,,,MDEICVKLOW
5496,5800,,,,,,,,MDMHWZAKWU
5497,5801,,,,,,,,MDMSIDLLIW
5498,5802,,,,,,,,MDMTEYEJQZ
5499,5803,,,,,,,,MDMZSBHXHP
5500,5804,,,,,,,,MDOVCEBSJK
5501,5805,,,,,,,,MDPIAEZZAJ
5502,5806,,,,,,,,MDPIISPSTY
5503,5808,,,,,,,,MDPXBBKNMH
5504,5809,,,,,,,,MDQYJPRJEY
5505,5810,,,,,,,,MDTEPWWCVH
5506,5812,,,,,,,,MDTJBSWBFK
5507,5813,,,,,,,,MDXTWWVNFM
5508,5814,,,,,,,,MDYNMHOYGQ
5509,5815,,,,,,,,MEABRPYKTZ
5510,5816,,,,,,,,MEBYZCICZA
5511,5817,,,,,,,,MECGDFSAIR
5512,5818,,,,,,,,MECSKMBPPQ
5513,5819,,,,,,,,MEEHBIEGDW
5514,5820,,,,,,,,MEFRMLNDNY
5515,5821,,,,,,,,MEGMSOXJMS
5516,5822,,,,,,,,MEHCACPDXC
5517,5823,,,,,,,,MEIHNASSXT
5518,5824,,,,,,,,MEIYMWXHNY
5519,5825,,,,,,,,MEJZLTRMAG
5520,5826,,,,,,,,MELNYFJEGF
5521,5827,,,,,,,,MEMJQUGZLG
5522,5828,,,,,,,,MEMSHTNXGC
5523,5829,,,,,,,,MEMSNPBMRW
5524,5831,,,,,,,,MEOFDXHXRG
5525,5832,,,,,,,,MEOQYCBNEH
5526,5833,,,,,,,,MEPQAYPPFY
5527,5834,,,,,,,,MEPQIJCKNY
5528,5835,,,,,,,,METJYDPCQJ
5529,5836,,,,,,,,MEUBUOOBZQ
5530,5837,,,,,,,,MEVLMREHHJ
5531,5838,,,,,,,,MEXAREOXRA
5532,5839,,,,,,,,MEYJRDSKLH
5533,5840,,,,,,,,MEYVSUAKKF
5534,5841,,,,,,,,MEZHRMGBZK
5535,5842,,,,,,,,MEZTWYFFQQ
5536,5843,,,,,,,,MFALMTPUNC
5537,5844,,,,,,,,MFDUAODPLQ
5538,5845,,,,,,,,MFELPVBLUU
5539,5846,,,,,,,,MFGDHQLVIC
5540,5847,,,,,,,,MFGHWRSNKC
5541,5848,,,,,,,,MFKZSGUHXJ
5542,5849,,,,,,,,MFLJLWPOAT
5543,5850,,,,,,,,MFLNKTXRQD
5544,5852,,,,,,,,MFMXMYIUDI
5545,5853,,,,,,,,MFQAAYAUIA
5546,5854,,,,,,,,MFQHBQQPJE
5547,5855,,,,,,,,MFQMPHMOHU
5548,5856,,,,,,,,MFQNWOZXMS
5549,5857,,,,,,,,MFQVICVYOM
5550,5858,,,,,,,,MFXQUPAHXD
5551,5859,,,,,,,,MFZTCBDXMA
5552,5860,,,,,,,,MGAEMIVNXV
5553,5861,,,,,,,,MGAQGZIRTE
5554,5862,,,,,,,,MGDPPRLFHH
5555,5863,,,,,,,,MGDUJEJIMW
5556,5864,,,,,,,,MGENSWCKXZ
5557,5865,,,,,,,,MGEPHNSUHQ
5558,5866,,,,,,,,MGGYSGPVKT
5559,5867,,,,,,,,MGINWOBJBE
5560,5868,,,,,,,,MGKJJBXSDR
5561,5869,,,,,,,,MGMRNGEGBZ
5562,5870,,,,,,,,MGMXNYJHSI
5563,5871,,,,,,,,MGNFQDMGCZ
5564,5872,,,,,,,,MGPHALZUZK
5565,5873,,,,,,,,MGRGVHVFZA
5566,5874,,,,,,,,MGSZNPSTFT
5567,5875,,,,,,,,MGVUYBBMXU
5568,5876,,,,,,,,MGWWHCBUUQ
5569,5877,,,,,,,,MGXGTIJGZL
5570,5878,,,,,,,,MGZEOYDHFJ
5571,5879,,,,,,,,MGZYKWOSOO
5572,5880,,,,,,,,MHACYKOOHR
5573,5881,,,,,,,,MHAONBPPAH
5574,5882,,,,,,,,MHAYQZFRAT
5575,5884,,,,,,,,MHCFSNLYBO
5576,5885,,,,,,,,MHCHLOEBUN
5577,5886,,,,,,,,MHCYGCCQFU
5578,5887,,,,,,,,MHDUWSLIXP
5579,5888,,,,,,,,MHEZKPZUEI
5580,5889,,,,,,,,MHJWJQPIAA
5581,5890,,,,,,,,MHMKFCVLVA
5582,5891,,,,,,,,MHOYQZMWIT
5583,5892,,,,,,,,MHPAZXXMOE
5584,5893,,,,,,,,MHPUPTYDYZ
5585,5894,,,,,,,,MHQQXWVOKR
5586,5895,,,,,,,,MHRMRCHOJZ
5587,5896,,,,,,,,MHSUUXYIIR
5588,5897,,,,,,,,MHTWSKQGKT
5589,5899,,,,,,,,MHVCBUNFUV
5590,5900,,,,,,,,MHVSCCAOFO
5591,5901,,,,,,,,MHWRGIRGOJ
5592,5902,,,,,,,,MHXCHXEGFM
5593,5903,,,,,,,,MHZLKADZAW
5594,5904,,,,,,,,MIHMAICYYB
5595,5905,,,,,,,,MIPCBTYZHI
5596,5906,,,,,,,,MIPEIUFWDW
5597,5907,,,,,,,,MIPVLNBQFF
5598,5908,,,,,,,,MIRNGBNGEP
5599,5909,,,,,,,,MIRSXZIRZZ
5600,5910,,,,,,,,MITKOGFUJS
5601,5911,,,,,,,,MITUJWQCNH
5602,5912,,,,,,,,MIVZBNMFYB
5603,5913,,,,,,,,MIZJDTPLRN
5604,5914,,,,,,,,MIZMIJBAIN
5605,5915,,,,,,,,MJAGJCZATH
5606,5917,,,,,,,,MJBVNBLKEN
5607,5918,,,,,,,,MJKWTMRZJZ
5608,5919,,,,,,,,MJLOKCMGYL
5609,5920,,,,,,,,MJLVXWRFFW
5610,5922,,,,,,,,MJOPJXFIUW
5611,5923,,,,,,,,MJPXZONGSF
5612,5924,,,,,,,,MJQDVEOVXE
5613,5925,,,,,,,,MJRGUQEWZB
5614,5926,,,,,,,,MJTHKWQEXN
5615,5927,,,,,,,,MJWZMHQDQL
5616,5928,,,,,,,,MJYCEKDJDI
5617,5929,,,,,,,,MKAUXKOLWQ
5618,5930,,,,,,,,MKBKDIMWIU
5619,5931,,,,,,,,MKCFJKTWUW
5620,5932,,,,,,,,MKCTDFDCNR
5621,5934,,,,,,,,MKCTTEQUIO
5622,5935,,,,,,,,MKDIPZGPWE
5623,5936,,,,,,,,MKEWRCDFYF
5624,5937,,,,,,,,MKFDMYPOQN
5625,5938,,,,,,,,MKFDWJVUNE
5626,5939,,,,,,,,MKGWCYTFDZ
5627,5940,,,,,,,,MKJATHHZYS
5628,5941,,,,,,,,MKJBGNIZGN
5629,5942,,,,,,,,MKMBHZRSHE
5630,5943,,,,,,,,MKMEFFWXUB
5631,5945,,,,,,,,MKONXJUTAK
5632,5946,,,,,,,,MKORFTFYGB
5633,5947,,,,,,,,MKOTJCXGWA
5634,5948,,,,,,,,MKPPMFDIXA
5635,5949,,,,,,,,MKSVNUEEKQ
5636,5950,,,,,,,,MKSYUTUPJP
5637,5951,,,,,,,,MKSZSFHRSX
5638,5952,,,,,,,,MKTVNFJPTM
5639,5953,,,,,,,,MKVZISAQSE
5640,5954,,,,,,,,MLCEJSLGJI
5641,5955,,,,,,,,MLEDHTEYLM
5642,5956,,,,,,,,MLFEFFQWQT
5643,5957,,,,,,,,MLIBQVBDFD
5644,5958,,,,,,,,MLJDXAHSIB
5645,5959,,,,,,,,MLJSQLJSKJ
5646,5960,,,,,,,,MLKZELBMXA
5647,5961,,,,,,,,MLMOLNDNQB
5648,5962,,,,,,,,MLOSPEFBIA
5649,5963,,,,,,,,MLPTJJKDCU
5650,5964,,,,,,,,MLQAIZOKEC
5651,5965,,,,,,,,MLQLAMULRV
5652,5966,,,,,,,,MLSDGJRLZW
5653,5967,,,,,,,,MLVCYRNKIF
5654,5968,,,,,,,,MLVQECUJZU
5655,5969,,,,,,,,MLXJDFDRGM
5656,5970,,,,,,,,MLYYYJMUEM
5657,5971,,,,,,,,MLZACFICBY
5658,5972,,,,,,,,MLZCIFAGQZ
5659,5973,,,,,,,,MMCKYUKPFX
5660,5974,,,,,,,,MMFXEKFWNT
5661,5976,,,,,,,,MMGHSJBNDM
5662,5977,,,,,,,,MMGJULZYWU
5663,5978,,,,,,,,MMHXSOMSNQ
5664,5979,,,,,,,,MMJMWMWSEU
5665,5980,,,,,,,,MMJPQZBYWC
5666,5981,,,,,,,,MMKBBVBXCB
5667,5983,,,,,,,,MMKZHSKOQU
5668,5984,,,,,,,,MMLYMDUXJK
5669,5985,,,,,,,,MMLZNJPOHM
5670,5986,,,,,,,,MMNBIBUWNJ
5671,5987,,,,,,,,MMRHUHGNQV
5672,5988,,,,,,,,MMSBSPWMMO
5673,5989,,,,,,,,MMWOKHPWQH
5674,5990,,,,,,,,MMXXIXDJAB
5675,5991,,,,,,,,MNCSDIPRDF
5676,5992,,,,,,,,MNIQRSJWSY
5677,5993,,,,,,,,MNIWAGGAWT
5678,5994,,,,,,,,MNLFCBCSYP
5679,5995,,,,,,,,MNLWISOAOX
5680,5996,,,,,,,,MNMURSFHLK
5681,5997,,,,,,,,MNVLQAHZSJ
5682,5998,,,,,,,,MNYTXSLUAA
5683,5999,,,,,,,,MOAPZYFPXY
5684,6000,,,,,,,,MOEQOLPBHT
5685,6001,,,,,,,,MOGYTJPQWY
5686,6002,,,,,,,,MOHPTQMHMK
5687,6003,,,,,,,,MOIXLXHCBL
5688,6004,,,,,,,,MOJDWKISNA
5689,6006,,,,,,,,MOMOGJLAHZ
5690,6007,,,,,,,,MOMOKJHCOS
5691,6008,,,,,,,,MOMZGNAPQJ
5692,6009,,,,,,,,MONQZEYXJA
5693,6010,,,,,,,,MOPOVQFUCI
5694,6011,,,,,,,,MOQOGQRVYD
5695,6013,,,,,,,,MOQXZZLRIQ
5696,6014,,,,,,,,MORWNWHXYF
5697,6015,,,,,,,,MOSKLSUMZY
5698,6016,,,,,,,,MOVEWBFGLA
5699,6017,,,,,,,,MOWNTOZZBK
5700,6018,,,,,,,,MOWOBFIVLS
5701,6019,,,,,,,,MOXKFNLEXZ
5702,6020,,,,,,,,MPAAXCIAEA
5703,6021,,,,,,,,MPBARWIBZP
5704,6022,,,,,,,,MPBDROXEPH
5705,6023,,,,,,,,MPEQALTDQK
5706,6024,,,,,,,,MPFIOHHINP
5707,6025,,,,,,,,MPGGRVTMEX
5708,6026,,,,,,,,MPHAMNJDFG
5709,6027,,,,,,,,MPHBRYQDLY
5710,6028,,,,,,,,MPHJSEGXUE
5711,6029,,,,,,,,MPIBASZBBV
5712,6030,,,,,,,,MPIVSIEJIZ
5713,6031,,,,,,,,MPMYRXAKXB
5714,6032,,,,,,,,MPOMJZIBWT
5715,6033,,,,,,,,MPPOETBNWQ
5716,6034,,,,,,,,MPSPKIYXHM
5717,6035,,,,,,,,MPTVDVPJEP
5718,6036,,,,,,,,MPUEQUTADQ
5719,6037,,,,,,,,MPUIBTRBOO
5720,6038,,,,,,,,MPWDGGWGMU
5721,6039,,,,,,,,MPXPVHLSFY
5722,6040,,,,,,,,MPZGCLYMCU
5723,6041,,,,,,,,MPZQVPOMUU
5724,6042,,,,,,,,MPZTFWGZVH
5725,6043,,,,,,,,MQAVKEKNGF
5726,6044,,,,,,,,MQCROURGJT
5727,6045,,,,,,,,MQDTAUSQWB
5728,6046,,,,,,,,MQDTVOJAFI
5729,6047,,,,,,,,MQEHTMAXQQ
5730,6048,,,,,,,,MQEJWHWUHG
5731,6049,,,,,,,,MQFCIWSAXX
5732,6050,,,,,,,,MQFGTXLQPP
5733,6052,,,,,,,,MQGEIGXJDN
5734,6053,,,,,,,,MQGULEVVCT
5735,6054,,,,,,,,MQIFVKUGOO
5736,6055,,,,,,,,MQIUQLGZMT
5737,6056,,,,,,,,MQIVBXGRTB
5738,6057,,,,,,,,MQKRLDKVJS
5739,6058,,,,,,,,MQKUIATYIZ
5740,6059,,,,,,,,MQKZIXWSKJ
5741,6060,,,,,,,,MQLWZAUPFM
5742,6061,,,,,,,,MQMBLFQUSP
5743,6062,,,,,,,,MQMFGWOUED
5744,6063,,,,,,,,MQNLHHLOPH
5745,6064,,,,,,,,MQPXELZJSL
5746,6065,,,,,,,,MQREHOZFPB
5747,6066,,,,,,,,MQRINAMIPO
5748,6067,,,,,,,,MQUXFVFJOX
5749,6068,,,,,,,,MQWALRBCOA
5750,6069,,,,,,,,MRAYCXUQQU
5751,6070,,,,,,,,MRDWQJGXDL
5752,6071,,,,,,,,MRFCPRUMCU
5753,6072,,,,,,,,MRGLGFIWZP
5754,6073,,,,,,,,MRJOQIRYZW
5755,6074,,,,,,,,MRKDRDAWVB
5756,6075,,,,,,,,MRLSAAYQPZ
5757,6076,,,,,,,,MRNTXFIVLC
5758,6077,,,,,,,,MRSDGFNZAD
5759,6078,,,,,,,,MRSIWHXKWB
5760,6079,,,,,,,,MRTMZREJGU
5761,6080,,,,,,,,MRUVZWTYXX
5762,6082,,,,,,,,MRVHAHFPTN
5763,6083,,,,,,,,MRXJFHZWSI
5764,6084,,,,,,,,MRZATVWSMW
5765,6085,,,,,,,,MSAATPTPME
5766,6086,,,,,,,,MSBURIROWD
5767,6087,,,,,,,,MSCEHMUBDF
5768,6088,,,,,,,,MSFGNSUUVZ
5769,6089,,,,,,,,MSGDYMZKLV
5770,6090,,,,,,,,MSGWNXINFC
5771,6091,,,,,,,,MSIAYQOZGV
5772,6092,,,,,,,,MSIIGUQBGM
5773,6093,,,,,,,,MSIIWYJBQA
5774,6094,,,,,,,,MSJJCPVRKC
5775,6095,,,,,,,,MSMAUUPNSL
5776,6096,,,,,,,,MSMIADSMAQ
5777,6097,,,,,,,,MSQKIPMKPV
5778,6098,,,,,,,,MSRVVGRLXS
5779,6099,,,,,,,,MSSRNXTMEU
5780,6100,,,,,,,,MSWMDPJNSC
5781,6101,,,,,,,,MSYGSGXPEK
5782,6102,,,,,,,,MSZPRLTPGO
5783,6103,,,,,,,,MSZWMIPGYH
5784,6104,,,,,,,,MTAKFRPETW
5785,6105,,,,,,,,MTFTWALSOR
5786,6106,,,,,,,,MTJWSJLTXO
5787,6107,,,,,,,,MTNOBDJYNE
5788,6108,,,,,,,,MTOGHSJNLD
5789,6109,,,,,,,,MTPFPWDOPG
5790,6111,,,,,,,,MTQFXQOEKV
5791,6112,,,,,,,,MTRROKZMSU
5792,6113,,,,,,,,MTSKRVAJMZ
5793,6114,,,,,,,,MTTHWOZGQN
5794,6115,,,,,,,,MTVWXZUAEQ
5795,6116,,,,,,,,MTWQAORZVQ
5796,6118,,,,,,,,MTWTGPYXRS
5797,6119,,,,,,,,MUAJOPURZU
5798,6120,,,,,,,,MUCHWPAYRE
5799,6121,,,,,,,,MUCWOCXFAW
5800,6122,,,,,,,,MUDRFAUBRH
5801,6124,,,,,,,,MUDVYPCTBF
5802,6125,,,,,,,,MUJOQYREGH
5803,6126,,,,,,,,MUKRIAPYOW
5804,6127,,,,,,,,MULECBSEFE
5805,6128,,,,,,,,MUMURZWPRR
5806,6129,,,,,,,,MUOOWZROVA
5807,6130,,,,,,,,MUOQTYXPPH
5808,6131,,,,,,,,MUPICEGWOQ
5809,6132,,,,,,,,MUTWSQJRDV
5810,6133,,,,,,,,MUTZKLGQSA
5811,6134,,,,,,,,MUVXCZINJH
5812,6135,,,,,,,,MUWVTAKNXI
5813,6136,,,,,,,,MUXKGEATZZ
5814,6137,,,,,,,,MUYIOCGZPD
5815,6138,,,,,,,,MUZLKVOLFR
5816,6139,,,,,,,,MVBIGCTUAJ
5817,6140,,,,,,,,MVCEQKCTXF
5818,6141,,,,,,,,MVCHFBFFQP
5819,6142,,,,,,,,MVEQFTZWIR
5820,6143,,,,,,,,MVEYINVVJU
5821,6144,,,,,,,,MVGSPCDJCM
5822,6145,,,,,,,,MVHLPCVPIW
5823,6146,,,,,,,,MVHXVWJTWQ
5824,6147,,,,,,,,MVKMRCATLH
5825,6148,,,,,,,,MVLUAFBFWS
5826,6149,,,,,,,,MVNBXGYRHQ
5827,6150,,,,,,,,MVOPNAQAZY
5828,6151,,,,,,,,MVQBCPNEMY
5829,6152,,,,,,,,MVRATXNURB
5830,6153,,,,,,,,MVRGUQQSTV
5831,6154,,,,,,,,MVSYMXKJUA
5832,6155,,,,,,,,MVUPMAGNUE
5833,6156,,,,,,,,MVVJSZKKUO
5834,6157,,,,,,,,MVVQTWQSGB
5835,6158,,,,,,,,MVWGYPYZQL
5836,6159,,,,,,,,MVXCWSVXJX
5837,6160,,,,,,,,MWDVKHLHAH
5838,6161,,,,,,,,MWEYJZVLQJ
5839,6162,,,,,,,,MWJYTIJKNT
5840,6163,,,,,,,,MWKRCLSPZQ
5841,6164,,,,,,,,MWLRWFFKSX
5842,6165,,,,,,,,MWMUDZGYZZ
5843,6166,,,,,,,,MWNFQXMJPB
5844,6168,,,,,,,,MWOAFXZVFF
5845,6169,,,,,,,,MWOUFQPIND
5846,6170,,,,,,,,MWRKRZGTPS
5847,6171,,,,,,,,MWRMHUGWSE
5848,6172,,,,,,,,MWRMPBDBFY
5849,6173,,,,,,,,MWVFZVLZZI
5850,6174,,,,,,,,MWVQZIZJTI
5851,6175,,,,,,,,MWWJEUEDHC
5852,6176,,,,,,,,MXELAPIFCE
5853,6177,,,,,,,,MXFWHYCTVP
5854,6178,,,,,,,,MXFYHONGVB
5855,6179,,,,,,,,MXGYILMSAW
5856,6180,,,,,,,,MXIEKRJHKU
5857,6181,,,,,,,,MXIHWOUUQR
5858,6182,,,,,,,,MXISSHALOF
5859,6184,,,,,,,,MXISUUCRBL
5860,6185,,,,,,,,MXKHNTQEHW
5861,6186,,,,,,,,MXMEPIGVAN
5862,6187,,,,,,,,MXMPHIXNYO
5863,6188,,,,,,,,MXOTFVYTTU
5864,6189,,,,,,,,MXPBBSOMXU
5865,6190,,,,,,,,MXRBUUUJIY
5866,6191,,,,,,,,MXSXTPZEEA
5867,6192,,,,,,,,MXTTKFXIFK
5868,6193,,,,,,,,MXZERFKDJX
5869,6194,,,,,,,,MXZPOOMIBJ
5870,6195,,,,,,,,MYCIPQTMTP
5871,6196,,,,,,,,MYFOHBPZAQ
5872,6197,,,,,,,,MYGAMNJXBR
5873,6198,,,,,,,,MYGRNTQJFR
5874,6199,,,,,,,,MYJECRGRQZ
5875,6200,,,,,,,,MYJEHSNOMY
5876,6201,,,,,,,,MYMLIMCPGJ
5877,6202,,,,,,,,MYOTZVBYVB
5878,6203,,,,,,,,MYPPJMFOJE
5879,6204,,,,,,,,MYTQCPGSGJ
5880,6205,,,,,,,,MYTQJLHRDT
5881,6206,,,,,,,,MYTUKICEHO
5882,6207,,,,,,,,MYUJAFCBSO
5883,6208,,,,,,,,MYXZQXLMBC
5884,6209,,,,,,,,MYYYIOXRCC
5885,6210,,,,,,,,MZBMEYWJRX
5886,6211,,,,,,,,MZCDSTUVYV
5887,6212,,,,,,,,MZDTEYYUHQ
5888,6213,,,,,,,,MZELQAJEGB
5889,6214,,,,,,,,MZFMEALQFK
5890,6215,,,,,,,,MZIWIBRYQQ
5891,6216,,,,,,,,MZNVESFWTI
5892,6217,,,,,,,,MZOVOVDDIQ
5893,6218,,,,,,,,MZQIOIJIFK
5894,6219,,,,,,,,MZRUUWYDVJ
5895,6220,,,,,,,,MZSFUJAACZ
5896,6221,,,,,,,,MZSIYBOKBW
5897,6222,,,,,,,,MZTMBXJMUL
5898,6223,,,,,,,,MZTSRKIUOU
5899,6224,,,,,,,,MZXHRIUSRI
5900,6225,,,,,,,,MZYOWPJQSZ
5901,6226,,,,,,,,NAAAKDTFVS
5902,6228,,,,,,,,NAAJZWCWFB
5903,6229,,,,,,,,NACTPLLVGV
5904,6230,,,,,,,,NACZHDKBGL
5905,6231,,,,,,,,NAEBPOAJKM
5906,6232,,,,,,,,NAGRTDWBYF
5907,6233,,,,,,,,NAHXYMGLKF
5908,6234,,,,,,,,NAJAOAXCZN
5909,6235,,,,,,,,NAKGNBCCLH
5910,6236,,,,,,,,NAONPMKZAJ
5911,6237,,,,,,,,NAOXGOYWZF
5912,6238,,,,,,,,NAPSBJYXPO
5913,6239,,,,,,,,NAQGOKPOGO
5914,6240,,,,,,,,NATYRNSKBE
5915,6241,,,,,,,,NAVAUAWIQA
5916,6242,,,,,,,,NAVCXSCDXA
5917,6243,,,,,,,,NAXIQZTYUC
5918,6244,,,,,,,,NAYIMXHORI
5919,6245,,,,,,,,NAYPFEMCWY
5920,6246,,,,,,,,NAYQOXRFRN
5921,6247,,,,,,,,NAZFLGBZCL
5922,6248,,,,,,,,NAZVEPWQWX
5923,6249,,,,,,,,NBAGSJXJMM
5924,6250,,,,,,,,NBCELNECOH
5925,6251,,,,,,,,NBCVSIJMCJ
5926,6252,,,,,,,,NBMVVADBPX
5927,6253,,,,,,,,NBPMEAHRNR
5928,6254,,,,,,,,NBTFKFQZZY
5929,6255,,,,,,,,NBTIPGWQLS
5930,6256,,,,,,,,NBUXBYCSKE
5931,6257,,,,,,,,NBVOKHMEUV
5932,6258,,,,,,,,NBXLXBSLMZ
5933,6259,,,,,,,,NBYZJKIZUE
5934,6260,,,,,,,,NBZXMBZAUC
5935,6261,,,,,,,,NCBTJECUEC
5936,6262,,,,,,,,NCCCTLBWLZ
5937,6264,,,,,,,,NCDEWQAUMQ
5938,6265,,,,,,,,NCDYTNHMJQ
5939,6267,,,,,,,,NCGHZXYSKJ
5940,6268,,,,,,,,NCIKJUTNHH
5941,6269,,,,,,,,NCJCOJAFTY
5942,6270,,,,,,,,NCNUODYBJL
5943,6271,,,,,,,,NCVCHWKISW
5944,6272,,,,,,,,NCXMDQQAPE
5945,6273,,,,,,,,NDEBZTPSSU
5946,6274,,,,,,,,NDECWDDXMV
5947,6275,,,,,,,,NDICDPMCSP
5948,6276,,,,,,,,NDJGTDJOJZ
5949,6277,,,,,,,,NDJJXLMAXW
5950,6278,,,,,,,,NDLGEQAYOY
5951,6279,,,,,,,,NDQBWPDMWT
5952,6280,,,,,,,,NDQODGJXWV
5953,6281,,,,,,,,NDQSZUNYYM
5954,6282,,,,,,,,NDSZVKSMBQ
5955,6283,,,,,,,,NDVBLOOWBA
5956,6284,,,,,,,,NDWASUPICC
5957,6285,,,,,,,,NDYOYNOXCT
5958,6286,,,,,,,,NDZXBSNZZI
5959,6287,,,,,,,,NEALNFXOAQ
5960,6289,,,,,,,,NEBJZFZKVU
5961,6290,,,,,,,,NEBKKOVHUS
5962,6291,,,,,,,,NEBLTUXJCW
5963,6293,,,,,,,,NEBZCKQHGE
5964,6294,,,,,,,,NECBUUQGSI
5965,6295,,,,,,,,NECVVEOHIU
5966,6296,,,,,,,,NEDLCGZVFP
5967,6297,,,,,,,,NEDMZJFCLZ
5968,6298,,,,,,,,NEEAGPPWBB
5969,6299,,,,,,,,NEHNFMGZEM
5970,6300,,,,,,,,NEISPEWQSX
5971,6301,,,,,,,,NEJNESTEZG
5972,6302,,,,,,,,NEKIABNGFI
5973,6303,,,,,,,,NEOQRZUJZS
5974,6304,,,,,,,,NERYCQVIYY
5975,6305,,,,,,,,NESQRGRUBB
5976,6306,,,,,,,,NETOSIPPIW
5977,6307,,,,,,,,NEWJDDJYYI
5978,6308,,,,,,,,NEZIKXKWVM
5979,6309,,,,,,,,NFBXFXIHYS
5980,6310,,,,,,,,NFCWHBIGGS
5981,6311,,,,,,,,NFEDMJOKBI
5982,6312,,,,,,,,NFGIHNUHYL
5983,6313,,,,,,,,NFHMIZCFQT
5984,6314,,,,,,,,NFHMSVAZEX
5985,6315,,,,,,,,NFHTMFLXZL
5986,6316,,,,,,,,NFIVPLOBAX
5987,6317,,,,,,,,NFLACJQMPW
5988,6318,,,,,,,,NFLLCIVTQV
5989,6319,,,,,,,,NFOPMFDTGS
5990,6320,,,,,,,,NFOTGMBOHM
5991,6321,,,,,,,,NFQKYNKHVH
5992,6322,,,,,,,,NFUDARROWE
5993,6323,,,,,,,,NFWUFDVGID
5994,6324,,,,,,,,NFZBDAWACC
5995,6325,,,,,,,,NGCSMUDBLR
5996,6327,,,,,,,,NGETTYMSQY
5997,6328,,,,,,,,NGHFHYJCYU
5998,6329,,,,,,,,NGIREYDHIV
5999,6330,,,,,,,,NGJHAMZLQW
6000,6331,,,,,,,,NGNNPMBPTA
6001,6332,,,,,,,,NGTTCHKCZT
6002,6333,,,,,,,,NGXJHYQSSD
6003,6334,,,,,,,,NGZAAIMXBD
6004,6335,,,,,,,,NHBPSBSUFZ
6005,6336,,,,,,,,NHCQTYEQWJ
6006,6337,,,,,,,,NHCZLWYOEP
6007,6338,,,,,,,,NHETICDBSB
6008,6339,,,,,,,,NHEWRGCPCL
6009,6340,,,,,,,,NHFILXCBHZ
6010,6341,,,,,,,,NHFOZRJPHH
6011,6342,,,,,,,,NHGLLLQDFC
6012,6343,,,,,,,,NHIPQVAMPK
6013,6344,,,,,,,,NHKQJKMSOE
6014,6345,,,,,,,,NHKWAUSQVY
6015,6346,,,,,,,,NHLEWALYQW
6016,6348,,,,,,,,NHLHKZSOWM
6017,6349,,,,,,,,NHLLIZAZMB
6018,6350,,,,,,,,NHLUNERKEM
6019,6351,,,,,,,,NHNVWYTVZV
6020,6352,,,,,,,,NHOPNFXMIN
6021,6353,,,,,,,,NHQGYDBNVB
6022,6354,,,,,,,,NHQJDXZXSN
6023,6356,,,,,,,,NHQOXIYAAI
6024,6357,,,,,,,,NHRGOADYDN
6025,6358,,,,,,,,NHSRFVDEWK
6026,6359,,,,,,,,NHTYEOTPZH
6027,6360,,,,,,,,NHUNDMBFPS
6028,6361,,,,,,,,NHVBRIHOTP
6029,6362,,,,,,,,NHVIHNDYNH
6030,6363,,,,,,,,NHXWPMJETV
6031,6364,,,,,,,,NHYQTWTXXG
6032,6365,,,,,,,,NIBNFGMOIE
6033,6366,,,,,,,,NICCOOENNO
6034,6367,,,,,,,,NIDESPQMWF
6035,6368,,,,,,,,NIECHREVPZ
6036,6369,,,,,,,,NIETFBHQIQ
6037,6370,,,,,,,,NIJOQAAGSO
6038,6371,,,,,,,,NIKJFARVCD
6039,6372,,,,,,,,NILQAZICNR
6040,6373,,,,,,,,NIQUGCWUWN
6041,6374,,,,,,,,NIQXOUSFEL
6042,6375,,,,,,,,NISLQSDMCN
6043,6376,,,,,,,,NIUVQQZHQO
6044,6377,,,,,,,,NIVAQCRVZZ
6045,6379,,,,,,,,NJATAEIJUD
6046,6380,,,,,,,,NJDCOGOAMC
6047,6381,,,,,,,,NJDRLDVZGL
6048,6382,,,,,,,,NJDULRIFTQ
6049,6383,,,,,,,,NJEBHCDREE
6050,6384,,,,,,,,NJFZGWJSOM
6051,6385,,,,,,,,NJIBKJOYKI
6052,6386,,,,,,,,NJJXUBLCHX
6053,6387,,,,,,,,NJLJDRPTDY
6054,6388,,,,,,,,NJMJIWNPQT
6055,6389,,,,,,,,NJMKSJGFLU
6056,6390,,,,,,,,NJOKYBEZRN
6057,6391,,,,,,,,NJOUCLWYDJ
6058,6392,,,,,,,,NJPOJPVOEN
6059,6393,,,,,,,,NJPQDCWOJK
6060,6395,,,,,,,,NJQKMAZPDR
6061,6396,,,,,,,,NJSZENUIUQ
6062,6397,,,,,,,,NJTOBJPQRR
6063,6398,,,,,,,,NJTQROTNPX
6064,6399,,,,,,,,NJWLVOACDK
6065,6400,,,,,,,,NJWXEUAJBW
6066,6401,,,,,,,,NJXMZWWFIW
6067,6402,,,,,,,,NJYZFFKUGS
6068,6403,,,,,,,,NKELMVRYCI
6069,6404,,,,,,,,NKGHTIHDSE
6070,6405,,,,,,,,NKIHYQRONL
6071,6406,,,,,,,,NKLPTCYJCT
6072,6407,,,,,,,,NKNUJUAYFZ
6073,6408,,,,,,,,NKRNFQSYYV
6074,6409,,,,,,,,NKSYAIMTCH
6075,6410,,,,,,,,NKUVJRTHXF
6076,6411,,,,,,,,NKVCUMKRJT
6077,6412,,,,,,,,NKVSFPUMAW
6078,6413,,,,,,,,NKWVEINSYZ
6079,6414,,,,,,,,NKZWKWSQMQ
6080,6415,,,,,,,,NLAOLZQCEC
6081,6416,,,,,,,,NLAWHHMAFT
6082,6417,,,,,,,,NLAXLWDEOJ
6083,6418,,,,,,,,NLBVKRBBYT
6084,6419,,,,,,,,NLBXKQMDVA
6085,6421,,,,,,,,NLDVEIELUK
6086,6422,,,,,,,,NLEPHAJZWJ
6087,6423,,,,,,,,NLEYGGVYUT
6088,6424,,,,,,,,NLFDSWUGUQ
6089,6425,,,,,,,,NLFVZVZIXY
6090,6426,,,,,,,,NLIGDSPZTV
6091,6427,,,,,,,,NLKCRHPSLU
6092,6428,,,,,,,,NLKGGWRHQB
6093,6429,,,,,,,,NLOIETIBIX
6094,6430,,,,,,,,NLQJBVKXNA
6095,6431,,,,,,,,NLSEGVOPOI
6096,6432,,,,,,,,NLSYZVNQSR
6097,6433,,,,,,,,NLTEPCFHYL
6098,6434,,,,,,,,NLUFGUAOCO
6099,6435,,,,,,,,NLUUWOLVSN
6100,6436,,,,,,,,NLUWRZOTNA
6101,6437,,,,,,,,NMAEPDIKXH
6102,6438,,,,,,,,NMCQCLOAOO
6103,6439,,,,,,,,NMFHJWQQSV
6104,6440,,,,,,,,NMHCSYFQUC
6105,6441,,,,,,,,NMHIHOVGIA
6106,6442,,,,,,,,NMHPGPBYFM
6107,6443,,,,,,,,NMJQNMRSTQ
6108,6444,,,,,,,,NMKSABGBKN
6109,6445,,,,,,,,NMLUMYMMCB
6110,6447,,,,,,,,NMMEHHLFEV
6111,6448,,,,,,,,NMMJIKKWLF
6112,6449,,,,,,,,NMPSSPKVOL
6113,6450,,,,,,,,NMQXIMDFCA
6114,6452,,,,,,,,NMRPGQPNWX
6115,6453,,,,,,,,NMSVENJBOF
6116,6454,,,,,,,,NMTOBPTRSG
6117,6455,,,,,,,,NMZITKJSLL
6118,6456,,,,,,,,NNAHHMPOQW
6119,6457,,,,,,,,NNBTJTQSPA
6120,6458,,,,,,,,NNERVZISQU
6121,6459,,,,,,,,NNFDPVLJSA
6122,6460,,,,,,,,NNJYRLSRTL
6123,6461,,,,,,,,NNKEZNVAAB
6124,6462,,,,,,,,NNMTTDRGDX
6125,6463,,,,,,,,NNSSYJCZBB
6126,6464,,,,,,,,NNSZFRMQYV
6127,6465,,,,,,,,NNVDZMHPKH
6128,6466,,,,,,,,NNXWEUMUHM
6129,6467,,,,,,,,NNXWMGSGEK
6130,6468,,,,,,,,NNYKSBINKY
6131,6469,,,,,,,,NNYQZYJJII
6132,6470,,,,,,,,NNZTFFBOMJ
6133,6471,,,,,,,,NOAUCIUFOS
6134,6472,,,,,,,,NOCBPFLORJ
6135,6474,,,,,,,,NOHPFCDMCY
6136,6475,,,,,,,,NOIRDFRIOP
6137,6476,,,,,,,,NOJBSECUEX
6138,6477,,,,,,,,NOLEFTYKUW
6139,6478,,,,,,,,NOMOODVYJN
6140,6479,,,,,,,,NOOHZVCBBL
6141,6480,,,,,,,,NOPGQNLEZR
6142,6481,,,,,,,,NORIRUWKRK
6143,6482,,,,,,,,NOSFIDTEER
6144,6483,,,,,,,,NOVDBSGTUV
6145,6484,,,,,,,,NOVYGFPZBI
6146,6485,,,,,,,,NOWDNKEKVD
6147,6487,,,,,,,,NOZPYAFHGB
6148,6488,,,,,,,,NPCCPVUADA
6149,6489,,,,,,,,NPCJEKXOAG
6150,6490,,,,,,,,NPCODJVPPC
6151,6491,,,,,,,,NPCZCIICRR
6152,6492,,,,,,,,NPEEAZEPDA
6153,6493,,,,,,,,NPFCYSNZVU
6154,6495,,,,,,,,NPHKWYDQDF
6155,6496,,,,,,,,NPJWJQCGVH
6156,6497,,,,,,,,NPKNVSKUGE
6157,6498,,,,,,,,NPPVPKUEPI
6158,6499,,,,,,,,NPUDUBHRXS
6159,6500,,,,,,,,NPUPCXSYNS
6160,6501,,,,,,,,NQAVDCLUKS
6161,6502,,,,,,,,NQAZCVRSHL
6162,6503,,,,,,,,NQDCKDPFQX
6163,6504,,,,,,,,NQDEHBANHD
6164,6505,,,,,,,,NQFATKIWUN
6165,6506,,,,,,,,NQFEJZPDQD
6166,6507,,,,,,,,NQHPKJWFYP
6167,6508,,,,,,,,NQIUEMBYDI
6168,6509,,,,,,,,NQJKSLSYCR
6169,6510,,,,,,,,NQJUNETRMZ
6170,6511,,,,,,,,NQLRKPFGAQ
6171,6512,,,,,,,,NQMJXDKPUR
6172,6513,,,,,,,,NQOOMFMQJU
6173,6514,,,,,,,,NQOZJZNBMM
6174,6515,,,,,,,,NQSUEQLMBN
6175,6516,,,,,,,,NQVTYPCLHS
6176,6517,,,,,,,,NQYLPRZZMB
6177,6519,,,,,,,,NQZHMXTSTQ
6178,6520,,,,,,,,NQZPBKFZJB
6179,6521,,,,,,,,NRAXXGMQGS
6180,6522,,,,,,,,NREGJBYWSH
6181,6523,,,,,,,,NRGLDSAEVN
6182,6524,,,,,,,,NRIHFGSXDD
6183,6526,,,,,,,,NRILOYDMJU
6184,6527,,,,,,,,NRMAACQNSX
6185,6528,,,,,,,,NROSXGVDYL
6186,6529,,,,,,,,NRQETOFMXQ
6187,6530,,,,,,,,NRRGYYZZRF
6188,6531,,,,,,,,NRSELHALNB
6189,6532,,,,,,,,NRUMDMBMQN
6190,6533,,,,,,,,NRWCJHADCP
6191,6534,,,,,,,,NRWRBIZCSX
6192,6535,,,,,,,,NRZHYXLJRE
6193,6536,,,,,,,,NSBEOFNZGS
6194,6537,,,,,,,,NSEKQOKWPI
6195,6538,,,,,,,,NSEVIOMPNX
6196,6539,,,,,,,,NSICCMCNXU
6197,6540,,,,,,,,NSIXFLNAJB
6198,6541,,,,,,,,NSIYEMPEIM
6199,6543,,,,,,,,NSKFJJJYWD
6200,6544,,,,,,,,NSKJIKNUNJ
6201,6545,,,,,,,,NSPKOIIIQY
6202,6546,,,,,,,,NSQKLZMVCS
6203,6547,,,,,,,,NSTSKPBFLS
6204,6548,,,,,,,,NSWUULOICH
6205,6549,,,,,,,,NSXPYDTGXR
6206,6550,,,,,,,,NSXSIVWCHA
6207,6551,,,,,,,,NSYKASOMUO
6208,6552,,,,,,,,NSYMWTKTNF
6209,6553,,,,,,,,NSZQBAWPID
6210,6554,,,,,,,,NTAAXUGRPT
6211,6555,,,,,,,,NTBKQPTDGJ
6212,6556,,,,,,,,NTCPAPSUMI
6213,6557,,,,,,,,NTCUIOBZPP
6214,6558,,,,,,,,NTEBRHBMOO
6215,6560,,,,,,,,NTFWKBZOBR
6216,6561,,,,,,,,NTGVDHPJQA
6217,6562,,,,,,,,NTKEJECHUP
6218,6563,,,,,,,,NTKUWAYHSQ
6219,6564,,,,,,,,NTMPSIHQXA
6220,6565,,,,,,,,NTNHFSTUMR
6221,6566,,,,,,,,NTNUDZUIOU
6222,6567,,,,,,,,NTPIBUBBSF
6223,6568,,,,,,,,NTPLXVGVVG
6224,6569,,,,,,,,NTSLPVXRVV
6225,6570,,,,,,,,NTWEWJLCIP
6226,6571,,,,,,,,NTWPTKXCUM
6227,6572,,,,,,,,NTXLGXYDHB
6228,6573,,,,,,,,NUBYWYOWGI
6229,6574,,,,,,,,NUCHHTSXLA
6230,6575,,,,,,,,NUEWHCOPJX
6231,6576,,,,,,,,NUGUFYGIXA
6232,6577,,,,,,,,NUITLIDFIG
6233,6578,,,,,,,,NUKFCHKRKP
6234,6579,,,,,,,,NUOCXEWUDK
6235,6580,,,,,,,,NUODUSFHAC
6236,6581,,,,,,,,NUOMRIAQBX
6237,6582,,,,,,,,NUPMPTMOOZ
6238,6583,,,,,,,,NUQBUMFCKU
6239,6584,,,,,,,,NUQPPJYYOW
6240,6585,,,,,,,,NURFEHFNWT
6241,6586,,,,,,,,NUSMCBKMNO
6242,6587,,,,,,,,NUXLTLOEBO
6243,6588,,,,,,,,NUYPYPDPBE
6244,6589,,,,,,,,NUYUKTLZKO
6245,6590,,,,,,,,NUYXRDEGEB
6246,6591,,,,,,,,NVAXUOMMCW
6247,6592,,,,,,,,NVEBMDJHAB
6248,6593,,,,,,,,NVGWLGJRNC
6249,6594,,,,,,,,NVKQPWVHYT
6250,6595,,,,,,,,NVMITXCNTG
6251,6596,,,,,,,,NVMSXBTASA
6252,6597,,,,,,,,NVMVBGZHNU
6253,6598,,,,,,,,NVOLLYAJDN
6254,6599,,,,,,,,NVPQVUGXVJ
6255,6600,,,,,,,,NVQTJDKJVK
6256,6601,,,,,,,,NVROWWDEBX
6257,6602,,,,,,,,NVTEFCOFXJ
6258,6603,,,,,,,,NVUCKLKYEO
6259,6604,,,,,,,,NVUFJTNKAH
6260,6605,,,,,,,,NVUPIBDYCG
6261,6606,,,,,,,,NVVNRAWKCK
6262,6607,,,,,,,,NVVRXUKPMR
6263,6608,,,,,,,,NVVTPBAQBC
6264,6609,,,,,,,,NVWFHSQAJU
6265,6610,,,,,,,,NVYJIXWUDP
6266,6611,,,,,,,,NWGPYTLLMW
6267,6612,,,,,,,,NWGXHXYTYH
6268,6613,,,,,,,,NWIGGHSQYW
6269,6614,,,,,,,,NWIIADZPMG
6270,6615,,,,,,,,NWLCUVHSTZ
6271,6616,,,,,,,,NWLOKSAEUB
6272,6617,,,,,,,,NWMTGUJEYX
6273,6618,,,,,,,,NWOOSHLYDI
6274,6619,,,,,,,,NWRENXGPJK
6275,6620,,,,,,,,NWSNSZNVTM
6276,6621,,,,,,,,NWTSCDOMGZ
6277,6622,,,,,,,,NWTUJSIWDD
6278,6623,,,,,,,,NWUTVKQZSD
6279,6624,,,,,,,,NWVSHSIEFL
6280,6625,,,,,,,,NWVUIUERDY
6281,6626,,,,,,,,NWWYISYJQF
6282,6627,,,,,,,,NWYIPDWWAU
6283,6628,,,,,,,,NWZESUDMLK
6284,6629,,,,,,,,NWZMLUMEUN
6285,6630,,,,,,,,NXEEPRBDUL
6286,6631,,,,,,,,NXFVYGANOE
6287,6632,,,,,,,,NXJWQCYQBJ
6288,6633,,,,,,,,NXKUOTIMAQ
6289,6634,,,,,,,,NXLWRDCDCF
6290,6635,,,,,,,,NXMSLCUJOB
6291,6636,,,,,,,,NXQPDRGIRM
6292,6637,,,,,,,,NXRPDJYFAM
6293,6638,,,,,,,,NXSDSNQJJV
6294,6639,,,,,,,,NXSTFMJXGD
6295,6640,,,,,,,,NXSYEJOOUA
6296,6641,,,,,,,,NXTYNFIOCV
6297,6642,,,,,,,,NXWRTIDFUS
6298,6643,,,,,,,,NXXRZFIWBZ
6299,6644,,,,,,,,NXZQXXWHZM
6300,6645,,,,,,,,NYACCFZQYT
6301,6646,,,,,,,,NYAFSNSZJS
6302,6647,,,,,,,,NYEPOAOFVC
6303,6648,,,,,,,,NYGKOLEYBJ
6304,6649,,,,,,,,NYGOPRNFPG
6305,6650,,,,,,,,NYHVHBZRCL
6306,6651,,,,,,,,NYMSLIBUZM
6307,6652,,,,,,,,NYOEPIPIHO
6308,6653,,,,,,,,NYUMBQMDDB
6309,6654,,,,,,,,NYVJERDEPP
6310,6655,,,,,,,,NYXKVXPFGQ
6311,6656,,,,,,,,NZBDMZVIWH
6312,6657,,,,,,,,NZCWQTPVLD
6313,6658,,,,,,,,NZMAJEIZKJ
6314,6659,,,,,,,,NZMSMRFOTQ
6315,6660,,,,,,,,NZNOFULGKP
6316,6661,,,,,,,,NZOYEYGZTI
6317,6662,,,,,,,,NZPQNSBJXE
6318,6663,,,,,,,,NZQRNQNEYX
6319,6664,,,,,,,,NZRSINVMBW
6320,6665,,,,,,,,NZRWPKWCFQ
6321,6666,,,,,,,,NZSGHNISJV
6322,6667,,,,,,,,NZSTWZSTVP
6323,6668,,,,,,,,NZSXSWGAFI
6324,6669,,,,,,,,NZSZCIKOEJ
6325,6670,,,,,,,,NZTFABLKKB
6326,6671,,,,,,,,NZUHWOXONP
6327,6672,,,,,,,,NZVFZNGSBL
6328,6673,,,,,,,,NZVHVDPDLJ
6329,6674,,,,,,,,NZVHZBIINO
6330,6675,,,,,,,,NZXUUJPRZK
6331,6676,,,,,,,,OABTQYZMQL
6332,6677,,,,,,,,OADEDNFGCY
6333,6678,,,,,,,,OAGWVDILZU
6334,6679,,,,,,,,OAHKFNEPLA
6335,6680,,,,,,,,OAIQFRJVLV
6336,6681,,,,,,,,OAMVNOZQSC
6337,6682,,,,,,,,OAODYTNNML
6338,6683,,,,,,,,OAPVHWQIUL
6339,6684,,,,,,,,OAQFKEKBDN
6340,6685,,,,,,,,OAUMKLQBBQ
6341,6686,,,,,,,,OAVEXDNWAX
6342,6687,,,,,,,,OAXIMXGGVE
6343,6688,,,,,,,,OBALRFRGPV
6344,6689,,,,,,,,OBCLJNYPMQ
6345,6690,,,,,,,,OBDKDTBRUU
6346,6691,,,,,,,,OBFQDMDYGW
6347,6692,,,,,,,,OBGAUOGDIJ
6348,6693,,,,,,,,OBGGUWBBJH
6349,6694,,,,,,,,OBHAIGPEOC
6350,6695,,,,,,,,OBIGYWGSAA
6351,6696,,,,,,,,OBITZDMJXL
6352,6697,,,,,,,,OBIUFVFJLO
6353,6698,,,,,,,,OBIWWQLGEJ
6354,6699,,,,,,,,OBJNQZWLUO
6355,6700,,,,,,,,OBKOVFIVHG
6356,6701,,,,,,,,OBMYZOJGPX
6357,6702,,,,,,,,OBNGMVGPDS
6358,6703,,,,,,,,OBOJSBUZMB
6359,6704,,,,,,,,OBUZBBGGTC
6360,6705,,,,,,,,OBXQXDODSO
6361,6706,,,,,,,,OBXXMXTPVW
6362,6707,,,,,,,,OBYFSDRPNS
6363,6708,,,,,,,,OBYHUSUCCB
6364,6709,,,,,,,,OBYMUIICAH
6365,6710,,,,,,,,OBZGZMKYVP
6366,6711,,,,,,,,OCEEMKRHUJ
6367,6712,,,,,,,,OCEQJXAZKW
6368,6713,,,,,,,,OCFIVNUKOS
6369,6714,,,,,,,,OCIHHBQLHT
6370,6715,,,,,,,,OCIMVAYGPN
6371,6716,,,,,,,,OCKJNQQJVA
6372,6717,,,,,,,,OCLBUOUNRL
6373,6718,,,,,,,,OCLCWYIKWI
6374,6719,,,,,,,,OCLJMWPSOV
6375,6720,,,,,,,,OCNQEAYKAO
6376,6721,,,,,,,,OCPEMKTWBL
6377,6722,,,,,,,,OCQYDBEQFD
6378,6723,,,,,,,,OCRJWOFHPM
6379,6724,,,,,,,,OCSFCGGKUI
6380,6725,,,,,,,,OCSXVJKPQO
6381,6726,,,,,,,,OCVJUAUKXP
6382,6727,,,,,,,,OCVKQPYESQ
6383,6729,,,,,,,,OCVQGTWWVT
6384,6730,,,,,,,,OCZPWRFIIV
6385,6731,,,,,,,,ODAWBVYTKF
6386,6732,,,,,,,,ODBOZQCYML
6387,6733,,,,,,,,ODCSPMVPII
6388,6734,,,,,,,,ODEZPTEBLM
6389,6735,,,,,,,,ODGIQEJLXL
6390,6736,,,,,,,,ODHEFKHJPW
6391,6737,,,,,,,,ODISVEGIJQ
6392,6738,,,,,,,,ODKCJWPJDM
6393,6739,,,,,,,,ODKEQOFQGS
6394,6740,,,,,,,,ODLEZTKPZL
6395,6741,,,,,,,,ODNLLBGTCJ
6396,6742,,,,,,,,ODNZTLAVVC
6397,6743,,,,,,,,ODOUQKUGNG
6398,6744,,,,,,,,ODOXCMIFGH
6399,6746,,,,,,,,ODQFHOMCCP
6400,6747,,,,,,,,ODTTYNSMBK
6401,6749,,,,,,,,ODTWJVSZJC
6402,6750,,,,,,,,ODUCIXUWUH
6403,6751,,,,,,,,ODUJOKEZII
6404,6752,,,,,,,,ODWDDVDYXQ
6405,6753,,,,,,,,ODWLTWNMCB
6406,6754,,,,,,,,ODWZXCCSEX
6407,6755,,,,,,,,ODXNTISXSX
6408,6756,,,,,,,,ODYTTEBKRF
6409,6757,,,,,,,,OEAHFGOKFR
6410,6759,,,,,,,,OEBEURDFWX
6411,6760,,,,,,,,OEGMMKXOJV
6412,6761,,,,,,,,OEHQKGUGTC
6413,6762,,,,,,,,OEJKYIPDFA
6414,6763,,,,,,,,OEJXMCNJIS
6415,6764,,,,,,,,OEJXQWSOJN
6416,6765,,,,,,,,OEKCRSAUMF
6417,6767,,,,,,,,OEMDTFORCZ
6418,6768,,,,,,,,OEPFATDBJE
6419,6769,,,,,,,,OEPZJVFJIH
6420,6770,,,,,,,,OEQZTOIAYB
6421,6771,,,,,,,,OESDWNADPB
6422,6772,,,,,,,,OETCYRBJRW
6423,6773,,,,,,,,OEUJQPXOCP
6424,6774,,,,,,,,OEVSBPFPTG
6425,6775,,,,,,,,OEYFWTVJAQ
6426,6776,,,,,,,,OEZDUFORBA
6427,6777,,,,,,,,OFAAHLWTSR
6428,6779,,,,,,,,OFCDKXNLMV
6429,6780,,,,,,,,OFDONDALKX
6430,6781,,,,,,,,OFFDASGOJF
6431,6782,,,,,,,,OFPJVSWLVR
6432,6783,,,,,,,,OFSEIKPDHG
6433,6784,,,,,,,,OFSKHYERMT
6434,6785,,,,,,,,OFVXYJDAUD
6435,6786,,,,,,,,OFYCIUHSNL
6436,6787,,,,,,,,OFYZXYVKSU
6437,6788,,,,,,,,OFZFQNRZAC
6438,6789,,,,,,,,OGBBVSAWJC
6439,6790,,,,,,,,OGCVFFPRVZ
6440,6791,,,,,,,,OGFAGWZXFT
6441,6792,,,,,,,,OGFRZBPCII
6442,6793,,,,,,,,OGFZFJBIUI
6443,6794,,,,,,,,OGGYTGBZSA
6444,6795,,,,,,,,OGJBPEKGHZ
6445,6797,,,,,,,,OGLLPRZQDE
6446,6798,,,,,,,,OGMHVVIZEL
6447,6799,,,,,,,,OGOBTSQQTG
6448,6800,,,,,,,,OGPBDLAVCB
6449,6801,,,,,,,,OGPSOWPOOR
6450,6802,,,,,,,,OGQQYAPEGW
6451,6803,,,,,,,,OGVYWAUYWN
6452,6804,,,,,,,,OGXJZVNNLX
6453,6805,,,,,,,,OHCFURSNEO
6454,6806,,,,,,,,OHCUZJYBNK
6455,6807,,,,,,,,OHDJDZBRFZ
6456,6808,,,,,,,,OHDPJJMMQA
6457,6809,,,,,,,,OHEBMMBMUV
6458,6810,,,,,,,,OHFEFNTZDW
6459,6811,,,,,,,,OHGMWCVYMR
6460,6812,,,,,,,,OHNXKNSISU
6461,6813,,,,,,,,OHPHBTXZTN
6462,6814,,,,,,,,OHPTTJHGTM
6463,6815,,,,,,,,OHQQCGFJLY
6464,6816,,,,,,,,OHQWTZWVRW
6465,6817,,,,,,,,OHUQMUPWNC
6466,6818,,,,,,,,OHVRRNYWHE
6467,6819,,,,,,,,OHWICWDNHK
6468,6820,,,,,,,,OHWJURQJNY
6469,6821,,,,,,,,OHWNFGUHXG
6470,6824,,,,,,,,OHWWZBAFHS
6471,6825,,,,,,,,OHWZBESUQT
6472,6826,,,,,,,,OIAIOQBUDR
6473,6827,,,,,,,,OIDJMKJTHS
6474,6828,,,,,,,,OIFJMJRBRM
6475,6829,,,,,,,,OIHJTCUCTT
6476,6830,,,,,,,,OIIKYMSWPE
6477,6831,,,,,,,,OIPPRDXGRF
6478,6832,,,,,,,,OIRQODFDPJ
6479,6833,,,,,,,,OITDIBWCZM
6480,6834,,,,,,,,OIUHOTNOAO
6481,6835,,,,,,,,OIXHDOOFZT
6482,6836,,,,,,,,OIZCSAWGUC
6483,6837,,,,,,,,OIZXNSSZIO
6484,6838,,,,,,,,OJCBNBLWOA
6485,6840,,,,,,,,OJDTACWEAY
6486,6841,,,,,,,,OJDTLFZSRZ
6487,6842,,,,,,,,OJEQCTDDOK
6488,6843,,,,,,,,OJLQGDKGCB
6489,6844,,,,,,,,OJNTIDFSUP
6490,6845,,,,,,,,OJPRHVFYBS
6491,6846,,,,,,,,OJPWXNJNYM
6492,6847,,,,,,,,OJQYHSRLYN
6493,6848,,,,,,,,OJVLNCUNKM
6494,6849,,,,,,,,OJVNUOYJNT
6495,6850,,,,,,,,OJYRJJXYJD
6496,6851,,,,,,,,OKAWVSYCRS
6497,6852,,,,,,,,OKBMECDSCR
6498,6853,,,,,,,,OKDFNETJZK
6499,6854,,,,,,,,OKEMJVBJLW
6500,6855,,,,,,,,OKFTBSEGEZ
6501,6856,,,,,,,,OKKTMMFUTV
6502,6857,,,,,,,,OKPISHLZCY
6503,6858,,,,,,,,OKRIVUYHYW
6504,6859,,,,,,,,OKSGOCMHGI
6505,6860,,,,,,,,OKSLTDJLNE
6506,6861,,,,,,,,OKUBMHWVUA
6507,6863,,,,,,,,OKWWIRZAYV
6508,6864,,,,,,,,OKXAUESTKH
6509,6865,,,,,,,,OKXFDVMODD
6510,6866,,,,,,,,OKXYVHEARF
6511,6867,,,,,,,,OKYMSKVIUL
6512,6868,,,,,,,,OKZKPTODGN
6513,6870,,,,,,,,OLBRNIKCLG
6514,6871,,,,,,,,OLCKJNVHAK
6515,6872,,,,,,,,OLDSUIFSDT
6516,6873,,,,,,,,OLDWYESDVJ
6517,6874,,,,,,,,OLEBRULKLN
6518,6875,,,,,,,,OLFKKREBYH
6519,6876,,,,,,,,OLJLVIUFOH
6520,6877,,,,,,,,OLJWIVNYZW
6521,6878,,,,,,,,OLLIKSGCPH
6522,6879,,,,,,,,OLORJOBUSB
6523,6880,,,,,,,,OLPRRKARUV
6524,6881,,,,,,,,OLQBPXNDNP
6525,6882,,,,,,,,OLSENWIKWT
6526,6883,,,,,,,,OLSGMKWPIX
6527,6884,,,,,,,,OLUEKUHWXI
6528,6885,,,,,,,,OLYCSRHMYR
6529,6886,,,,,,,,OLYPWVEWPK
6530,6887,,,,,,,,OLYZUECMVV
6531,6888,,,,,,,,OLZJCZDLAN
6532,6889,,,,,,,,OMAUNCWRIC
6533,6890,,,,,,,,OMAUTTPNUF
6534,6891,,,,,,,,OMCAPDMPPZ
6535,6892,,,,,,,,OMCGEWTGPN
6536,6893,,,,,,,,OMDKEAHODZ
6537,6894,,,,,,,,OMFGDSCCIX
6538,6895,,,,,,,,OMGKXRMJKY
6539,6896,,,,,,,,OMGMAOMPAZ
6540,6897,,,,,,,,OMJQGPLATY
6541,6898,,,,,,,,OMKDTEPBJF
6542,6899,,,,,,,,OMKWESXHTI
6543,6900,,,,,,,,OMOBVBRZQT
6544,6901,,,,,,,,OMOGDOFUDQ
6545,6902,,,,,,,,OMOVSZIJTX
6546,6903,,,,,,,,OMQPBDNLIN
6547,6904,,,,,,,,OMRDKMWRHG
6548,6905,,,,,,,,OMRUTHXLLQ
6549,6906,,,,,,,,OMUZUSNMXS
6550,6907,,,,,,,,OMWNMIMWQC
6551,6908,,,,,,,,OMWXMAXWYR
6552,6909,,,,,,,,OMYIKWQTOF
6553,6910,,,,,,,,OMZGVUDWOV
6554,6912,,,,,,,,OMZTMGGXKM
6555,6913,,,,,,,,ONAJRSRLQD
6556,6914,,,,,,,,ONFTBHTNNI
6557,6915,,,,,,,,ONLKAKKFBR
6558,6916,,,,,,,,ONMJVSHFNZ
6559,6917,,,,,,,,ONMMQSVKBI
6560,6918,,,,,,,,ONMQDPSNHK
6561,6919,,,,,,,,ONOEPTCEOI
6562,6920,,,,,,,,ONPPZPCXXU
6563,6921,,,,,,,,ONRGXAPTXG
6564,6922,,,,,,,,ONSZGMJHBQ
6565,6923,,,,,,,,ONTOCXXHRQ
6566,6924,,,,,,,,ONUIPJXSZQ
6567,6925,,,,,,,,ONWFCNZIJJ
6568,6926,,,,,,,,ONWPPDCPQI
6569,6927,,,,,,,,ONYUHKLIQW
6570,6928,,,,,,,,ONZJFAIKRK
6571,6929,,,,,,,,OOALFBWYEY
6572,6930,,,,,,,,OOANGIEYUX
6573,6931,,,,,,,,OOAVNQTAYT
6574,6932,,,,,,,,OOBWIHDGET
6575,6933,,,,,,,,OOGNVWNKMY
6576,6934,,,,,,,,OOHYFTZYRP
6577,6935,,,,,,,,OOHZTMUOTF
6578,6936,,,,,,,,OOIRJWPRYY
6579,6937,,,,,,,,OOJCTHKNKV
6580,6938,,,,,,,,OOKYWWTVNN
6581,6939,,,,,,,,OOLAWSHGEH
6582,6940,,,,,,,,OOLEVJJSXU
6583,6941,,,,,,,,OOLISUPBLB
6584,6942,,,,,,,,OONTMGOPQL
6585,6943,,,,,,,,OORJHMCRZI
6586,6944,,,,,,,,OOUKVNTQKI
6587,6945,,,,,,,,OOVBUEUUJG
6588,6946,,,,,,,,OOWFTNZNZU
6589,6947,,,,,,,,OOXBCQCOXM
6590,6948,,,,,,,,OOXFHXQIZH
6591,6949,,,,,,,,OOZHPLVEKN
6592,6950,,,,,,,,OPADTWXNDE
6593,6951,,,,,,,,OPAFWRJIWR
6594,6952,,,,,,,,OPHZEXHGJN
6595,6953,,,,,,,,OPJTMIPJKU
6596,6954,,,,,,,,OPNMNLOITV
6597,6955,,,,,,,,OPNRXBGBHF
6598,6956,,,,,,,,OPSLWNYNTB
6599,6957,,,,,,,,OPUNQVVXXN
6600,6958,,,,,,,,OPYVGPHEZJ
6601,6960,,,,,,,,OPZFKKUREY
6602,6961,,,,,,,,OQBGZFHDFS
6603,6963,,,,,,,,OQBKTBHJZU
6604,6964,,,,,,,,OQDCODZTKO
6605,6965,,,,,,,,OQDDKIKYHR
6606,6966,,,,,,,,OQDWSEUOIV
6607,6967,,,,,,,,OQFGYOQTVM
6608,6968,,,,,,,,OQFXYVYAUW
6609,6969,,,,,,,,OQGEVTFTKX
6610,6970,,,,,,,,OQHQYKRVKT
6611,6971,,,,,,,,OQHXTXQWFU
6612,6972,,,,,,,,OQIMDNCSYS
6613,6973,,,,,,,,OQIOUOAAQS
6614,6974,,,,,,,,OQJOCJOLZA
6615,6975,,,,,,,,OQKLGCLZWN
6616,6976,,,,,,,,OQLPHQVGAL
6617,6977,,,,,,,,OQNGMDWACL
6618,6978,,,,,,,,OQNHUHPMSE
6619,6979,,,,,,,,OQOCNLJEVA
6620,6980,,,,,,,,OQOLCDZGPZ
6621,6981,,,,,,,,OQOPUMHSGB
6622,6982,,,,,,,,OQRFLSESKS
6623,6983,,,,,,,,OQTCCMQDCL
6624,6984,,,,,,,,OQTJRMLZPA
6625,6985,,,,,,,,OQTQSXVIAN
6626,6986,,,,,,,,OQUQAOGRNK
6627,6987,,,,,,,,OQVQTYZGZQ
6628,6988,,,,,,,,OQWANYBROU
6629,6989,,,,,,,,OQWSIWGFUV
6630,6990,,,,,,,,OQXQPMZQTF
6631,6991,,,,,,,,OQYGZEWJBW
6632,6992,,,,,,,,OQYNITIOZS
6633,6993,,,,,,,,OQZQWDVNCG
6634,6994,,,,,,,,ORBPSDYIVX
6635,6995,,,,,,,,ORGXCOBOXV
6636,6996,,,,,,,,ORHMOBGVDP
6637,6997,,,,,,,,ORIURKUAGG
6638,6998,,,,,,,,ORMZPQCNSK
6639,6999,,,,,,,,ORNWLLEKPT
6640,7000,,,,,,,,ORNWYDROTB
6641,7001,,,,,,,,OROXPZZUVZ
6642,7002,,,,,,,,ORPNVGFMMZ
6643,7003,,,,,,,,ORQIBAWCPU
6644,7004,,,,,,,,ORTICMOWEC
6645,7005,,,,,,,,ORVEWJYEUQ
6646,7006,,,,,,,,ORVPEVDHKX
6647,7007,,,,,,,,ORWPPYJGOU
6648,7008,,,,,,,,ORXPBJNKAX
6649,7009,,,,,,,,OSAYEDCKMB
6650,7010,,,,,,,,OSCYZOVQKA
6651,7011,,,,,,,,OSEODHWBIP
6652,7012,,,,,,,,OSETZJLPEQ
6653,7013,,,,,,,,OSGDHMXKZQ
6654,7014,,,,,,,,OSIJFQSXIE
6655,7015,,,,,,,,OSKSHMPPUV
6656,7016,,,,,,,,OSLZTRWZZH
6657,7017,,,,,,,,OSMKZGFEQA
6658,7018,,,,,,,,OSSYRNPWWE
6659,7019,,,,,,,,OSWQREFCLX
6660,7020,,,,,,,,OSXGBWVYXW
6661,7021,,,,,,,,OTBLOMHPVF
6662,7023,,,,,,,,OTDIAIQWPS
6663,7024,,,,,,,,OTJCUYZIXM
6664,7025,,,,,,,,OTKILLVLHW
6665,7026,,,,,,,,OTOKHDDMKP
6666,7028,,,,,,,,OTQNXOTLLH
6667,7029,,,,,,,,OTTAIMBTMW
6668,7030,,,,,,,,OTTEQUPFWP
6669,7031,,,,,,,,OTTVHYEZOR
6670,7032,,,,,,,,OTUBZASTSJ
6671,7033,,,,,,,,OTVZMEESAZ
6672,7034,,,,,,,,OTVZNXQORM
6673,7035,,,,,,,,OTYDWSYYKZ
6674,7036,,,,,,,,OUAPMNVLGV
6675,7037,,,,,,,,OUBLGEFXXG
6676,7038,,,,,,,,OUDWJAKNON
6677,7039,,,,,,,,OUDXBKYCQO
6678,7040,,,,,,,,OUEHISDCXC
6679,7041,,,,,,,,OUHFSPAUUT
6680,7042,,,,,,,,OUHMRDPJGJ
6681,7043,,,,,,,,OUINBVSZON
6682,7044,,,,,,,,OUJCJCIGEN
6683,7045,,,,,,,,OUJSNJFXQB
6684,7046,,,,,,,,OUNVNAVFUE
6685,7047,,,,,,,,OUOBMPNJMX
6686,7048,,,,,,,,OUOPBNEAQL
6687,7049,,,,,,,,OUOVOAMZGU
6688,7050,,,,,,,,OUQLVYZGOG
6689,7051,,,,,,,,OUTZFLJGOI
6690,7052,,,,,,,,OUUOCPMRVD
6691,7053,,,,,,,,OUWRKBKFDZ
6692,7054,,,,,,,,OUWYXVAZMW
6693,7055,,,,,,,,OUXYKPQGWY
6694,7056,,,,,,,,OUYAKUYHBM
6695,7057,,,,,,,,OUYJKZOSDB
6696,7058,,,,,,,,OVBOGVEXGT
6697,7059,,,,,,,,OVBVGVOTMY
6698,7060,,,,,,,,OVESIKHCJS
6699,7061,,,,,,,,OVFDKDORCF
6700,7062,,,,,,,,OVGMSPERLV
6701,7063,,,,,,,,OVGQRSRMHB
6702,7064,,,,,,,,OVHFLOOWAL
6703,7065,,,,,,,,OVISWYMJLA
6704,7066,,,,,,,,OVJSPNCPDX
6705,7067,,,,,,,,OVKCLDOEUD
6706,7068,,,,,,,,OVQBUWLFCT
6707,7069,,,,,,,,OVQFLPMLCC
6708,7070,,,,,,,,OVRKZIRZNC
6709,7071,,,,,,,,OVSYJUTTPH
6710,7072,,,,,,,,OVTBJOPFAZ
6711,7073,,,,,,,,OVWUDMTYZU
6712,7074,,,,,,,,OVXTELXVOV
6713,7075,,,,,,,,OVYBRFBNNG
6714,7076,,,,,,,,OWAKBXZGEP
6715,7077,,,,,,,,OWBEEKDLKJ
6716,7078,,,,,,,,OWBKHCUCFG
6717,7079,,,,,,,,OWFJPSNYTA
6718,7080,,,,,,,,OWGEELEASC
6719,7081,,,,,,,,OWGYCLVRAT
6720,7082,,,,,,,,OWHEBZSVLA
6721,7083,,,,,,,,OWINTTEHLU
6722,7084,,,,,,,,OWJHDPLGQG
6723,7085,,,,,,,,OWKRZNUTCC
6724,7086,,,,,,,,OWLTCFSVQO
6725,7087,,,,,,,,OWMEMBUVWK
6726,7088,,,,,,,,OWPGJYKOXJ
6727,7089,,,,,,,,OWVHAGNMAH
6728,7090,,,,,,,,OWVZOBDZWT
6729,7091,,,,,,,,OWYQDJRQZT
6730,7092,,,,,,,,OXALYQVRZS
6731,7093,,,,,,,,OXCNOHXGBA
6732,7094,,,,,,,,OXDNTIDODS
6733,7095,,,,,,,,OXEVNSSWFD
6734,7096,,,,,,,,OXEZXVYOFQ
6735,7097,,,,,,,,OXIFMJMZRA
6736,7098,,,,,,,,OXJINXAQDT
6737,7099,,,,,,,,OXKYDGNIBB
6738,7100,,,,,,,,OXMBBJLSAY
6739,7101,,,,,,,,OXMQZYTANN
6740,7103,,,,,,,,OXPNMUZKAF
6741,7104,,,,,,,,OXTWCJNLZY
6742,7105,,,,,,,,OXVWSGOVPJ
6743,7106,,,,,,,,OXZGFJMURX
6744,7107,,,,,,,,OYASYUOYZG
6745,7108,,,,,,,,OYBLICUQXU
6746,7109,,,,,,,,OYCMAHWAQR
6747,7110,,,,,,,,OYETWGNPAU
6748,7111,,,,,,,,OYFJYAGYQU
6749,7112,,,,,,,,OYGKIINUAW
6750,7113,,,,,,,,OYGWHMJMTI
6751,7114,,,,,,,,OYHGWJNUXF
6752,7115,,,,,,,,OYIIFHXETG
6753,7116,,,,,,,,OYKIELFQTJ
6754,7117,,,,,,,,OYMMSPYYXE
6755,7118,,,,,,,,OYMYYJBVBV
6756,7119,,,,,,,,OYNXKUUCWB
6757,7120,,,,,,,,OYVXOTZINU
6758,7121,,,,,,,,OYWLQGWNPL
6759,7122,,,,,,,,OYXHPDUAZT
6760,7123,,,,,,,,OYXQHYWFYN
6761,7124,,,,,,,,OYYQXPXEKZ
6762,7125,,,,,,,,OYZCNMBOIR
6763,7126,,,,,,,,OZAZQBOHNQ
6764,7127,,,,,,,,OZCHGZUMHA
6765,7128,,,,,,,,OZDUYCSGQQ
6766,7129,,,,,,,,OZEGOZOKOR
6767,7130,,,,,,,,OZGFFZJDUD
6768,7131,,,,,,,,OZGFZVVCBL
6769,7132,,,,,,,,OZIDVNMJAA
6770,7133,,,,,,,,OZKIVDLZSN
6771,7134,,,,,,,,OZKNXFWJVK
6772,7135,,,,,,,,OZLMJLNURH
6773,7136,,,,,,,,OZOFLFVJPJ
6774,7137,,,,,,,,OZPDFOACOQ
6775,7138,,,,,,,,OZQNHQFEDB
6776,7139,,,,,,,,OZQOPDFLAZ
6777,7140,,,,,,,,OZRNMEJWLP
6778,7141,,,,,,,,OZSHDRQUQY
6779,7142,,,,,,,,OZSQSNVXOX
6780,7143,,,,,,,,OZWSEDYKZE
6781,7144,,,,,,,,OZYNJPZFZW
6782,7145,,,,,,,,OZYNTWTAJC
6783,7146,,,,,,,,PAAWEPZBIX
6784,7147,,,,,,,,PAAWJOWKUA
6785,7148,,,,,,,,PABKNFJTAM
6786,7149,,,,,,,,PABSPFMLUM
6787,7150,,,,,,,,PACRLVEZKZ
6788,7151,,,,,,,,PAEBSXIMYS
6789,7153,,,,,,,,PAESGFSLCH
6790,7154,,,,,,,,PAFVPHYFCZ
6791,7155,,,,,,,,PAGZHAEFIB
6792,7156,,,,,,,,PAJFZODFUJ
6793,7157,,,,,,,,PAKZWKFPPV
6794,7158,,,,,,,,PALZEVOWWV
6795,7159,,,,,,,,PALZUIRBVW
6796,7160,,,,,,,,PAMFBQQGHL
6797,7161,,,,,,,,PAMRCHCYKX
6798,7162,,,,,,,,PANDNFASIB
6799,7163,,,,,,,,PANNSMSYBF
6800,7164,,,,,,,,PAPWCLTLEK
6801,7165,,,,,,,,PAQICIZZYC
6802,7166,,,,,,,,PASQOWPAIB
6803,7167,,,,,,,,PASRZKCAZH
6804,7168,,,,,,,,PASSAGYXXH
6805,7169,,,,,,,,PATAOOEAQW
6806,7170,,,,,,,,PAUMNUGGMJ
6807,7171,,,,,,,,PAYKENSWOT
6808,7172,,,,,,,,PAYWHENQCX
6809,7173,,,,,,,,PBBCESDICD
6810,7174,,,,,,,,PBBNARYTLW
6811,7175,,,,,,,,PBBWGQYLDS
6812,7177,,,,,,,,PBDQUMITWZ
6813,7178,,,,,,,,PBFFRHHOGN
6814,7179,,,,,,,,PBHHUXZJAO
6815,7180,,,,,,,,PBKJUDDEAA
6816,7181,,,,,,,,PBLODVUUON
6817,7182,,,,,,,,PBLQYSZSUB
6818,7183,,,,,,,,PBLUKDIBWN
6819,7184,,,,,,,,PBLZMRHDZA
6820,7185,,,,,,,,PBMJTAVOTB
6821,7186,,,,,,,,PBMOPMUFUU
6822,7187,,,,,,,,PBQZBHDOVK
6823,7188,,,,,,,,PBRFEYNINA
6824,7189,,,,,,,,PBRXWXRJXR
6825,7190,,,,,,,,PBTWCZULDV
6826,7191,,,,,,,,PBTZCPOPSY
6827,7192,,,,,,,,PBUAACOTMR
6828,7193,,,,,,,,PBVYEJZFBZ
6829,7194,,,,,,,,PBWUJLCYSL
6830,7195,,,,,,,,PCBCEDGWSK
6831,7196,,,,,,,,PCBEDFQAJH
6832,7197,,,,,,,,PCBJVSSCPQ
6833,7198,,,,,,,,PCEKGPOVCA
6834,7199,,,,,,,,PCEVQEPXII
6835,7200,,,,,,,,PCGTBSSWJM
6836,7201,,,,,,,,PCHLRAATNR
6837,7202,,,,,,,,PCHVKZNRQH
6838,7203,,,,,,,,PCIJAVDYCD
6839,7204,,,,,,,,PCJOCFTDZC
6840,7205,,,,,,,,PCJOUAWYCD
6841,7206,,,,,,,,PCJQXECGZI
6842,7207,,,,,,,,PCQKBTGEJG
6843,7208,,,,,,,,PCRUQYLTAA
6844,7209,,,,,,,,PCSKVGWZWH
6845,7210,,,,,,,,PCUYUVFFOT
6846,7211,,,,,,,,PDDMXGQEEP
6847,7212,,,,,,,,PDENHSGSCH
6848,7213,,,,,,,,PDEOXSOUEE
6849,7214,,,,,,,,PDHALBZYKZ
6850,7215,,,,,,,,PDIQFIKKCQ
6851,7216,,,,,,,,PDNSHTZZXY
6852,7217,,,,,,,,PDTDKCVLLO
6853,7218,,,,,,,,PDTJEDXFAK
6854,7219,,,,,,,,PDURFJRLWO
6855,7220,,,,,,,,PDUXAYTBOQ
6856,7221,,,,,,,,PDVVVWUJGB
6857,7222,,,,,,,,PDWTMOWXNB
6858,7223,,,,,,,,PDWUIRMKVC
6859,7224,,,,,,,,PEDLGOSOKU
6860,7226,,,,,,,,PEEZYXFVNF
6861,7227,,,,,,,,PEFTRYMECG
6862,7228,,,,,,,,PEFULXWDDB
6863,7229,,,,,,,,PEGYQPHMRA
6864,7230,,,,,,,,PEHUZKJHUG
6865,7231,,,,,,,,PEMQKVFMUV
6866,7232,,,,,,,,PEMSCPTRON
6867,7233,,,,,,,,PEOKBUQAIY
6868,7234,,,,,,,,PEOOJXDGUI
6869,7235,,,,,,,,PEPEUQKIXF
6870,7236,,,,,,,,PESWWIRJON
6871,7237,,,,,,,,PEVSSGVERQ
6872,7238,,,,,,,,PEWRUMSMSO
6873,7239,,,,,,,,PEXYNBWACV
6874,7240,,,,,,,,PEYTMIAACZ
6875,7241,,,,,,,,PEZUZOFBPQ
6876,7242,,,,,,,,PEZXOUNDUO
6877,7243,,,,,,,,PFAHHYMBZP
6878,7244,,,,,,,,PFBSTJMHPB
6879,7245,,,,,,,,PFDHLWODLA
6880,7246,,,,,,,,PFDXPTLUCZ
6881,7247,,,,,,,,PFFOPSTUOF
6882,7248,,,,,,,,PFILRIQZRJ
6883,7249,,,,,,,,PFIPXEPAFP
6884,7250,,,,,,,,PFKBXWOCRW
6885,7251,,,,,,,,PFKDFMKSXF
6886,7252,,,,,,,,PFKGHPIOLU
6887,7253,,,,,,,,PFNWNDNOIE
6888,7254,,,,,,,,PFOJQREYIB
6889,7255,,,,,,,,PFTGWPQGXP
6890,7256,,,,,,,,PFUZEHPAHT
6891,7257,,,,,,,,PFWQBHZURH
6892,7258,,,,,,,,PFXNJDNCWY
6893,7259,,,,,,,,PFZNPTHZBM
6894,7260,,,,,,,,PFZRWWMCVP
6895,7261,,,,,,,,PGAIEUYNJN
6896,7262,,,,,,,,PGBWTLKPIF
6897,7263,,,,,,,,PGDVNSHWMZ
6898,7264,,,,,,,,PGEDVDMPOJ
6899,7265,,,,,,,,PGFEPXZTKV
6900,7266,,,,,,,,PGFYUQAZDS
6901,7267,,,,,,,,PGHFLBNSAR
6902,7268,,,,,,,,PGHKDBFTIA
6903,7269,,,,,,,,PGITEAQOEF
6904,7270,,,,,,,,PGKBCBGCPG
6905,7272,,,,,,,,PGKDVRPTWV
6906,7273,,,,,,,,PGMTFQDSIW
6907,7274,,,,,,,,PGNJHKZHFN
6908,7275,,,,,,,,PGOLUBVYRV
6909,7276,,,,,,,,PGQBSOOPPQ
6910,7277,,,,,,,,PGRDWTZKPC
6911,7278,,,,,,,,PGRTVAZYBK
6912,7279,,,,,,,,PGTBSXUPQR
6913,7280,,,,,,,,PGXFDSOMVK
6914,7281,,,,,,,,PGYLZDVAYV
6915,7282,,,,,,,,PHDNVWVRUH
6916,7283,,,,,,,,PHEKHLKXUA
6917,7284,,,,,,,,PHFNQKOBAH
6918,7285,,,,,,,,PHGAPNZFSG
6919,7286,,,,,,,,PHHYFYXBRV
6920,7287,,,,,,,,PHIMAVFTBG
6921,7288,,,,,,,,PHIRLRMDAT
6922,7289,,,,,,,,PHJAQQQODB
6923,7290,,,,,,,,PHKCOALVDU
6924,7291,,,,,,,,PHMALOZIIS
6925,7292,,,,,,,,PHNVBLAWXH
6926,7293,,,,,,,,PHPOXSVPVW
6927,7294,,,,,,,,PHSMUMCDRG
6928,7296,,,,,,,,PHTRCGZXQN
6929,7297,,,,,,,,PIAPOFTFVO
6930,7298,,,,,,,,PIBTMTBVGQ
6931,7299,,,,,,,,PIDLNNBCGC
6932,7300,,,,,,,,PIENHUFDCE
6933,7301,,,,,,,,PIHXCKLJXV
6934,7302,,,,,,,,PIKNMLKDKF
6935,7303,,,,,,,,PIOZPHVJTT
6936,7304,,,,,,,,PIPSPXFCVH
6937,7305,,,,,,,,PISLITVIGH
6938,7306,,,,,,,,PISWRAIWCL
6939,7307,,,,,,,,PIUDTLTBPH
6940,7308,,,,,,,,PIUXVGAENR
6941,7309,,,,,,,,PIVVRBZNVX
6942,7311,,,,,,,,PIWVZKMFRB
6943,7312,,,,,,,,PIXSFILRVL
6944,7313,,,,,,,,PIZMLZSWVK
6945,7314,,,,,,,,PJACVAGSNN
6946,7316,,,,,,,,PJAFYUEEAI
6947,7317,,,,,,,,PJAKGNHZBG
6948,7318,,,,,,,,PJAZDBUFPG
6949,7319,,,,,,,,PJBEYKKSCK
6950,7320,,,,,,,,PJDDGKUKOV
6951,7321,,,,,,,,PJEDQGKWZF
6952,7322,,,,,,,,PJEWBFJIZR
6953,7323,,,,,,,,PJGFFRWAXC
6954,7324,,,,,,,,PJHVAVZYXQ
6955,7325,,,,,,,,PJICLGMGIV
6956,7326,,,,,,,,PJIESZNOAA
6957,7327,,,,,,,,PJKKYOOOVE
6958,7328,,,,,,,,PJLFBCQIKS
6959,7329,,,,,,,,PJLGEXDFOS
6960,7330,,,,,,,,PJLLSDONTA
6961,7331,,,,,,,,PJNGWUVMYT
6962,7332,,,,,,,,PJRQVNYWKR
6963,7333,,,,,,,,PJTHBCOPFL
6964,7334,,,,,,,,PJTPIFPPCY
6965,7335,,,,,,,,PJUBUMOVMR
6966,7336,,,,,,,,PJYFWQRGHO
6967,7337,,,,,,,,PKBEWVCZCJ
6968,7338,,,,,,,,PKBTWLTRYT
6969,7339,,,,,,,,PKCGWPNWIM
6970,7340,,,,,,,,PKDFCGNYBH
6971,7341,,,,,,,,PKDVZAUIXT
6972,7342,,,,,,,,PKFWMGJAZF
6973,7343,,,,,,,,PKGMQEKTNU
6974,7344,,,,,,,,PKHSBIPHAR
6975,7345,,,,,,,,PKJACQSHSR
6976,7346,,,,,,,,PKJHBLHSYK
6977,7347,,,,,,,,PKLJKPXEWJ
6978,7348,,,,,,,,PKMEXRHJWN
6979,7349,,,,,,,,PKPCULVEGM
6980,7350,,,,,,,,PKPIMJZVJJ
6981,7351,,,,,,,,PKRJHZKLZU
6982,7352,,,,,,,,PKTMFHMXSI
6983,7353,,,,,,,,PKVFLBMWYS
6984,7354,,,,,,,,PKVGQVMXGK
6985,7355,,,,,,,,PKWUMQIYUF
6986,7357,,,,,,,,PKXFFPNZKR
6987,7358,,,,,,,,PLANPQDBZH
6988,7359,,,,,,,,PLBHAQEFIW
6989,7360,,,,,,,,PLBLZINKTG
6990,7361,,,,,,,,PLETKQRAVC
6991,7362,,,,,,,,PLFACDRPSW
6992,7363,,,,,,,,PLIPLPGDWK
6993,7364,,,,,,,,PLNFOPZEYK
6994,7365,,,,,,,,PLPBYUCJEQ
6995,7366,,,,,,,,PLTYLCEFBO
6996,7367,,,,,,,,PLVNPMLWBO
6997,7368,,,,,,,,PLWLNKHGKX
6998,7369,,,,,,,,PLXJSXIDOG
6999,7370,,,,,,,,PLXVMDELIC
7000,7371,,,,,,,,PMBGXTVQAI
7001,7372,,,,,,,,PMDOUKBGBU
7002,7373,,,,,,,,PMDVIAQFJU
7003,7374,,,,,,,,PMEVFOZQMM
7004,7375,,,,,,,,PMJSQZVABJ
7005,7376,,,,,,,,PMLPKWPEXJ
7006,7377,,,,,,,,PMMTKQRNLP
7007,7378,,,,,,,,PMNSIABJAR
7008,7379,,,,,,,,PMOCNDQOQF
7009,7380,,,,,,,,PMQBIUPZIT
7010,7381,,,,,,,,PMQSHLVWOD
7011,7383,,,,,,,,PMSXUOPSFF
7012,7384,,,,,,,,PMTBPUCGGH
7013,7385,,,,,,,,PMWGSHGSMO
7014,7386,,,,,,,,PMWSLUDFEC
7015,7388,,,,,,,,PMXADTDFTO
7016,7389,,,,,,,,PMXTNTCLYX
7017,7390,,,,,,,,PMYMCPQPSR
7018,7391,,,,,,,,PNCIPZUYYC
7019,7392,,,,,,,,PNELBTOBOV
7020,7393,,,,,,,,PNFUNDARCI
7021,7394,,,,,,,,PNHJRYJDMW
7022,7395,,,,,,,,PNHSUXJJYZ
7023,7396,,,,,,,,PNKBPNKBCJ
7024,7397,,,,,,,,PNKDVJGIQV
7025,7398,,,,,,,,PNLURQPKRH
7026,7399,,,,,,,,PNMGLRGQUP
7027,7400,,,,,,,,PNNEKVEOQQ
7028,7401,,,,,,,,PNPJGBFMVE
7029,7402,,,,,,,,PNQMLJKYZO
7030,7403,,,,,,,,PNQVGBADFW
7031,7404,,,,,,,,PNRLWDOXCG
7032,7405,,,,,,,,PNYZQYQCJW
7033,7406,,,,,,,,POAEMZBAFA
7034,7408,,,,,,,,POAUVRERSH
7035,7409,,,,,,,,POERTHCSKS
7036,7410,,,,,,,,POEVZJHWYX
7037,7411,,,,,,,,POFDBAIKOF
7038,7412,,,,,,,,POHMHZHVIG
7039,7413,,,,,,,,POIODMZWEF
7040,7414,,,,,,,,POJGFWFGMP
7041,7415,,,,,,,,POJGJJIIFL
7042,7416,,,,,,,,POKWMJEUSN
7043,7417,,,,,,,,POLISLJLUC
7044,7418,,,,,,,,POMDFNXLDD
7045,7419,,,,,,,,PONLAVMWVH
7046,7420,,,,,,,,POOWYPRHWY
7047,7421,,,,,,,,POQKCAZEWS
7048,7422,,,,,,,,POVDOWDGKD
7049,7423,,,,,,,,POVJFTUKDQ
7050,7424,,,,,,,,POXIZEVCQW
7051,7425,,,,,,,,POYAVSIHLY
7052,7426,,,,,,,,POZJYBRZVJ
7053,7427,,,,,,,,PPABMPTIZU
7054,7428,,,,,,,,PPBKOKLBID
7055,7429,,,,,,,,PPBLMDZEHD
7056,7430,,,,,,,,PPDSHSFNIV
7057,7431,,,,,,,,PPEBQKPHQH
7058,7432,,,,,,,,PPEENFQJHI
7059,7433,,,,,,,,PPLJPCWINT
7060,7434,,,,,,,,PPLMVNBLUB
7061,7435,,,,,,,,PPLYXGJCGB
7062,7436,,,,,,,,PPMSMLRXLF
7063,7437,,,,,,,,PPPEAIUJHO
7064,7438,,,,,,,,PPQDGRPQRU
7065,7439,,,,,,,,PPVOWYWSIG
7066,7440,,,,,,,,PPWHVWJWUZ
7067,7441,,,,,,,,PPYTVAGSTV
7068,7442,,,,,,,,PPZPQZOIBE
7069,7443,,,,,,,,PPZTNMTDIP
7070,7444,,,,,,,,PQDIUAXXMX
7071,7445,,,,,,,,PQDKXRBCSB
7072,7446,,,,,,,,PQFWNLCKQG
7073,7447,,,,,,,,PQJNAZEVJU
7074,7448,,,,,,,,PQNCRCQLVS
7075,7449,,,,,,,,PQNWEPUBBI
7076,7450,,,,,,,,PQOXVZNBXZ
7077,7451,,,,,,,,PQPMXUVPDO
7078,7452,,,,,,,,PQRVPCFJSB
7079,7453,,,,,,,,PQXDYCBLDL
7080,7454,,,,,,,,PRBOXVUHUD
7081,7456,,,,,,,,PRCPEFCHIR
7082,7457,,,,,,,,PRDKUJBIEN
7083,7458,,,,,,,,PRJJNDRHRG
7084,7459,,,,,,,,PRMCAOAOPY
7085,7460,,,,,,,,PRNLQMJCBZ
7086,7461,,,,,,,,PRNPOWAGTK
7087,7462,,,,,,,,PRNUOBRIDR
7088,7463,,,,,,,,PRPAZRCGUT
7089,7464,,,,,,,,PRYMOOKQCD
7090,7465,,,,,,,,PRZNTZTTNI
7091,7466,,,,,,,,PSAXQAXVIO
7092,7467,,,,,,,,PSAZPDABER
7093,7468,,,,,,,,PSCVYFNCYU
7094,7469,,,,,,,,PSDJIXBALN
7095,7470,,,,,,,,PSEKOFGKVR
7096,7471,,,,,,,,PSGFTHSGBE
7097,7472,,,,,,,,PSISUUNHNO
7098,7473,,,,,,,,PSIYACPASD
7099,7474,,,,,,,,PSJYJLZVET
7100,7475,,,,,,,,PSLACQHFEG
7101,7476,,,,,,,,PSLZFHBCDX
7102,7477,,,,,,,,PSMDCSTFLL
7103,7478,,,,,,,,PSMKIMLXIL
7104,7479,,,,,,,,PSNHGDHNJB
7105,7480,,,,,,,,PSOJFGSNNP
7106,7481,,,,,,,,PSQJYWBANY
7107,7482,,,,,,,,PSRDSLSLZC
7108,7483,,,,,,,,PSTSTFQPSI
7109,7484,,,,,,,,PSWBOHTXPZ
7110,7485,,,,,,,,PSWYLPNTCJ
7111,7486,,,,,,,,PSZFIHUFCY
7112,7488,,,,,,,,PTABUBMLDE
7113,7489,,,,,,,,PTACBKLLDF
7114,7490,,,,,,,,PTERBBHFXL
7115,7491,,,,,,,,PTFEQHBQJH
7116,7492,,,,,,,,PTLMVEZHEY
7117,7493,,,,,,,,PTMORGTTQL
7118,7494,,,,,,,,PTNFHCSTKL
7119,7495,,,,,,,,PTNRTGZVUW
7120,7496,,,,,,,,PTPNENXZZN
7121,7497,,,,,,,,PTPQQXRNQP
7122,7498,,,,,,,,PTPYWEKAAY
7123,7499,,,,,,,,PTQITNCUGF
7124,7500,,,,,,,,PTQSFYLXIY
7125,7501,,,,,,,,PTSVLFIONZ
7126,7502,,,,,,,,PTTQQHTQTB
7127,7503,,,,,,,,PTULNHQEDV
7128,7504,,,,,,,,PTVFQXQLHG
7129,7505,,,,,,,,PTVOPTPEKP
7130,7506,,,,,,,,PTWBCIDZQZ
7131,7507,,,,,,,,PTWNAQUZNO
7132,7508,,,,,,,,PTWTJVXJTB
7133,7509,,,,,,,,PTXTDMLIGJ
7134,7510,,,,,,,,PUAJKJWCSB
7135,7512,,,,,,,,PUBAVYXEMO
7136,7513,,,,,,,,PUCAADSWCI
7137,7514,,,,,,,,PUHGEATEQG
7138,7515,,,,,,,,PUINEITJVF
7139,7516,,,,,,,,PUNAPSGUSS
7140,7517,,,,,,,,PUOTDYJOUB
7141,7518,,,,,,,,PUQNIJETTP
7142,7519,,,,,,,,PUWIJTDZSG
7143,7520,,,,,,,,PUWUWIIWJT
7144,7521,,,,,,,,PUXVEAMSLJ
7145,7522,,,,,,,,PUYFLVEQYO
7146,7523,,,,,,,,PUYNZCENVK
7147,7524,,,,,,,,PUZRNOHYWG
7148,7525,,,,,,,,PVDXFBWPGM
7149,7526,,,,,,,,PVFQPLOSJQ
7150,7527,,,,,,,,PVGSXWMOMU
7151,7528,,,,,,,,PVHGAYCCTN
7152,7529,,,,,,,,PVKNSNRHWW
7153,7530,,,,,,,,PVLNUFEWGG
7154,7531,,,,,,,,PVMEFAESRK
7155,7532,,,,,,,,PVNZOIFZRJ
7156,7533,,,,,,,,PVQFWXYLGH
7157,7534,,,,,,,,PVQHJGKYUI
7158,7535,,,,,,,,PVRYFUNSRQ
7159,7536,,,,,,,,PVSAJRSYNO
7160,7537,,,,,,,,PVSCWPPLKB
7161,7538,,,,,,,,PVTLRSAXIW
7162,7539,,,,,,,,PVTMUCPXBM
7163,7540,,,,,,,,PVWRGLQXWT
7164,7541,,,,,,,,PVXORSHXIU
7165,7542,,,,,,,,PVYVQBNMCZ
7166,7544,,,,,,,,PVZNOVJCLM
7167,7545,,,,,,,,PVZUIFWDRV
7168,7546,,,,,,,,PVZXTJBTMF
7169,7547,,,,,,,,PWBOQCYPFI
7170,7548,,,,,,,,PWBYJWRMYB
7171,7549,,,,,,,,PWCIFLFPKL
7172,7550,,,,,,,,PWCOHTNUGW
7173,7551,,,,,,,,PWDVEYRCEJ
7174,7552,,,,,,,,PWEQNMVLKW
7175,7553,,,,,,,,PWHAOBGXLY
7176,7554,,,,,,,,PWJGCZACWU
7177,7555,,,,,,,,PWJNUOLOBZ
7178,7556,,,,,,,,PWLBNCBSBG
7179,7557,,,,,,,,PWNQGKFNAH
7180,7558,,,,,,,,PWNZDUBCHL
7181,7559,,,,,,,,PWOELWUEPI
7182,7560,,,,,,,,PWOOKVQVCQ
7183,7561,,,,,,,,PWQBAPOLNV
7184,7562,,,,,,,,PWSIBFQQXN
7185,7563,,,,,,,,PWUTZGHAXG
7186,7564,,,,,,,,PWVKPQVYTP
7187,7565,,,,,,,,PWWVMCNLOI
7188,7566,,,,,,,,PWXITVSRPB
7189,7567,,,,,,,,PWZPUGBHZV
7190,7568,,,,,,,,PXCCDFEYXM
7191,7569,,,,,,,,PXCPOTZQHP
7192,7570,,,,,,,,PXHLYWVNZJ
7193,7571,,,,,,,,PXHOOPFOGB
7194,7572,,,,,,,,PXLHFETYFZ
7195,7573,,,,,,,,PXLNBQAQIX
7196,7574,,,,,,,,PXSBNWRSON
7197,7575,,,,,,,,PXWCVXTCQG
7198,7576,,,,,,,,PXWZWDHPIH
7199,7577,,,,,,,,PXXHEPHSFW
7200,7578,,,,,,,,PXXVDAGDVV
7201,7579,,,,,,,,PXYLFAEYGM
7202,7580,,,,,,,,PYCJHXCSHI
7203,7581,,,,,,,,PYCQOQGBAB
7204,7582,,,,,,,,PYFETGLGKU
7205,7583,,,,,,,,PYHUXIRHZR
7206,7584,,,,,,,,PYINSEVNMD
7207,7585,,,,,,,,PYNAVQKJGN
7208,7586,,,,,,,,PYRFUKQUBF
7209,7587,,,,,,,,PYTLYRSPYI
7210,7588,,,,,,,,PYUPHKCOPB
7211,7589,,,,,,,,PYXIFNVILN
7212,7590,,,,,,,,PZAFGOFCCB
7213,7591,,,,,,,,PZAPGEGBCE
7214,7592,,,,,,,,PZDBQVQCED
7215,7593,,,,,,,,PZGACXKEXZ
7216,7594,,,,,,,,PZGMSNQVYC
7217,7596,,,,,,,,PZGPVPWINS
7218,7597,,,,,,,,PZGVFZWTLN
7219,7599,,,,,,,,PZHMGIDGKB
7220,7600,,,,,,,,PZHMYJDSNR
7221,7601,,,,,,,,PZJFCEOUBF
7222,7602,,,,,,,,PZJGGQXRZL
7223,7603,,,,,,,,PZJLMILWRX
7224,7604,,,,,,,,PZLNGMDSPB
7225,7605,,,,,,,,PZOOXHOLSL
7226,7606,,,,,,,,PZWIOEBPYK
7227,7607,,,,,,,,PZXGTJLYDA
7228,7608,,,,,,,,PZZGLQJFPD
7229,7609,,,,,,,,QAACQTIYCQ
7230,7610,,,,,,,,QADSYOWCAL
7231,7611,,,,,,,,QAEZJOBRYA
7232,7612,,,,,,,,QAFDTRHRTT
7233,7613,,,,,,,,QAFDUQYMUY
7234,7614,,,,,,,,QAFSHBVEPB
7235,7615,,,,,,,,QAIATILNIA
7236,7616,,,,,,,,QAJHMABTTB
7237,7617,,,,,,,,QAMPKKUHES
7238,7619,,,,,,,,QAMZABVICD
7239,7620,,,,,,,,QANIHROXWL
7240,7621,,,,,,,,QANSHJEKZB
7241,7622,,,,,,,,QANXPOJXMW
7242,7623,,,,,,,,QANYRROOGJ
7243,7624,,,,,,,,QAOLPCTEJM
7244,7625,,,,,,,,QARPKMLHIG
7245,7626,,,,,,,,QATHOAMPOD
7246,7627,,,,,,,,QATPXHPRIC
7247,7628,,,,,,,,QAVEQHNLKU
7248,7629,,,,,,,,QAYKYXCOUW
7249,7630,,,,,,,,QAZYCBGWDA
7250,7631,,,,,,,,QBAVKHQHJT
7251,7632,,,,,,,,QBBZCXPVLW
7252,7634,,,,,,,,QBDXNAOOOQ
7253,7635,,,,,,,,QBEJMFOFKK
7254,7636,,,,,,,,QBEUBNMVYA
7255,7637,,,,,,,,QBIUJVIONT
7256,7638,,,,,,,,QBJKHNDKMI
7257,7639,,,,,,,,QBJXQSNSIQ
7258,7640,,,,,,,,QBKPIJNJYF
7259,7641,,,,,,,,QBLOPEZNLK
7260,7642,,,,,,,,QBMCKMQHZA
7261,7643,,,,,,,,QBQQSMGRXG
7262,7644,,,,,,,,QBSMEYRPBW
7263,7645,,,,,,,,QBSPUXTXAY
7264,7646,,,,,,,,QBTHGROAGS
7265,7647,,,,,,,,QBZZUKVNMM
7266,7648,,,,,,,,QCBWDYPFIE
7267,7649,,,,,,,,QCCCOGREUB
7268,7650,,,,,,,,QCCGWWNYFT
7269,7651,,,,,,,,QCCWBWIGZE
7270,7652,,,,,,,,QCCYJHLHLN
7271,7653,,,,,,,,QCDAJQNKJF
7272,7654,,,,,,,,QCEISDJYEW
7273,7655,,,,,,,,QCGEXXLHAU
7274,7656,,,,,,,,QCHNQSATIL
7275,7657,,,,,,,,QCJLMGVTFT
7276,7658,,,,,,,,QCJSGCOKGT
7277,7659,,,,,,,,QCJVAWYIMF
7278,7660,,,,,,,,QCKEBJRPBI
7279,7661,,,,,,,,QCOUWKIIEM
7280,7662,,,,,,,,QCPASFWENC
7281,7663,,,,,,,,QCQJKNKFEL
7282,7664,,,,,,,,QCQNHNMDPA
7283,7665,,,,,,,,QCRINUOKLH
7284,7666,,,,,,,,QCROCUHLXT
7285,7667,,,,,,,,QCUCRESIJY
7286,7668,,,,,,,,QCUPUMJYSC
7287,7669,,,,,,,,QCVGFOTHCH
7288,7670,,,,,,,,QCWFDSZBVK
7289,7671,,,,,,,,QCXGDEIKWN
7290,7672,,,,,,,,QCZDRCZWME
7291,7673,,,,,,,,QDDBWSZOJC
7292,7674,,,,,,,,QDDRPZANYW
7293,7675,,,,,,,,QDEKCXNRRT
7294,7676,,,,,,,,QDFPSZQEGF
7295,7678,,,,,,,,QDFWZQVWQR
7296,7679,,,,,,,,QDJRYOOZUR
7297,7680,,,,,,,,QDMTGKOTAD
7298,7681,,,,,,,,QDOAFZIIST
7299,7682,,,,,,,,QDPUGTZYWD
7300,7683,,,,,,,,QDWSXJPFUJ
7301,7684,,,,,,,,QEBXAGOIKB
7302,7685,,,,,,,,QEEBMJVNWO
7303,7686,,,,,,,,QEFZIATSLH
7304,7687,,,,,,,,QEGOSYNOZS
7305,7688,,,,,,,,QEJJMCDKHG
7306,7689,,,,,,,,QELIQCYXGC
7307,7690,,,,,,,,QELMFZSMPZ
7308,7691,,,,,,,,QEOVTLSUMX
7309,7692,,,,,,,,QEQGBNNEWU
7310,7693,,,,,,,,QERFXQXOTC
7311,7694,,,,,,,,QESPPTVRPO
7312,7695,,,,,,,,QESSCBULEN
7313,7696,,,,,,,,QETSTCSWGU
7314,7697,,,,,,,,QEUXXURLLZ
7315,7698,,,,,,,,QEXCXLJESZ
7316,7699,,,,,,,,QEXXKWNFNO
7317,7701,,,,,,,,QEZYRSDWMB
7318,7702,,,,,,,,QFAPIKAOLF
7319,7703,,,,,,,,QFAZFFKUQG
7320,7704,,,,,,,,QFFNVMKHMF
7321,7705,,,,,,,,QFJPNVFFGP
7322,7706,,,,,,,,QFKMIWQDFA
7323,7707,,,,,,,,QFMJDDIKEN
7324,7708,,,,,,,,QFNVLENFVM
7325,7709,,,,,,,,QFPZBMGOGS
7326,7710,,,,,,,,QFQVGXGDHF
7327,7711,,,,,,,,QFRIEBMDSC
7328,7712,,,,,,,,QFSNWMEPVN
7329,7713,,,,,,,,QFUUYJYMJF
7330,7714,,,,,,,,QGBCVFSGKW
7331,7716,,,,,,,,QGCWYMRBOK
7332,7717,,,,,,,,QGEKVMJCWK
7333,7718,,,,,,,,QGGDGUBOFX
7334,7720,,,,,,,,QGHVCDPHUH
7335,7721,,,,,,,,QGIUYJUOTZ
7336,7722,,,,,,,,QGJPGEOMMY
7337,7723,,,,,,,,QGKMZEHCQN
7338,7724,,,,,,,,QGKVYOPZEP
7339,7725,,,,,,,,QGMJOTIUVD
7340,7726,,,,,,,,QGPKKHPZYO
7341,7727,,,,,,,,QGQWGNQIJQ
7342,7728,,,,,,,,QGUVGKRJWR
7343,7729,,,,,,,,QGWTWCKAJA
7344,7730,,,,,,,,QGWWKLHFVR
7345,7731,,,,,,,,QGYNDWIBRZ
7346,7732,,,,,,,,QGYSGZUUWR
7347,7733,,,,,,,,QGZDHYYYJG
7348,7734,,,,,,,,QHAHQRGHUI
7349,7735,,,,,,,,QHAKOJXJYK
7350,7736,,,,,,,,QHAUXLHUTK
7351,7737,,,,,,,,QHAWZVWIGZ
7352,7738,,,,,,,,QHBGZDUKMY
7353,7739,,,,,,,,QHBHXRKMIY
7354,7740,,,,,,,,QHDLXYSHLT
7355,7741,,,,,,,,QHDRCPXUCL
7356,7742,,,,,,,,QHFTULNYTA
7357,7743,,,,,,,,QHGSELMOCO
7358,7744,,,,,,,,QHGUUKHVBP
7359,7745,,,,,,,,QHHTPXVUMZ
7360,7746,,,,,,,,QHIKUFGTSD
7361,7747,,,,,,,,QHILXDLQUH
7362,7748,,,,,,,,QHKOJPIVXI
7363,7749,,,,,,,,QHLPTTFQSQ
7364,7750,,,,,,,,QHNABCEENU
7365,7751,,,,,,,,QHPLNUDVUR
7366,7752,,,,,,,,QHSHEOOGWR
7367,7753,,,,,,,,QHSLOYWRET
7368,7754,,,,,,,,QHVQXNWYPJ
7369,7755,,,,,,,,QHVTOFVDBH
7370,7756,,,,,,,,QHYPKQEXOI
7371,7757,,,,,,,,QIBFEUIKDW
7372,7758,,,,,,,,QIBIFYCTMH
7373,7759,,,,,,,,QIBQBDUORX
7374,7760,,,,,,,,QICIBDTOQJ
7375,7761,,,,,,,,QIDBWGYDLK
7376,7762,,,,,,,,QIEHSNKPWU
7377,7763,,,,,,,,QIERBLUDNW
7378,7764,,,,,,,,QIESFPGWXE
7379,7765,,,,,,,,QIEVVUFVHN
7380,7766,,,,,,,,QIFLDHSDGS
7381,7767,,,,,,,,QILSLDOJBD
7382,7768,,,,,,,,QINUVSMRGV
7383,7769,,,,,,,,QIOLGSULZT
7384,7770,,,,,,,,QIPINEDDBP
7385,7771,,,,,,,,QIRLGHFEYT
7386,7772,,,,,,,,QIROLKAPLR
7387,7773,,,,,,,,QIVDNKELUA
7388,7774,,,,,,,,QIVENAXNSF
7389,7775,,,,,,,,QIZUJHQSEW
7390,7776,,,,,,,,QJATORMJVR
7391,7777,,,,,,,,QJCSVIUYLX
7392,7778,,,,,,,,QJGONAUSTQ
7393,7779,,,,,,,,QJIFAPHKIQ
7394,7780,,,,,,,,QJKYDKCGEG
7395,7781,,,,,,,,QJPZSAECIN
7396,7782,,,,,,,,QJSGCYMHTY
7397,7783,,,,,,,,QJSTXTMPTI
7398,7784,,,,,,,,QJWOWOFDEK
7399,7785,,,,,,,,QKAOVFWABD
7400,7786,,,,,,,,QKDWKSDIJG
7401,7787,,,,,,,,QKFDTVBABN
7402,7788,,,,,,,,QKIDKZWFWL
7403,7789,,,,,,,,QKITGQBMHX
7404,7790,,,,,,,,QKLMTDCBRY
7405,7791,,,,,,,,QKMWPKJNTX
7406,7792,,,,,,,,QKQNJVZRBX
7407,7793,,,,,,,,QKSEUMUXAZ
7408,7794,,,,,,,,QKSISSQXMU
7409,7795,,,,,,,,QKSRJAMYDS
7410,7796,,,,,,,,QKVSHVVCCL
7411,7797,,,,,,,,QKWQBDYMXH
7412,7798,,,,,,,,QKZMPVPDBX
7413,7799,,,,,,,,QLCBGAHPZX
7414,7800,,,,,,,,QLCFZJOQSU
7415,7801,,,,,,,,QLDABYBCYO
7416,7803,,,,,,,,QLGGYXIRNF
7417,7804,,,,,,,,QLGKASRIGJ
7418,7805,,,,,,,,QLHFMZKQRQ
7419,7806,,,,,,,,QLIBEANJRQ
7420,7807,,,,,,,,QLJCSCYLXL
7421,7808,,,,,,,,QLJDZYCDSS
7422,7809,,,,,,,,QLKQRSWNQY
7423,7810,,,,,,,,QLNMHMGULL
7424,7811,,,,,,,,QLPPGVCFUW
7425,7812,,,,,,,,QLQZOGXAHO
7426,7813,,,,,,,,QLSPILCLFM
7427,7814,,,,,,,,QLUYFWWQTO
7428,7815,,,,,,,,QLWYHLOGAI
7429,7816,,,,,,,,QLYVUFGQHH
7430,7817,,,,,,,,QLZBEBDEGP
7431,7818,,,,,,,,QLZRGKFBNF
7432,7819,,,,,,,,QMFGEBRCOL
7433,7820,,,,,,,,QMFJNMLJJR
7434,7821,,,,,,,,QMHHXJANXT
7435,7822,,,,,,,,QMHPVCUJGC
7436,7823,,,,,,,,QMKESWYGVO
7437,7824,,,,,,,,QMLEAOLDXE
7438,7825,,,,,,,,QMMTQJOXIN
7439,7826,,,,,,,,QMPLFXZSPN
7440,7827,,,,,,,,QMRJIVDRXE
7441,7828,,,,,,,,QMRZFFNXSF
7442,7829,,,,,,,,QMTCBELCXS
7443,7830,,,,,,,,QMTUAFCYRL
7444,7831,,,,,,,,QMZKLYWOPZ
7445,7832,,,,,,,,QNATJPLCEP
7446,7833,,,,,,,,QNAUSBXTPQ
7447,7834,,,,,,,,QNCQDDFNVW
7448,7835,,,,,,,,QNDSBRFPWU
7449,7836,,,,,,,,QNDXBFRMXT
7450,7837,,,,,,,,QNEAXLUDPU
7451,7838,,,,,,,,QNEMVGLZNM
7452,7839,,,,,,,,QNFDBWJHZQ
7453,7840,,,,,,,,QNFLXYRVFG
7454,7841,,,,,,,,QNFQBKMZBC
7455,7842,,,,,,,,QNGOVPTCOA
7456,7843,,,,,,,,QNHKRJKLCW
7457,7844,,,,,,,,QNHSEQRFEQ
7458,7845,,,,,,,,QNKELBAYKQ
7459,7846,,,,,,,,QNKNFCCFDH
7460,7847,,,,,,,,QNKRYMHTAV
7461,7848,,,,,,,,QNLNJTCOHU
7462,7849,,,,,,,,QNNIUGFTKN
7463,7850,,,,,,,,QNQSVXSEUL
7464,7851,,,,,,,,QNRFTRDCGA
7465,7852,,,,,,,,QNRLKUEJLK
7466,7853,,,,,,,,QNRLMPPAZC
7467,7854,,,,,,,,QNRPEUEWBF
7468,7855,,,,,,,,QNRTSXXOLX
7469,7856,,,,,,,,QNVGRVLISQ
7470,7857,,,,,,,,QNWAUBDXHN
7471,7858,,,,,,,,QNWGQLSSQK
7472,7859,,,,,,,,QOCSYNVXXG
7473,7860,,,,,,,,QOEQSBWODL
7474,7861,,,,,,,,QOHIPFPEQX
7475,7862,,,,,,,,QOILIUMNBW
7476,7863,,,,,,,,QOILNRROSL
7477,7864,,,,,,,,QOKHBUMCPU
7478,7866,,,,,,,,QOKKJMLKRM
7479,7867,,,,,,,,QOLOISGCZC
7480,7868,,,,,,,,QOOLWLUCMR
7481,7869,,,,,,,,QOQSICHDTO
7482,7870,,,,,,,,QOTZREFEGP
7483,7871,,,,,,,,QOUQUUETTG
7484,7872,,,,,,,,QOVDCTYYGT
7485,7873,,,,,,,,QOVQJIOZUI
7486,7874,,,,,,,,QPAYSXVIMF
7487,7875,,,,,,,,QPEGZHZCVI
7488,7876,,,,,,,,QPFQCJLANM
7489,7877,,,,,,,,QPFYMZSQXL
7490,7878,,,,,,,,QPGOFHSPFA
7491,7879,,,,,,,,QPGQIXMBML
7492,7880,,,,,,,,QPIZFGTSWJ
7493,7881,,,,,,,,QPKTLLXDIY
7494,7882,,,,,,,,QPNRHCLUZX
7495,7883,,,,,,,,QPOWJQJBXY
7496,7884,,,,,,,,QPQAHULELR
7497,7885,,,,,,,,QPQWBSCLRJ
7498,7886,,,,,,,,QPVDKMKDWV
7499,7887,,,,,,,,QPWQRDXMTU
7500,7888,,,,,,,,QPXNKXRBVG
7501,7889,,,,,,,,QPXVHEQOTH
7502,7890,,,,,,,,QPXZPODETE
7503,7891,,,,,,,,QPYNGGAMBO
7504,7892,,,,,,,,QQBXJKEQTP
7505,7893,,,,,,,,QQCETARZIQ
7506,7894,,,,,,,,QQFBVHXAAL
7507,7895,,,,,,,,QQHFFWUXYH
7508,7896,,,,,,,,QQJTPMCJII
7509,7897,,,,,,,,QQREMTBZAS
7510,7898,,,,,,,,QQTWXXNPFL
7511,7899,,,,,,,,QQWNIGXFKP
7512,7900,,,,,,,,QRARSJAADR
7513,7901,,,,,,,,QRCGUNLNAX
7514,7902,,,,,,,,QRDPVWHUSF
7515,7903,,,,,,,,QRFNWMRTGY
7516,7904,,,,,,,,QRGOQVVJFN
7517,7906,,,,,,,,QRJPLCYRBH
7518,7907,,,,,,,,QRKRGJBOHK
7519,7908,,,,,,,,QRNGPQIMGX
7520,7909,,,,,,,,QROAAKHAXM
7521,7910,,,,,,,,QRPYYNENMY
7522,7911,,,,,,,,QRQGKJTCYM
7523,7912,,,,,,,,QRUIBYETQS
7524,7913,,,,,,,,QRUPRXHLHK
7525,7914,,,,,,,,QRXCXYXKLG
7526,7915,,,,,,,,QRXOVBZHUB
7527,7916,,,,,,,,QRYEBMBBKK
7528,7917,,,,,,,,QSADLFLHVH
7529,7918,,,,,,,,QSCZIWJQQV
7530,7919,,,,,,,,QSDGSTBVPV
7531,7920,,,,,,,,QSEFKIJHRL
7532,7921,,,,,,,,QSGYKNWJSA
7533,7922,,,,,,,,QSKEDPRJHG
7534,7923,,,,,,,,QSKFVCPSTJ
7535,7924,,,,,,,,QSNBJEDAVX
7536,7925,,,,,,,,QSOQXXGSHR
7537,7926,,,,,,,,QSPBPZMUQD
7538,7927,,,,,,,,QSPGSPIGKQ
7539,7928,,,,,,,,QSPMPEVICI
7540,7929,,,,,,,,QSRIZAEQGO
7541,7930,,,,,,,,QSRUSYPHID
7542,7931,,,,,,,,QSUXXOUDAP
7543,7932,,,,,,,,QSWDHEDVGS
7544,7933,,,,,,,,QSZAACPKYW
7545,7934,,,,,,,,QTAZKXSVZV
7546,7935,,,,,,,,QTCOWPJDOZ
7547,7936,,,,,,,,QTDLLGHVKB
7548,7937,,,,,,,,QTEIIAXAGK
7549,7938,,,,,,,,QTEQRIWFHZ
7550,7939,,,,,,,,QTGESROWJR
7551,7940,,,,,,,,QTGLNMYJVA
7552,7941,,,,,,,,QTHEFKGENK
7553,7942,,,,,,,,QTJDKCPKAR
7554,7943,,,,,,,,QTKQIIZFMH
7555,7944,,,,,,,,QTQVLEDNVT
7556,7945,,,,,,,,QTUDNETHCD
7557,7946,,,,,,,,QTUDQORTJX
7558,7947,,,,,,,,QTVRTYHFWM
7559,7948,,,,,,,,QTWHYJKTUV
7560,7949,,,,,,,,QTXJMSKIBS
7561,7951,,,,,,,,QTXQHBWLMD
7562,7952,,,,,,,,QTXVHQZAEX
7563,7953,,,,,,,,QTXVVPYKHO
7564,7954,,,,,,,,QTZLUZFXUT
7565,7955,,,,,,,,QUBTVYROFG
7566,7956,,,,,,,,QUDWBNGRNB
7567,7957,,,,,,,,QUDZNUWIGL
7568,7958,,,,,,,,QUELWMVFBK
7569,7959,,,,,,,,QUEVCSEEJG
7570,7960,,,,,,,,QUFLAXZPQD
7571,7961,,,,,,,,QUFTFCISGA
7572,7962,,,,,,,,QUHKWIBZPY
7573,7963,,,,,,,,QUIIVTJZRB
7574,7964,,,,,,,,QUJOZLPMMO
7575,7965,,,,,,,,QUJXZSIFRN
7576,7966,,,,,,,,QUKEBNXLKB
7577,7967,,,,,,,,QUOOSPYTEG
7578,7968,,,,,,,,QUQZXAHPLB
7579,7969,,,,,,,,QUSXUJOUIX
7580,7971,,,,,,,,QUTJLQSMBU
7581,7972,,,,,,,,QUXPBFSLRY
7582,7973,,,,,,,,QUYJONJZKF
7583,7974,,,,,,,,QUYXBJLZMC
7584,7975,,,,,,,,QVBFPJUVXK
7585,7976,,,,,,,,QVCBUXDHYC
7586,7977,,,,,,,,QVCSAAPOJL
7587,7978,,,,,,,,QVGZHZNWVM
7588,7979,,,,,,,,QVHIFTSZZT
7589,7980,,,,,,,,QVHQOUMRYO
7590,7981,,,,,,,,QVHYAYFJIB
7591,7982,,,,,,,,QVHZVGCOLD
7592,7983,,,,,,,,QVIQNFNPKX
7593,7984,,,,,,,,QVKPASDBVW
7594,7985,,,,,,,,QVLANVFOZR
7595,7986,,,,,,,,QVOLASFSHV
7596,7987,,,,,,,,QVOUSXBSBM
7597,7988,,,,,,,,QVQRIDENZA
7598,7989,,,,,,,,QVSFYLJJDF
7599,7990,,,,,,,,QVSIPFAMOE
7600,7991,,,,,,,,QVTANECXBG
7601,7992,,,,,,,,QVVQPXWZTR
7602,7993,,,,,,,,QVVTLPABUU
7603,7994,,,,,,,,QVXCSETRMI
7604,7995,,,,,,,,QWAXJNFADB
7605,7996,,,,,,,,QWBRAZDFDI
7606,7997,,,,,,,,QWBXWWGPKH
7607,7998,,,,,,,,QWCDIYEUCR
7608,7999,,,,,,,,QWCKBFCZDH
7609,8000,,,,,,,,QWDZXYWTIN
7610,8001,,,,,,,,QWGIXFBIRS
7611,8002,,,,,,,,QWGJAUIAND
7612,8003,,,,,,,,QWHNYNOITP
7613,8004,,,,,,,,QWHVEDHUNC
7614,8005,,,,,,,,QWJAGLIBZN
7615,8006,,,,,,,,QWJJJFTFOP
7616,8007,,,,,,,,QWKWNSZGAK
7617,8008,,,,,,,,QWNYTQTBVW
7618,8009,,,,,,,,QWRXHEYCZZ
7619,8010,,,,,,,,QWUSCXDSLU
7620,8011,,,,,,,,QWWCHPUMYJ
7621,8012,,,,,,,,QWWCPEPEHR
7622,8013,,,,,,,,QWYRMOAKEI
7623,8014,,,,,,,,QWZYXZFPPE
7624,8015,,,,,,,,QXHHHZPIQV
7625,8016,,,,,,,,QXJUKBRPLC
7626,8017,,,,,,,,QXMLVBJSTM
7627,8018,,,,,,,,QXNXMDPXSS
7628,8019,,,,,,,,QXPESSNDBB
7629,8020,,,,,,,,QXPUTKZAYO
7630,8021,,,,,,,,QXQJXMLDPM
7631,8022,,,,,,,,QXRTFOFZAT
7632,8023,,,,,,,,QXSONUHCZV
7633,8024,,,,,,,,QXSUGSBJVF
7634,8025,,,,,,,,QXTBAYGWUO
7635,8026,,,,,,,,QXURHZYNNR
7636,8027,,,,,,,,QXVAJGUUES
7637,8028,,,,,,,,QXVIISKSBH
7638,8029,,,,,,,,QXWYIFYPBD
7639,8030,,,,,,,,QXYOXXROLA
7640,8031,,,,,,,,QXZEEQGIPW
7641,8032,,,,,,,,QXZOZPIDPQ
7642,8033,,,,,,,,QYBFQOHBPL
7643,8034,,,,,,,,QYCQRKKGSS
7644,8035,,,,,,,,QYDZUSFEKD
7645,8036,,,,,,,,QYEEIFPGLY
7646,8037,,,,,,,,QYEWQHJTMR
7647,8038,,,,,,,,QYIODACFRS
7648,8041,,,,,,,,QYOEIBKECS
7649,8042,,,,,,,,QYOXEPYYJF
7650,8043,,,,,,,,QYQBPADJQX
7651,8044,,,,,,,,QYSDSNGYBS
7652,8045,,,,,,,,QYSNBZMJBX
7653,8046,,,,,,,,QYTZJRDRIM
7654,8047,,,,,,,,QYVJCSZEUB
7655,8048,,,,,,,,QYWVCWTIJX
7656,8049,,,,,,,,QYYJKNAZSU
7657,8050,,,,,,,,QYZKDORGMH
7658,8051,,,,,,,,QZCLOKPIZH
7659,8053,,,,,,,,QZCNTSXDPZ
7660,8054,,,,,,,,QZDXDOWPRN
7661,8055,,,,,,,,QZJAJHNUWQ
7662,8056,,,,,,,,QZJOSNLYZU
7663,8057,,,,,,,,QZLALRUZIV
7664,8058,,,,,,,,QZLRESVIMZ
7665,8059,,,,,,,,QZNBLNFDIL
7666,8060,,,,,,,,QZQVFXYHYC
7667,8061,,,,,,,,QZUMECTBEH
7668,8062,,,,,,,,QZVNMECMLZ
7669,8063,,,,,,,,QZWRNEBZOX
7670,8065,,,,,,,,RAAEYCEOEG
7671,8066,,,,,,,,RAANWYALUG
7672,8067,,,,,,,,RABFDEXFSE
7673,8068,,,,,,,,RABZOTZSGF
7674,8069,,,,,,,,RAGLACRYCE
7675,8070,,,,,,,,RALJVLNMUT
7676,8071,,,,,,,,RANIYZSKFA
7677,8072,,,,,,,,RANNCUJOYH
7678,8073,,,,,,,,RAQPIAVZUF
7679,8074,,,,,,,,RASOECTAUP
7680,8075,,,,,,,,RAVORCNJIV
7681,8076,,,,,,,,RAWRLSBOAQ
7682,8077,,,,,,,,RAYFLWJPLY
7683,8078,,,,,,,,RAYUVEIMLJ
7684,8079,,,,,,,,RBCNUULEEE
7685,8080,,,,,,,,RBDAEQFHLJ
7686,8081,,,,,,,,RBEGRNHFQC
7687,8082,,,,,,,,RBFIBQYXXK
7688,8083,,,,,,,,RBGRFYWTLH
7689,8084,,,,,,,,RBGYEYHYLW
7690,8085,,,,,,,,RBHGVHJYCL
7691,8087,,,,,,,,RBJDPJNHCY
7692,8088,,,,,,,,RBKADVAFUZ
7693,8089,,,,,,,,RBKXIEBABT
7694,8090,,,,,,,,RBMUCPCXYL
7695,8091,,,,,,,,RBRWZROFUK
7696,8092,,,,,,,,RBTBHXJHUJ
7697,8094,,,,,,,,RBTPAYQTVL
7698,8095,,,,,,,,RBUWVMOKPV
7699,8096,,,,,,,,RBWBQUGGQE
7700,8097,,,,,,,,RBZPDZFCBR
7701,8098,,,,,,,,RCBNLUZLQM
7702,8099,,,,,,,,RCDFVDPVYL
7703,8100,,,,,,,,RCDPNWZSQN
7704,8102,,,,,,,,RCEZYFFHFR
7705,8103,,,,,,,,RCFSJGRKAM
7706,8104,,,,,,,,RCHBBHXNVX
7707,8105,,,,,,,,RCIHOEOPCF
7708,8106,,,,,,,,RCIZKXBUZU
7709,8107,,,,,,,,RCKRIWCMEY
7710,8108,,,,,,,,RCMIYLQHOW
7711,8109,,,,,,,,RCMJALCQOT
7712,8110,,,,,,,,RCMRKZFZCQ
7713,8111,,,,,,,,RCNMCUKTSN
7714,8113,,,,,,,,RCNOXVBTEQ
7715,8114,,,,,,,,RCPAGHYVAI
7716,8115,,,,,,,,RCTKLOCQSP
7717,8116,,,,,,,,RCWYPPZUAL
7718,8117,,,,,,,,RCYKCWHTYA
7719,8118,,,,,,,,RCZALILXPS
7720,8119,,,,,,,,RDADJVHIIP
7721,8120,,,,,,,,RDBMNGWWKA
7722,8121,,,,,,,,RDCGUYDEIC
7723,8122,,,,,,,,RDCUUYDYMB
7724,8123,,,,,,,,RDDTFBKJQR
7725,8124,,,,,,,,RDEOKSZSSY
7726,8125,,,,,,,,RDJQDIHQUS
7727,8126,,,,,,,,RDLOJELSMM
7728,8127,,,,,,,,RDNAUANLFH
7729,8128,,,,,,,,RDOOYTSPJW
7730,8129,,,,,,,,RDPYIQZBMC
7731,8130,,,,,,,,RDQCEPLWPH
7732,8131,,,,,,,,RDQCMBDBED
7733,8133,,,,,,,,RDQIKTNAHK
7734,8134,,,,,,,,RDSCXNRSCF
7735,8135,,,,,,,,RDUEMWVIMH
7736,8136,,,,,,,,RDVSGKMHKJ
7737,8138,,,,,,,,RDYHYXSXXN
7738,8139,,,,,,,,REAWTNXNRO
7739,8140,,,,,,,,REBMTNMMRX
7740,8141,,,,,,,,REBSMLGTTT
7741,8142,,,,,,,,REEHDENUVI
7742,8143,,,,,,,,REKFJEBIOX
7743,8145,,,,,,,,RELVXQBHIA
7744,8146,,,,,,,,REPDYGPASW
7745,8147,,,,,,,,REQCPILIYT
7746,8148,,,,,,,,REUNDRQZMM
7747,8149,,,,,,,,REVAKLEGNI
7748,8150,,,,,,,,REVBRDVPVS
7749,8151,,,,,,,,REVEATQYWD
7750,8152,,,,,,,,REXPZLADOG
7751,8153,,,,,,,,REYBGTVOKY
7752,8154,,,,,,,,REYDKZPVOU
7753,8155,,,,,,,,RFBDSQGHMI
7754,8156,,,,,,,,RFBTKITCBA
7755,8157,,,,,,,,RFDEWSCEGC
7756,8158,,,,,,,,RFDUKDNJKS
7757,8159,,,,,,,,RFEIPROXGO
7758,8161,,,,,,,,RFEZGLNZZP
7759,8162,,,,,,,,RFHDIOFWYJ
7760,8163,,,,,,,,RFJIQSYJUC
7761,8164,,,,,,,,RFKCWKYIAC
7762,8165,,,,,,,,RFKERUBDLQ
7763,8166,,,,,,,,RFLDYAFNWP
7764,8167,,,,,,,,RFLUQKPDNR
7765,8168,,,,,,,,RFMAKJNCDW
7766,8169,,,,,,,,RFRVKSNIBX
7767,8170,,,,,,,,RFSPTGRSXF
7768,8171,,,,,,,,RFSZVXAEPA
7769,8172,,,,,,,,RFTSZVCCAS
7770,8173,,,,,,,,RFVCNZPVBS
7771,8174,,,,,,,,RFVOCKIHGP
7772,8175,,,,,,,,RFVVDJFEMQ
7773,8176,,,,,,,,RFWIUYUCPV
7774,8177,,,,,,,,RFZTQJVXZL
7775,8178,,,,,,,,RGAVPABSGW
7776,8179,,,,,,,,RGAWTLZLOA
7777,8180,,,,,,,,RGBJQNGEIG
7778,8181,,,,,,,,RGCEQUHTAB
7779,8182,,,,,,,,RGEDZASBRA
7780,8184,,,,,,,,RGFFCBYMJL
7781,8185,,,,,,,,RGGNSBXIZX
7782,8186,,,,,,,,RGGPLYMCMT
7783,8187,,,,,,,,RGHPIRTDMU
7784,8188,,,,,,,,RGIYEXSOAY
7785,8189,,,,,,,,RGKHMWRUXA
7786,8190,,,,,,,,RGKKXPAAGB
7787,8191,,,,,,,,RGKVJTEFWA
7788,8192,,,,,,,,RGNBOYKHPC
7789,8193,,,,,,,,RGOQOZZZUP
7790,8194,,,,,,,,RGSFCSVCHP
7791,8195,,,,,,,,RGWHRPUBUB
7792,8196,,,,,,,,RGXMHGDZRL
7793,8197,,,,,,,,RGZIPMEHBE
7794,8198,,,,,,,,RHDPKXKXOH
7795,8199,,,,,,,,RHDQKVSWWH
7796,8200,,,,,,,,RHDSRWPELB
7797,8201,,,,,,,,RHDXWWJWIV
7798,8202,,,,,,,,RHEQMSIWQS
7799,8203,,,,,,,,RHFUUDIWOO
7800,8204,,,,,,,,RHGLCXHIYB
7801,8205,,,,,,,,RHGYMKGTTL
7802,8206,,,,,,,,RHKILMYMZV
7803,8207,,,,,,,,RHLIMQLCIX
7804,8208,,,,,,,,RHLMYSPTIJ
7805,8209,,,,,,,,RHSSWPNMJX
7806,8210,,,,,,,,RHTZXRZCKM
7807,8211,,,,,,,,RHUSLEKSYR
7808,8212,,,,,,,,RHVCAJLGUH
7809,8213,,,,,,,,RHVKUTMHDF
7810,8214,,,,,,,,RHYVOLYXVL
7811,8215,,,,,,,,RIATJBNETE
7812,8216,,,,,,,,RIBZWIVMJQ
7813,8217,,,,,,,,RICENYOFYK
7814,8218,,,,,,,,RICXGKUFDD
7815,8219,,,,,,,,RIEEUYXAEC
7816,8220,,,,,,,,RIEHPZQXNU
7817,8221,,,,,,,,RIHCDOBHEQ
7818,8222,,,,,,,,RIOYZGCQSC
7819,8223,,,,,,,,RIPGVUMGIW
7820,8224,,,,,,,,RIQYRHEUWK
7821,8225,,,,,,,,RIRQDVECOT
7822,8226,,,,,,,,RITOGEJBWU
7823,8227,,,,,,,,RITQMVEEWY
7824,8228,,,,,,,,RIUNCAUPGX
7825,8229,,,,,,,,RIWJUROJCX
7826,8230,,,,,,,,RIXHGCSLTI
7827,8231,,,,,,,,RIXJTOTQTN
7828,8232,,,,,,,,RIZPFSSAIJ
7829,8233,,,,,,,,RJBHYAJXXH
7830,8234,,,,,,,,RJFBLFKKBG
7831,8235,,,,,,,,RJFUUQBMXW
7832,8236,,,,,,,,RJGFIJJORJ
7833,8237,,,,,,,,RJGMTXOGML
7834,8238,,,,,,,,RJHNYVKGFT
7835,8239,,,,,,,,RJHPJFJXRU
7836,8240,,,,,,,,RJISFSBNJB
7837,8241,,,,,,,,RJMQJYONFX
7838,8242,,,,,,,,RJNVZNOACT
7839,8243,,,,,,,,RJNXYINCQU
7840,8244,,,,,,,,RJOAMEFMOW
7841,8245,,,,,,,,RJOHYVEIPU
7842,8246,,,,,,,,RJPQIQLBMQ
7843,8247,,,,,,,,RJQFRLSBAH
7844,8248,,,,,,,,RJQKDATVHM
7845,8249,,,,,,,,RJRHJOXXAB
7846,8250,,,,,,,,RJTBMLOHOX
7847,8252,,,,,,,,RJTSGKGUPC
7848,8253,,,,,,,,RJUAYIQTAV
7849,8254,,,,,,,,RJVAMHQEWC
7850,8255,,,,,,,,RJVXMZFZXY
7851,8256,,,,,,,,RJWANESUFZ
7852,8258,,,,,,,,RJWEBRBYFX
7853,8259,,,,,,,,RJWJAHXEVP
7854,8260,,,,,,,,RJZGYXZZON
7855,8261,,,,,,,,RJZLQWBQLN
7856,8262,,,,,,,,RJZNIUTQRN
7857,8263,,,,,,,,RJZXLVXOHM
7858,8264,,,,,,,,RKBQPYUENF
7859,8265,,,,,,,,RKCPKHJAJS
7860,8266,,,,,,,,RKEGOKJKFH
7861,8267,,,,,,,,RKGNYCJQCP
7862,8268,,,,,,,,RKJHKRBHSJ
7863,8269,,,,,,,,RKKJHRSHGN
7864,8270,,,,,,,,RKNDKLIERK
7865,8271,,,,,,,,RKOGZVKLNC
7866,8272,,,,,,,,RKOJWLESFX
7867,8273,,,,,,,,RKPIUXXHCU
7868,8274,,,,,,,,RKPYEGSHXA
7869,8275,,,,,,,,RKQPEXPUUF
7870,8276,,,,,,,,RKTIUTWWHV
7871,8277,,,,,,,,RKTLORWJTH
7872,8278,,,,,,,,RKTMLCZFVU
7873,8279,,,,,,,,RKTTEQABLF
7874,8280,,,,,,,,RKTTJZKZPW
7875,8282,,,,,,,,RKVZVERVXV
7876,8283,,,,,,,,RKWLMJIXBJ
7877,8284,,,,,,,,RKXJYJNXLH
7878,8285,,,,,,,,RKXKXRUCUG
7879,8286,,,,,,,,RKYBINLFCR
7880,8287,,,,,,,,RKZAIIJDKE
7881,8288,,,,,,,,RKZAOWXFRQ
7882,8289,,,,,,,,RKZWDWARVA
7883,8291,,,,,,,,RKZXBURZVH
7884,8292,,,,,,,,RLAAYILXQU
7885,8293,,,,,,,,RLCKHJMQSM
7886,8294,,,,,,,,RLFXTJVJYA
7887,8295,,,,,,,,RLHCPJMYMQ
7888,8296,,,,,,,,RLLKCFPMKD
7889,8297,,,,,,,,RLOAZLMXNO
7890,8298,,,,,,,,RLPBUDYGVR
7891,8299,,,,,,,,RLQBUOHOVM
7892,8300,,,,,,,,RLQMPBJCVV
7893,8301,,,,,,,,RLSRDAVZLL
7894,8302,,,,,,,,RLTECSFCEW
7895,8303,,,,,,,,RLTRZMENQZ
7896,8304,,,,,,,,RLVKVCOOMF
7897,8305,,,,,,,,RLYADWFJOZ
7898,8306,,,,,,,,RLZJITABBI
7899,8307,,,,,,,,RMAHIFDXHI
7900,8308,,,,,,,,RMDHAQTOAW
7901,8309,,,,,,,,RMERECPBTJ
7902,8310,,,,,,,,RMHQOXYFND
7903,8311,,,,,,,,RMJJJGRXKK
7904,8312,,,,,,,,RMKBGYUNLU
7905,8313,,,,,,,,RMKRDIQMEI
7906,8314,,,,,,,,RMLYHTQODI
7907,8315,,,,,,,,RMNSKXAENG
7908,8316,,,,,,,,RMOOYAAXLW
7909,8317,,,,,,,,RMPKWUQFGU
7910,8318,,,,,,,,RMQUPTIXDE
7911,8319,,,,,,,,RMRLWKKEUD
7912,8320,,,,,,,,RMUMWAZBVV
7913,8321,,,,,,,,RMVCHMLFJG
7914,8322,,,,,,,,RNCNFWAUDR
7915,8323,,,,,,,,RNDVWEXHAD
7916,8324,,,,,,,,RNGNCFUSSZ
7917,8325,,,,,,,,RNIVXOUWVK
7918,8326,,,,,,,,RNKFBCPABZ
7919,8327,,,,,,,,RNLPYHOXDV
7920,8328,,,,,,,,RNMNHPBZFV
7921,8329,,,,,,,,RNNNVMWBVO
7922,8330,,,,,,,,RNOWWUBJUP
7923,8331,,,,,,,,RNPBFKXRRO
7924,8332,,,,,,,,RNPBRFDQDX
7925,8333,,,,,,,,RNPSUXOQQS
7926,8334,,,,,,,,RNPYTQGTCB
7927,8335,,,,,,,,RNSNFCKKIW
7928,8336,,,,,,,,RNUUADOEBM
7929,8337,,,,,,,,RNVHBPJELP
7930,8338,,,,,,,,RNWOJMJLOU
7931,8339,,,,,,,,RNXBCIDIHH
7932,8340,,,,,,,,RNXRYJRKZY
7933,8341,,,,,,,,RNZZEGXKTJ
7934,8342,,,,,,,,ROASCAMJWN
7935,8343,,,,,,,,ROCZFGSMHL
7936,8345,,,,,,,,RODGXOEGLF
7937,8346,,,,,,,,ROEQCSROWA
7938,8347,,,,,,,,ROFIPFQPAT
7939,8348,,,,,,,,ROINXLVQDB
7940,8349,,,,,,,,ROJVKPPACP
7941,8350,,,,,,,,ROKPCZPMPC
7942,8351,,,,,,,,RONOBRKBAN
7943,8352,,,,,,,,RONSSYMXMS
7944,8353,,,,,,,,ROOLKIGWKR
7945,8354,,,,,,,,ROSHCINZMZ
7946,8355,,,,,,,,ROTNCFYQUY
7947,8356,,,,,,,,ROVGLTVJNL
7948,8357,,,,,,,,ROVPWNRIJA
7949,8358,,,,,,,,RPADPWZFUW
7950,8359,,,,,,,,RPBXEZQAXD
7951,8360,,,,,,,,RPCBUHERIS
7952,8361,,,,,,,,RPCRUJLHNP
7953,8362,,,,,,,,RPHRQPAMPX
7954,8363,,,,,,,,RPIZTGLJMX
7955,8364,,,,,,,,RPJUZVFENL
7956,8365,,,,,,,,RPJZHGLTRC
7957,8366,,,,,,,,RPMZYRFMZF
7958,8367,,,,,,,,RPSQTVQWVL
7959,8368,,,,,,,,RPTMLUQOGO
7960,8369,,,,,,,,RPUXZPTFEA
7961,8370,,,,,,,,RPWMLAOIBT
7962,8371,,,,,,,,RPYBRNLEZS
7963,8372,,,,,,,,RPZHPPLJSH
7964,8373,,,,,,,,RQAKMOWYGH
7965,8374,,,,,,,,RQEHJHVERJ
7966,8375,,,,,,,,RQEUIMATVD
7967,8376,,,,,,,,RQFBBNVDXL
7968,8377,,,,,,,,RQFFFUVVSE
7969,8378,,,,,,,,RQFTEVXMPY
7970,8379,,,,,,,,RQFYXAEDBX
7971,8380,,,,,,,,RQHBWUWPOH
7972,8381,,,,,,,,RQIKBVPREN
7973,8382,,,,,,,,RQLGYUCUDQ
7974,8383,,,,,,,,RQMESIADTB
7975,8384,,,,,,,,RQNNAMDTXD
7976,8385,,,,,,,,RQQGPRYMZK
7977,8387,,,,,,,,RQQXDNPBLG
7978,8388,,,,,,,,RQRGECBENO
7979,8389,,,,,,,,RQSIKCZRDO
7980,8390,,,,,,,,RQSVCECWUR
7981,8391,,,,,,,,RQVXVESISM
7982,8393,,,,,,,,RQXYMXLNYI
7983,8394,,,,,,,,RQZZPECAAW
7984,8395,,,,,,,,RRCPAQMVKL
7985,8396,,,,,,,,RRECNPBTEB
7986,8397,,,,,,,,RRGHSHBJIK
7987,8398,,,,,,,,RRGLSDIUJW
7988,8400,,,,,,,,RRGQRODMBI
7989,8401,,,,,,,,RRHIJXCZOY
7990,8402,,,,,,,,RRJJXRMKPL
7991,8403,,,,,,,,RRJTSENMWF
7992,8404,,,,,,,,RRKTKSRPMQ
7993,8405,,,,,,,,RRMELXCHFA
7994,8406,,,,,,,,RRTSAHTOCC
7995,8407,,,,,,,,RRVZREBVEO
7996,8408,,,,,,,,RRWUIJDHAO
7997,8409,,,,,,,,RRXNJHWUMP
7998,8410,,,,,,,,RSBCBCUVPC
7999,8412,,,,,,,,RSCAJEQHJX
8000,8413,,,,,,,,RSCKPPZUWE
8001,8414,,,,,,,,RSFGIEONQE
8002,8415,,,,,,,,RSIFJSLTFF
8003,8416,,,,,,,,RSNBTHJZAI
8004,8417,,,,,,,,RSNOQDEAFR
8005,8418,,,,,,,,RSOXEOUEVP
8006,8419,,,,,,,,RSTHOPFJCK
8007,8420,,,,,,,,RSTTBRHYJC
8008,8421,,,,,,,,RSWDFTXHQJ
8009,8422,,,,,,,,RSWKXRBRMS
8010,8423,,,,,,,,RSXGQZXPIQ
8011,8424,,,,,,,,RSYCYSEGTR
8012,8425,,,,,,,,RSYHQLUNRJ
8013,8426,,,,,,,,RSZBUXZOHI
8014,8428,,,,,,,,RTAQGXBSDO
8015,8429,,,,,,,,RTBGGXBTTX
8016,8430,,,,,,,,RTEGAVBTOO
8017,8431,,,,,,,,RTFHONVZUU
8018,8432,,,,,,,,RTGBEMFZNO
8019,8433,,,,,,,,RTGSSMCALC
8020,8435,,,,,,,,RTHACQWCEA
8021,8436,,,,,,,,RTIBCWOSZD
8022,8437,,,,,,,,RTJABCZVIL
8023,8438,,,,,,,,RTKCIBMTTI
8024,8439,,,,,,,,RTKSNWZRDM
8025,8440,,,,,,,,RTKXUYGATG
8026,8441,,,,,,,,RTMOSIWTUZ
8027,8442,,,,,,,,RTQIXCYBDV
8028,8443,,,,,,,,RTTKOUSIFR
8029,8444,,,,,,,,RTTVAECBCD
8030,8445,,,,,,,,RTUHGJGXVQ
8031,8446,,,,,,,,RTWIUWYGKP
8032,8447,,,,,,,,RTXLIBPYVE
8033,8448,,,,,,,,RUADGLDMZJ
8034,8449,,,,,,,,RUAGDUBDRC
8035,8450,,,,,,,,RUBEYQCJBJ
8036,8451,,,,,,,,RUBSTBBOWZ
8037,8452,,,,,,,,RUENBQWBTY
8038,8453,,,,,,,,RUFAQXKBCW
8039,8454,,,,,,,,RUFJKECIXS
8040,8455,,,,,,,,RUGNVIMWEB
8041,8456,,,,,,,,RUGPRJFTUT
8042,8457,,,,,,,,RUGQQSICJN
8043,8459,,,,,,,,RUIJUQHVFW
8044,8461,,,,,,,,RUJUKVGYTJ
8045,8462,,,,,,,,RUKGXYNKIG
8046,8463,,,,,,,,RUKJYTXSKG
8047,8465,,,,,,,,RUNCFNOQMA
8048,8466,,,,,,,,RUOYQALNOJ
8049,8467,,,,,,,,RUQHWTWNTS
8050,8468,,,,,,,,RUQKWTGGZW
8051,8469,,,,,,,,RURBHVVJOI
8052,8470,,,,,,,,RUSAKXGRYP
8053,8471,,,,,,,,RUTPPQTERH
8054,8472,,,,,,,,RUUGCPKQAV
8055,8473,,,,,,,,RUVBKQFKLV
8056,8474,,,,,,,,RUVJMKXQTA
8057,8475,,,,,,,,RUVKSOPDJO
8058,8476,,,,,,,,RUVTQMCOOW
8059,8477,,,,,,,,RUXBGNGNDV
8060,8478,,,,,,,,RUXDETBMYK
8061,8480,,,,,,,,RUYGZYNESD
8062,8481,,,,,,,,RVASCJYIJA
8063,8482,,,,,,,,RVBDWLYLTY
8064,8483,,,,,,,,RVBQTRKGXL
8065,8484,,,,,,,,RVDGERWHMP
8066,8485,,,,,,,,RVDHWKWHBR
8067,8486,,,,,,,,RVENOBWFUR
8068,8487,,,,,,,,RVGNCLYCFL
8069,8488,,,,,,,,RVIVSDVXMI
8070,8489,,,,,,,,RVMSZZDPNQ
8071,8490,,,,,,,,RVMVGHFUCU
8072,8491,,,,,,,,RVMYWKXHJP
8073,8492,,,,,,,,RVNAAXUYOX
8074,8493,,,,,,,,RVODJCZYPI
8075,8494,,,,,,,,RVRVBZZLLV
8076,8497,,,,,,,,RVTKLZMQBV
8077,8498,,,,,,,,RVTKYPJXNN
8078,8499,,,,,,,,RVVZWBJCDP
8079,8500,,,,,,,,RVWPMYSYUX
8080,8501,,,,,,,,RWAHYEWWIJ
8081,8502,,,,,,,,RWBRAWMSYD
8082,8504,,,,,,,,RWCDZEJIRM
8083,8505,,,,,,,,RWEBTHOVUJ
8084,8506,,,,,,,,RWJHCLKTGD
8085,8507,,,,,,,,RWKXFKQBBS
8086,8508,,,,,,,,RWNAOXGDLV
8087,8509,,,,,,,,RWNTBHODOS
8088,8510,,,,,,,,RWOFRQNNBJ
8089,8511,,,,,,,,RWQKNZRIVB
8090,8512,,,,,,,,RWTXAWGOYQ
8091,8513,,,,,,,,RWXCFRGYZV
8092,8514,,,,,,,,RWYSLYARMV
8093,8515,,,,,,,,RXBNRKEXIB
8094,8517,,,,,,,,RXBTHJJRKY
8095,8518,,,,,,,,RXBUYCJXCK
8096,8519,,,,,,,,RXBXAVSQAH
8097,8520,,,,,,,,RXCRLMTNUZ
8098,8521,,,,,,,,RXDXXBXPRD
8099,8522,,,,,,,,RXGDSUZSHK
8100,8523,,,,,,,,RXGYYUQRRJ
8101,8524,,,,,,,,RXILDDNSTZ
8102,8525,,,,,,,,RXIQBIBPRU
8103,8526,,,,,,,,RXIWXUFSEF
8104,8527,,,,,,,,RXJVGYGJWA
8105,8528,,,,,,,,RXKVLJOFZA
8106,8529,,,,,,,,RXMMFQFALF
8107,8530,,,,,,,,RXPWDMALMX
8108,8531,,,,,,,,RXQTQZOLIK
8109,8532,,,,,,,,RXSBHZUZZJ
8110,8533,,,,,,,,RXSFAFBHIM
8111,8534,,,,,,,,RXTINYDISD
8112,8535,,,,,,,,RXUXKSBYZQ
8113,8536,,,,,,,,RXWCKGZBDN
8114,8537,,,,,,,,RXXHHRNGYT
8115,8538,,,,,,,,RYBGNWWCOE
8116,8539,,,,,,,,RYIVXCFEEU
8117,8540,,,,,,,,RYKPGVCXBA
8118,8541,,,,,,,,RYKPQLIURD
8119,8542,,,,,,,,RYKZEFGDBO
8120,8543,,,,,,,,RYODWAJVFJ
8121,8544,,,,,,,,RYRXEWJVJX
8122,8545,,,,,,,,RYSMBNOMLO
8123,8546,,,,,,,,RYTNJPBSZA
8124,8547,,,,,,,,RYVYNXJKLJ
8125,8548,,,,,,,,RYWETYMKEU
8126,8549,,,,,,,,RYXRZOOAOE
8127,8550,,,,,,,,RZDPXDZFAT
8128,8551,,,,,,,,RZECYPODLW
8129,8552,,,,,,,,RZGFHLXSGH
8130,8553,,,,,,,,RZJXUWZWOG
8131,8554,,,,,,,,RZKAKVQNTQ
8132,8555,,,,,,,,RZKUAAKYGV
8133,8556,,,,,,,,RZLFDTOFOW
8134,8557,,,,,,,,RZRPKSQCNT
8135,8558,,,,,,,,RZSNKISNCI
8136,8559,,,,,,,,RZULENTXSK
8137,8560,,,,,,,,RZUOTNOVKF
8138,8561,,,,,,,,RZXANQFYKU
8139,8562,,,,,,,,RZXKBUGAOY
8140,8563,,,,,,,,RZYNCCZRMQ
8141,8564,,,,,,,,SAAFCDSWCC
8142,8565,,,,,,,,SACGVDYWXR
8143,8566,,,,,,,,SAEIIPZTOQ
8144,8567,,,,,,,,SAHOPRUUXI
8145,8568,,,,,,,,SAKUUURMJB
8146,8569,,,,,,,,SALEJZBLCM
8147,8570,,,,,,,,SAPAFQKJRU
8148,8571,,,,,,,,SARHGSCVCH
8149,8572,,,,,,,,SASTRFCVGX
8150,8573,,,,,,,,SASYOKRXSP
8151,8574,,,,,,,,SAUNAWXLAO
8152,8575,,,,,,,,SAUTUJZJKV
8153,8576,,,,,,,,SAUUQFTTYA
8154,8577,,,,,,,,SAVBYAAXCY
8155,8578,,,,,,,,SBAYOMFTRG
8156,8579,,,,,,,,SBBBEDYHCI
8157,8580,,,,,,,,SBCVATQWEI
8158,8581,,,,,,,,SBDEZEMMOD
8159,8582,,,,,,,,SBJDEYMALZ
8160,8583,,,,,,,,SBNSTALNLX
8161,8584,,,,,,,,SBOYCSIWVB
8162,8585,,,,,,,,SBPVYDWQSI
8163,8586,,,,,,,,SBQUSXCHLF
8164,8587,,,,,,,,SBRPNOPVQB
8165,8588,,,,,,,,SBSBLVPGUR
8166,8589,,,,,,,,SBUYHMRWWY
8167,8590,,,,,,,,SBWJIIXGDT
8168,8591,,,,,,,,SBZDIDCRPO
8169,8592,,,,,,,,SCAIPNMRQG
8170,8593,,,,,,,,SCEKFJCVLF
8171,8594,,,,,,,,SCFLOYRFOQ
8172,8595,,,,,,,,SCGOHCXDRD
8173,8596,,,,,,,,SCHGLZATBF
8174,8597,,,,,,,,SCIPTBCGIO
8175,8598,,,,,,,,SCJWRVLHUY
8176,8599,,,,,,,,SCKBTGYQDW
8177,8600,,,,,,,,SCMAXHERRE
8178,8601,,,,,,,,SCMFFNPTVZ
8179,8602,,,,,,,,SCPIHPUXAB
8180,8603,,,,,,,,SCPRQUWGEM
8181,8604,,,,,,,,SCSQFUGFPT
8182,8605,,,,,,,,SCTEUJRKDT
8183,8606,,,,,,,,SCUMPCUNCX
8184,8607,,,,,,,,SCZJMWOGEF
8185,8608,,,,,,,,SCZMYERCQZ
8186,8609,,,,,,,,SCZZHKOJDO
8187,8610,,,,,,,,SDAQLGJDZA
8188,8611,,,,,,,,SDHHBBLSLC
8189,8613,,,,,,,,SDNNFWVQDN
8190,8614,,,,,,,,SDNQBCHWEX
8191,8617,,,,,,,,SDOSBVIRCD
8192,8618,,,,,,,,SDOSVXLLHO
8193,8619,,,,,,,,SDPLSXOFDF
8194,8621,,,,,,,,SDPMLLOYZR
8195,8622,,,,,,,,SDQJVHEIUT
8196,8623,,,,,,,,SDRQBHWNNX
8197,8624,,,,,,,,SDTWJTWARM
8198,8625,,,,,,,,SDUNGUHIHE
8199,8626,,,,,,,,SDUOKNSDIR
8200,8627,,,,,,,,SDVEHFJJAR
8201,8628,,,,,,,,SDVUCXHCUX
8202,8629,,,,,,,,SDWCQKEXYN
8203,8630,,,,,,,,SDYJTJNJNS
8204,8631,,,,,,,,SDYTDMIAUZ
8205,8632,,,,,,,,SDYYMRKFZX
8206,8633,,,,,,,,SEAEAJWVSB
8207,8634,,,,,,,,SEAOCYWBYH
8208,8635,,,,,,,,SEEPDEOHAY
8209,8636,,,,,,,,SEGIXRKFJA
8210,8637,,,,,,,,SEHJHNPOPG
8211,8638,,,,,,,,SEHKVPDNUB
8212,8639,,,,,,,,SEJBTIGXYP
8213,8640,,,,,,,,SEJLGSITGJ
8214,8641,,,,,,,,SEKGRYIOYN
8215,8642,,,,,,,,SELPFULUHW
8216,8643,,,,,,,,SELTUYDMIG
8217,8644,,,,,,,,SEMRRYKSME
8218,8645,,,,,,,,SEQCZOTPYU
8219,8646,,,,,,,,SESRVEXWIT
8220,8647,,,,,,,,SEWAWBDXKL
8221,8648,,,,,,,,SEYKHYQCAE
8222,8649,,,,,,,,SEYWQUJNDO
8223,8650,,,,,,,,SEZNZHTEEC
8224,8651,,,,,,,,SFCMIWAXDO
8225,8652,,,,,,,,SFCOGUVDFE
8226,8653,,,,,,,,SFHERYJGNW
8227,8654,,,,,,,,SFHIUFVTDB
8228,8655,,,,,,,,SFHMKGQIRF
8229,8656,,,,,,,,SFHOWCCVWR
8230,8657,,,,,,,,SFKCLZVFXU
8231,8658,,,,,,,,SFKRUGTBZJ
8232,8659,,,,,,,,SFKTDWJXKF
8233,8660,,,,,,,,SFLLTFJAJG
8234,8661,,,,,,,,SFLYNWMVIA
8235,8662,,,,,,,,SFLZWRJNAN
8236,8663,,,,,,,,SFQNSPTMPZ
8237,8664,,,,,,,,SFTBQGTJTN
8238,8665,,,,,,,,SFXXXGDKPO
8239,8666,,,,,,,,SGDIMPOEHW
8240,8667,,,,,,,,SGEEMHGQZG
8241,8668,,,,,,,,SGFLXASJUT
8242,8669,,,,,,,,SGFWTTZBMR
8243,8670,,,,,,,,SGFZAEUERS
8244,8671,,,,,,,,SGHPHRPZRR
8245,8672,,,,,,,,SGJQICMNTX
8246,8673,,,,,,,,SGKDIIVMMG
8247,8674,,,,,,,,SGLKTTEUSB
8248,8675,,,,,,,,SGONDKEWWI
8249,8676,,,,,,,,SGOXBIOZQO
8250,8677,,,,,,,,SGPRORGRVO
8251,8678,,,,,,,,SGQEDLINEY
8252,8679,,,,,,,,SGSVVPUTKS
8253,8680,,,,,,,,SGXJCKRHAX
8254,8681,,,,,,,,SGXUMFAZMF
8255,8682,,,,,,,,SGXWRRJRKU
8256,8683,,,,,,,,SHAUNUOPAU
8257,8684,,,,,,,,SHCDANVZGZ
8258,8685,,,,,,,,SHDAXEQXTR
8259,8686,,,,,,,,SHHVNRMTCT
8260,8687,,,,,,,,SHKBDIIVIV
8261,8688,,,,,,,,SHKBQTZWSS
8262,8689,,,,,,,,SHLRLBBIWH
8263,8690,,,,,,,,SHOYEGWUSO
8264,8691,,,,,,,,SHSQGQFVRJ
8265,8692,,,,,,,,SHUDQSUJEP
8266,8693,,,,,,,,SHXIPOAIOJ
8267,8694,,,,,,,,SHXLGEIWRT
8268,8695,,,,,,,,SHYPJRJXBT
8269,8697,,,,,,,,SIDCGRUUZP
8270,8698,,,,,,,,SIEAGSEHEF
8271,8699,,,,,,,,SIEOSKMLJP
8272,8700,,,,,,,,SIFPCNEHUE
8273,8701,,,,,,,,SIFPPFAIVQ
8274,8702,,,,,,,,SIHTMPXZQH
8275,8703,,,,,,,,SIMQQGPOPZ
8276,8704,,,,,,,,SIOXCOJDPW
8277,8705,,,,,,,,SIQBEXSKSD
8278,8706,,,,,,,,SIRKWRKFHO
8279,8707,,,,,,,,SITRZJWBMN
8280,8708,,,,,,,,SITSZYZKDQ
8281,8709,,,,,,,,SIVXJHIMBW
8282,8710,,,,,,,,SIWXCAOTJQ
8283,8711,,,,,,,,SIYDGECFOL
8284,8712,,,,,,,,SJAPYDZGDV
8285,8713,,,,,,,,SJCMNYJLLY
8286,8714,,,,,,,,SJDPPQBGQD
8287,8715,,,,,,,,SJGDAANOYJ
8288,8716,,,,,,,,SJGRDZTJOQ
8289,8717,,,,,,,,SJGXXICEKM
8290,8718,,,,,,,,SJHBWQFRLR
8291,8719,,,,,,,,SJHLDZXIIV
8292,8720,,,,,,,,SJIQQLAZKV
8293,8721,,,,,,,,SJJBWPEMGK
8294,8722,,,,,,,,SJJUXAQJCD
8295,8723,,,,,,,,SJMOFHRIKD
8296,8724,,,,,,,,SJNFMMNHAU
8297,8725,,,,,,,,SJOJKSTEQU
8298,8726,,,,,,,,SJPTHHRNLD
8299,8727,,,,,,,,SJQJLXNHML
8300,8728,,,,,,,,SJRQCYJRKK
8301,8729,,,,,,,,SJSCXVUKHH
8302,8730,,,,,,,,SJSWTWTGXY
8303,8731,,,,,,,,SJUEPHRGWM
8304,8732,,,,,,,,SJWBAZVCLP
8305,8733,,,,,,,,SJWQGJKJUL
8306,8734,,,,,,,,SKAHQJDGLB
8307,8736,,,,,,,,SKAUCHVWHK
8308,8737,,,,,,,,SKDCFGRTKP
8309,8738,,,,,,,,SKDUCKPVCE
8310,8739,,,,,,,,SKEIRUXLHC
8311,8740,,,,,,,,SKEVJIONMJ
8312,8741,,,,,,,,SKGGACDWLY
8313,8742,,,,,,,,SKHJAYCLJR
8314,8743,,,,,,,,SKJLPCUTOY
8315,8744,,,,,,,,SKJZBRZNIB
8316,8745,,,,,,,,SKKJCIQBTK
8317,8746,,,,,,,,SKKNVLSTGQ
8318,8747,,,,,,,,SKMFKLOPIZ
8319,8748,,,,,,,,SKMOUGULLD
8320,8749,,,,,,,,SKNVGXZGBT
8321,8750,,,,,,,,SKPAAAULAC
8322,8751,,,,,,,,SKQKCUPFYQ
8323,8752,,,,,,,,SKTXTRELIC
8324,8753,,,,,,,,SKUAWUNFZE
8325,8755,,,,,,,,SKUIIOAESX
8326,8756,,,,,,,,SKXWJYXBXS
8327,8757,,,,,,,,SKYACVGTAC
8328,8758,,,,,,,,SKZABXPEBJ
8329,8759,,,,,,,,SLDGBHBHHL
8330,8760,,,,,,,,SLFCVRDQTW
8331,8761,,,,,,,,SLFRUSZOPG
8332,8762,,,,,,,,SLGKMUPKGE
8333,8763,,,,,,,,SLJEPBSCQH
8334,8764,,,,,,,,SLLCEIXNRA
8335,8765,,,,,,,,SLLWYATCAI
8336,8766,,,,,,,,SLMTEJODRY
8337,8767,,,,,,,,SLMXQMYDJO
8338,8768,,,,,,,,SLPZBURUFG
8339,8769,,,,,,,,SLSERJFSNN
8340,8770,,,,,,,,SLSVNDFJFO
8341,8771,,,,,,,,SLVOBEWFDM
8342,8772,,,,,,,,SLWAFEQQTG
8343,8773,,,,,,,,SLWRCHEAVQ
8344,8774,,,,,,,,SLYVKKMZYI
8345,8775,,,,,,,,SMBYBWYNWF
8346,8777,,,,,,,,SMCHEZVPXK
8347,8778,,,,,,,,SMFRUTUNBG
8348,8779,,,,,,,,SMJZGFESKH
8349,8780,,,,,,,,SMKLJTDRID
8350,8781,,,,,,,,SMLLHWDPSI
8351,8782,,,,,,,,SMMJCQQRIY
8352,8783,,,,,,,,SMOFMMMAVY
8353,8784,,,,,,,,SMQAFHAXDA
8354,8785,,,,,,,,SMTAACMZBK
8355,8786,,,,,,,,SMUJECTBBD
8356,8787,,,,,,,,SMWOCDFSCD
8357,8788,,,,,,,,SMXZGDUHDP
8358,8789,,,,,,,,SMYSCFRFSI
8359,8790,,,,,,,,SNAKCRHOXE
8360,8791,,,,,,,,SNBQUKTLCY
8361,8792,,,,,,,,SNBUSTBMMK
8362,8793,,,,,,,,SNCENVEVZS
8363,8794,,,,,,,,SNCUQJLDBI
8364,8795,,,,,,,,SNDYIUCQAE
8365,8796,,,,,,,,SNFIITETZC
8366,8797,,,,,,,,SNJSYDDPBH
8367,8798,,,,,,,,SNJWFDZFVA
8368,8799,,,,,,,,SNLIMSQECU
8369,8800,,,,,,,,SNLMTLEPCO
8370,8801,,,,,,,,SNLRGXQWAB
8371,8802,,,,,,,,SNLXZYMWGK
8372,8804,,,,,,,,SNMSATHWVR
8373,8805,,,,,,,,SNNHMBOBXZ
8374,8806,,,,,,,,SNOXWPJRFG
8375,8807,,,,,,,,SNSEBQDBLC
8376,8808,,,,,,,,SNUIPILOHF
8377,8809,,,,,,,,SNXDDKOLSD
8378,8810,,,,,,,,SNZQNFTAOW
8379,8811,,,,,,,,SOECBZQBCV
8380,8812,,,,,,,,SOENPOYMOM
8381,8813,,,,,,,,SOERLJNIHS
8382,8814,,,,,,,,SOEVNGROAE
8383,8815,,,,,,,,SOFDWKKEYO
8384,8816,,,,,,,,SOFZTOQUHE
8385,8817,,,,,,,,SOGYFLQCTV
8386,8818,,,,,,,,SOHHKAWPKO
8387,8819,,,,,,,,SOIBLOGPJH
8388,8820,,,,,,,,SOKMGQBIMX
8389,8822,,,,,,,,SOKUKSZQWS
8390,8823,,,,,,,,SOLGCAJVXF
8391,8824,,,,,,,,SOMOYBNEQM
8392,8825,,,,,,,,SORCBTNIVI
8393,8826,,,,,,,,SOSWOYCNGB
8394,8827,,,,,,,,SOTCDOFPLT
8395,8828,,,,,,,,SOTLQRKXFG
8396,8829,,,,,,,,SOVVBZFXQS
8397,8830,,,,,,,,SOYGIRNMVG
8398,8831,,,,,,,,SPESCAGCWA
8399,8832,,,,,,,,SPFIRSYYAT
8400,8833,,,,,,,,SPGBWXXXEV
8401,8834,,,,,,,,SPHGRFVMWO
8402,8835,,,,,,,,SPHWIOVEUH
8403,8836,,,,,,,,SPJUUAWTGF
8404,8837,,,,,,,,SPLUQDKFMN
8405,8838,,,,,,,,SPPSAFHLHH
8406,8839,,,,,,,,SPPUMUONIH
8407,8840,,,,,,,,SPQWPMHDBU
8408,8841,,,,,,,,SPQXYWJPDR
8409,8842,,,,,,,,SPRJAFGENF
8410,8843,,,,,,,,SPVXGTNXBW
8411,8844,,,,,,,,SPWNMQUWDX
8412,8845,,,,,,,,SPXEKZRYUM
8413,8846,,,,,,,,SPXNBAMWPO
8414,8847,,,,,,,,SPXNHNXLLS
8415,8848,,,,,,,,SQANJPIEYU
8416,8849,,,,,,,,SQBKTXYMTO
8417,8850,,,,,,,,SQBMTPGWPQ
8418,8851,,,,,,,,SQDNMSPMYA
8419,8852,,,,,,,,SQEBWBUZBG
8420,8853,,,,,,,,SQECLAVOGX
8421,8854,,,,,,,,SQEHGFAJHW
8422,8855,,,,,,,,SQFXRENDLS
8423,8856,,,,,,,,SQGIGYYZPX
8424,8857,,,,,,,,SQIYKAFUCZ
8425,8858,,,,,,,,SQJKNZAPRH
8426,8859,,,,,,,,SQKFQQFQKQ
8427,8860,,,,,,,,SQKKQVQTYJ
8428,8861,,,,,,,,SQKPERQWGO
8429,8862,,,,,,,,SQLKCMLSKN
8430,8863,,,,,,,,SQMOAXZZQO
8431,8864,,,,,,,,SQNBXJNFSJ
8432,8865,,,,,,,,SQOKGFHUZW
8433,8866,,,,,,,,SQQTYZUFJA
8434,8867,,,,,,,,SQRMBLUEEV
8435,8868,,,,,,,,SQTILGANRP
8436,8869,,,,,,,,SQUFWTFPFE
8437,8870,,,,,,,,SQVUTXOZVA
8438,8871,,,,,,,,SQVWDWVAXV
8439,8872,,,,,,,,SQWEFYXHWS
8440,8873,,,,,,,,SQWUABQHIK
8441,8874,,,,,,,,SQXPAEBYQS
8442,8875,,,,,,,,SQXXSFHFUC
8443,8876,,,,,,,,SQYLKARRMH
8444,8877,,,,,,,,SQYXOCQGOX
8445,8878,,,,,,,,SQZVWDDGSZ
8446,8879,,,,,,,,SRAXPOLJRJ
8447,8880,,,,,,,,SRCGDDJHBN
8448,8881,,,,,,,,SRDTUKCTSW
8449,8882,,,,,,,,SREGHYSIQZ
8450,8883,,,,,,,,SRETYEJOYZ
8451,8884,,,,,,,,SRFCWCGORA
8452,8885,,,,,,,,SRGQQZUUNC
8453,8886,,,,,,,,SRJAAWHXSR
8454,8887,,,,,,,,SRJGEHYZME
8455,8888,,,,,,,,SRKENEPMTQ
8456,8889,,,,,,,,SRMNEBAZRB
8457,8890,,,,,,,,SROCGHIONE
8458,8891,,,,,,,,SRQBWXABLV
8459,8893,,,,,,,,SRRLEESNLB
8460,8894,,,,,,,,SRTKAVMMVC
8461,8895,,,,,,,,SRVATPUGMF
8462,8896,,,,,,,,SRVTANPTQU
8463,8897,,,,,,,,SRWPTYCPYM
8464,8898,,,,,,,,SRYCQHQXJR
8465,8899,,,,,,,,SSAFMYGGGD
8466,8900,,,,,,,,SSCSZUOPOS
8467,8901,,,,,,,,SSEUVYMHLD
8468,8902,,,,,,,,SSGUTALDUN
8469,8903,,,,,,,,SSHOBECBKG
8470,8904,,,,,,,,SSKSYGZYJV
8471,8905,,,,,,,,SSKURYLYZP
8472,8906,,,,,,,,SSMLTPAEJU
8473,8907,,,,,,,,SSMNAJPTGX
8474,8908,,,,,,,,SSMPIOIDUI
8475,8910,,,,,,,,SSOFUVTTVV
8476,8911,,,,,,,,SSOHWPCIDI
8477,8912,,,,,,,,SSPLDOEIZC
8478,8913,,,,,,,,SSPYKSHXMD
8479,8914,,,,,,,,SSRRIVTVFS
8480,8915,,,,,,,,SSTLMNLTLH
8481,8916,,,,,,,,SSUGXVVVUK
8482,8917,,,,,,,,SSZDSRLDJP
8483,8918,,,,,,,,SSZHNCXHCQ
8484,8919,,,,,,,,STAZHWNGOW
8485,8920,,,,,,,,STDALFVFHJ
8486,8921,,,,,,,,STERGDNWXV
8487,8922,,,,,,,,STEYATKIQR
8488,8923,,,,,,,,STFCDEBQVY
8489,8924,,,,,,,,STFNFJCIAD
8490,8925,,,,,,,,STIPGYODGF
8491,8926,,,,,,,,STMBIKUTIF
8492,8927,,,,,,,,STMXFLVCYF
8493,8928,,,,,,,,STMXOSMSKD
8494,8930,,,,,,,,STNMMWRGNJ
8495,8931,,,,,,,,STOPSUZDCX
8496,8932,,,,,,,,STOUBORLUW
8497,8933,,,,,,,,STOVXWQADD
8498,8934,,,,,,,,STQDYORMFT
8499,8935,,,,,,,,STQJZPSSZV
8500,8936,,,,,,,,STRKQCFFYH
8501,8937,,,,,,,,STRLZPAQID
8502,8938,,,,,,,,STTZACZLFT
8503,8939,,,,,,,,STUBMWUPXD
8504,8940,,,,,,,,STWPXVNOWA
8505,8941,,,,,,,,STXLGZOUVA
8506,8942,,,,,,,,STXPGPIRVM
8507,8943,,,,,,,,STYIKHGONV
8508,8944,,,,,,,,SUBLZERCWQ
8509,8945,,,,,,,,SUGCGDFGNS
8510,8946,,,,,,,,SUJXJJNHSY
8511,8947,,,,,,,,SULAIQJURL
8512,8948,,,,,,,,SUNOQDAIKI
8513,8949,,,,,,,,SUOWNXOVIT
8514,8950,,,,,,,,SUPMLTBFDF
8515,8951,,,,,,,,SUPNTEUMHK
8516,8952,,,,,,,,SUQUCGWAPP
8517,8953,,,,,,,,SURIVBVFPC
8518,8954,,,,,,,,SUTHJMJSBF
8519,8955,,,,,,,,SUTLHGYOIL
8520,8956,,,,,,,,SUUTOJQNYX
8521,8957,,,,,,,,SUUTQHMBOD
8522,8958,,,,,,,,SUVBNXXWNX
8523,8959,,,,,,,,SUVDTVEERU
8524,8960,,,,,,,,SUWUTHPLGV
8525,8961,,,,,,,,SUXGHWYPXT
8526,8962,,,,,,,,SUZAZWTDMK
8527,8963,,,,,,,,SVBIVGRYQT
8528,8964,,,,,,,,SVGIGCOWUI
8529,8965,,,,,,,,SVJUIJLGCS
8530,8966,,,,,,,,SVMOORWUEA
8531,8967,,,,,,,,SVPIFDJIZU
8532,8968,,,,,,,,SVPWMYVWTV
8533,8969,,,,,,,,SVRFAUPVDO
8534,8970,,,,,,,,SVRIQLOTPL
8535,8971,,,,,,,,SVSDALLPFB
8536,8972,,,,,,,,SVSHIGYOEX
8537,8973,,,,,,,,SVSMWNBCKD
8538,8974,,,,,,,,SVSOKUMMMT
8539,8975,,,,,,,,SVUCVOOWJK
8540,8976,,,,,,,,SVUHPYLEYI
8541,8977,,,,,,,,SVVHMKLNXS
8542,8978,,,,,,,,SVYESOOFWR
8543,8979,,,,,,,,SVYVTHGZIJ
8544,8980,,,,,,,,SVZDUJMAWS
8545,8981,,,,,,,,SVZOCGLGJQ
8546,8982,,,,,,,,SWAOISCGQQ
8547,8983,,,,,,,,SWBFHOAQLP
8548,8984,,,,,,,,SWBUVHNNNJ
8549,8985,,,,,,,,SWDEPMTWNT
8550,8986,,,,,,,,SWHLYSOGHL
8551,8987,,,,,,,,SWLUQSPECX
8552,8988,,,,,,,,SWMKYXQTUT
8553,8989,,,,,,,,SWNWHMBHFZ
8554,8990,,,,,,,,SWNZRYEJUT
8555,8991,,,,,,,,SWQBRCZLCZ
8556,8992,,,,,,,,SWSSZJEPVM
8557,8993,,,,,,,,SWTVRGRDVV
8558,8994,,,,,,,,SWUEJFAGHD
8559,8995,,,,,,,,SWUXMJNFBF
8560,8996,,,,,,,,SWYTUJWSYI
8561,8998,,,,,,,,SWZCWGCRGE
8562,8999,,,,,,,,SXGYRHAROD
8563,9000,,,,,,,,SXHISYQWOG
8564,9001,,,,,,,,SXJUJBCHQM
8565,9002,,,,,,,,SXLZOCVZRY
8566,9003,,,,,,,,SXNQKEQPUN
8567,9004,,,,,,,,SXOPLQZFMW
8568,9005,,,,,,,,SXPAFFQSVO
8569,9006,,,,,,,,SXQIAHQLHL
8570,9007,,,,,,,,SXQJZZSJAR
8571,9008,,,,,,,,SXREKPFVOV
8572,9009,,,,,,,,SXRXAYNBDQ
8573,9010,,,,,,,,SXTUFPZMHY
8574,9011,,,,,,,,SXUUULVBAT
8575,9012,,,,,,,,SXUWPOXTPL
8576,9013,,,,,,,,SXVWXYEYED
8577,9014,,,,,,,,SXWABXPLOD
8578,9015,,,,,,,,SXWSLWONYZ
8579,9016,,,,,,,,SXZJCKVTKC
8580,9017,,,,,,,,SXZMNTAGYP
8581,9018,,,,,,,,SYAZVYVEUM
8582,9019,,,,,,,,SYBMAWURLX
8583,9020,,,,,,,,SYFYPJOBUU
8584,9021,,,,,,,,SYFYYORJXC
8585,9022,,,,,,,,SYGDDMVISI
8586,9023,,,,,,,,SYIDIMVEZA
8587,9024,,,,,,,,SYJCKKZBZD
8588,9025,,,,,,,,SYJMEDAXPF
8589,9026,,,,,,,,SYJOYIZCAW
8590,9027,,,,,,,,SYJUCSTRZE
8591,9029,,,,,,,,SYKKNOZWHQ
8592,9030,,,,,,,,SYKVXNGDYP
8593,9031,,,,,,,,SYLPIHZLJJ
8594,9032,,,,,,,,SYOTYVQLBQ
8595,9033,,,,,,,,SYPPWHHJXV
8596,9034,,,,,,,,SYPZXRLSZK
8597,9035,,,,,,,,SYUCSTYELK
8598,9036,,,,,,,,SYVNEUSKGV
8599,9037,,,,,,,,SZDVTLALMK
8600,9038,,,,,,,,SZFIHVVCXS
8601,9039,,,,,,,,SZGJRBXZBE
8602,9040,,,,,,,,SZGSQSPPOB
8603,9041,,,,,,,,SZHFWWYORF
8604,9043,,,,,,,,SZICJCIAOS
8605,9044,,,,,,,,SZIMFBUYEM
8606,9045,,,,,,,,SZKFYVGYKG
8607,9046,,,,,,,,SZKJJXOXFW
8608,9047,,,,,,,,SZMIPLCTGT
8609,9049,,,,,,,,SZPJDWZFKB
8610,9050,,,,,,,,SZPWONZSVG
8611,9051,,,,,,,,SZQRKABWNW
8612,9052,,,,,,,,SZTYWGLSEF
8613,9053,,,,,,,,SZXXSTIDKB
8614,9054,,,,,,,,SZYZIOBWSP
8615,9056,,,,,,,,TACTDGRBMH
8616,9057,,,,,,,,TADAHZBGFS
8617,9058,,,,,,,,TADRLLZSYB
8618,9059,,,,,,,,TAEZOSDNHP
8619,9060,,,,,,,,TAFBRQENUH
8620,9061,,,,,,,,TAIBTXINUR
8621,9062,,,,,,,,TALOFSMKNC
8622,9063,,,,,,,,TAMCNWXFSX
8623,9064,,,,,,,,TAMKCXWIPU
8624,9065,,,,,,,,TAPYSFPJUW
8625,9066,,,,,,,,TAQJCBGQKM
8626,9067,,,,,,,,TASWWFTEPX
8627,9068,,,,,,,,TAUVTAFJKS
8628,9069,,,,,,,,TAVWISLPBK
8629,9070,,,,,,,,TAYZJKDPWR
8630,9071,,,,,,,,TBAMBLSUOW
8631,9072,,,,,,,,TBDGDCVZTD
8632,9073,,,,,,,,TBEPSLSBVZ
8633,9074,,,,,,,,TBHFUVOUYK
8634,9075,,,,,,,,TBHHYHMEQK
8635,9076,,,,,,,,TBHJNNWCXA
8636,9077,,,,,,,,TBIRRBYYKM
8637,9078,,,,,,,,TBKSAXUZQX
8638,9079,,,,,,,,TBKUPJNUAU
8639,9080,,,,,,,,TBLHJJSZAZ
8640,9081,,,,,,,,TBOHVHBVHZ
8641,9082,,,,,,,,TBOUUFKMHX
8642,9083,,,,,,,,TBOXJQQNEA
8643,9084,,,,,,,,TBPYRAGVGJ
8644,9085,,,,,,,,TBRSKXKUJV
8645,9086,,,,,,,,TBSLWXHVRX
8646,9088,,,,,,,,TBTCCIKIZT
8647,9089,,,,,,,,TBTVPEVOUM
8648,9090,,,,,,,,TBTWXLVQTZ
8649,9091,,,,,,,,TBWRWPUJWX
8650,9092,,,,,,,,TBXVIOJQDR
8651,9093,,,,,,,,TBZQLVKYBF
8652,9094,,,,,,,,TBZZQSDFUK
8653,9095,,,,,,,,TCAZKBRXOY
8654,9096,,,,,,,,TCBEMFKHNM
8655,9097,,,,,,,,TCCZHNOVVW
8656,9098,,,,,,,,TCFLHUUBNP
8657,9099,,,,,,,,TCGGYGHTFF
8658,9100,,,,,,,,TCGQXEIWNJ
8659,9101,,,,,,,,TCNCFAPGIW
8660,9102,,,,,,,,TCOMYVTCFB
8661,9103,,,,,,,,TCQBQSRYGC
8662,9104,,,,,,,,TCTYJLSZJC
8663,9105,,,,,,,,TCWPKXAZIH
8664,9106,,,,,,,,TCXBEACWDR
8665,9107,,,,,,,,TCXYHIZXND
8666,9108,,,,,,,,TCYMRRAVYY
8667,9109,,,,,,,,TDAWIZRNQC
8668,9110,,,,,,,,TDBKKORFQI
8669,9111,,,,,,,,TDCBPAAIKW
8670,9112,,,,,,,,TDCYDPSNSA
8671,9113,,,,,,,,TDEFJLLVAD
8672,9114,,,,,,,,TDEPBBPPHX
8673,9115,,,,,,,,TDEYMRGPQD
8674,9116,,,,,,,,TDHXLCRDIY
8675,9118,,,,,,,,TDKBRHWSLF
8676,9119,,,,,,,,TDONYPJQLB
8677,9120,,,,,,,,TDPRQIMSGW
8678,9121,,,,,,,,TDQIHBITTJ
8679,9122,,,,,,,,TDTSDMSEPQ
8680,9123,,,,,,,,TDVMUCUCON
8681,9124,,,,,,,,TEBCURZTPX
8682,9126,,,,,,,,TEBLNMSFOQ
8683,9127,,,,,,,,TECWTASWDE
8684,9128,,,,,,,,TEGWWOEDSL
8685,9130,,,,,,,,TEIEXULQBN
8686,9131,,,,,,,,TEJCUARPWS
8687,9132,,,,,,,,TEKZYOQDFI
8688,9133,,,,,,,,TEOBNSNOWX
8689,9134,,,,,,,,TEPAABFRKP
8690,9135,,,,,,,,TEPKRFCFKM
8691,9136,,,,,,,,TETASKGNVG
8692,9137,,,,,,,,TEYXGOTWBL
8693,9138,,,,,,,,TEZJFEMMKZ
8694,9139,,,,,,,,TFAUXUMVFC
8695,9140,,,,,,,,TFEYWCRXFV
8696,9141,,,,,,,,TFFDCHBUNR
8697,9143,,,,,,,,TFFIBPOIUW
8698,9144,,,,,,,,TFFMNAWBJN
8699,9145,,,,,,,,TFGXKUTGXF
8700,9146,,,,,,,,TFHYNUQNMZ
8701,9147,,,,,,,,TFICSDBCUQ
8702,9148,,,,,,,,TFIOWWCIMY
8703,9149,,,,,,,,TFKRPONGBG
8704,9150,,,,,,,,TFLBCJQLEZ
8705,9151,,,,,,,,TFMIOETZMV
8706,9152,,,,,,,,TFQULCDATX
8707,9153,,,,,,,,TFSGVRKGOZ
8708,9154,,,,,,,,TFSLPXACCH
8709,9155,,,,,,,,TFSWOLYPLP
8710,9156,,,,,,,,TFTQSWIQUO
8711,9157,,,,,,,,TFVOTOLRBW
8712,9158,,,,,,,,TFWLENSXYX
8713,9159,,,,,,,,TFWWHDORPL
8714,9160,,,,,,,,TGCMQJVOTA
8715,9161,,,,,,,,TGCRFBYXAV
8716,9162,,,,,,,,TGDVWKENWT
8717,9163,,,,,,,,TGFYJUORTV
8718,9165,,,,,,,,TGGEPPCTWR
8719,9166,,,,,,,,TGHYVGGOJS
8720,9167,,,,,,,,TGJJZNWRYL
8721,9168,,,,,,,,TGJPUPUSWA
8722,9169,,,,,,,,TGLUYRYYGN
8723,9170,,,,,,,,TGQYCDWUAR
8724,9171,,,,,,,,TGRJGUKZXV
8725,9172,,,,,,,,TGSLFQDOOY
8726,9173,,,,,,,,TGZHTOOPYP
8727,9174,,,,,,,,THAEPAZIOG
8728,9175,,,,,,,,THCWZYESGR
8729,9176,,,,,,,,THDAXRZZCZ
8730,9177,,,,,,,,THDKDGHOWS
8731,9178,,,,,,,,THEYDDROZH
8732,9179,,,,,,,,THGRBZKQZY
8733,9180,,,,,,,,THIOCXMDVS
8734,9181,,,,,,,,THKCCLRKMF
8735,9182,,,,,,,,THLMBRZXDF
8736,9183,,,,,,,,THMNJMDDMB
8737,9184,,,,,,,,THQAVKAGQW
8738,9185,,,,,,,,THQLDCDOYN
8739,9186,,,,,,,,THTXAPGDCU
8740,9187,,,,,,,,THVEXTFYME
8741,9189,,,,,,,,THWLNHFUPN
8742,9190,,,,,,,,THXBBCVKRR
8743,9191,,,,,,,,TIDUUJHHRT
8744,9192,,,,,,,,TIFNCVSMLN
8745,9193,,,,,,,,TIHKOAMSAF
8746,9194,,,,,,,,TIIMYEAKEH
8747,9195,,,,,,,,TIJBHLYCCH
8748,9196,,,,,,,,TIMEKZZXDN
8749,9198,,,,,,,,TIOAJQRXEV
8750,9199,,,,,,,,TIQATPOGLY
8751,9200,,,,,,,,TISJOGISFJ
8752,9201,,,,,,,,TISNOGIIYW
8753,9202,,,,,,,,TITDSYMQHV
8754,9203,,,,,,,,TIUKJBDQNC
8755,9204,,,,,,,,TIUURXXJZM
8756,9205,,,,,,,,TIXPFMWDMO
8757,9206,,,,,,,,TIYJDDDSAH
8758,9207,,,,,,,,TIZKBSXTCS
8759,9208,,,,,,,,TJENNYSIYK
8760,9209,,,,,,,,TJHRBOJFCD
8761,9210,,,,,,,,TJIBQAICLA
8762,9211,,,,,,,,TJMXAHMUXD
8763,9212,,,,,,,,TJODZNFISB
8764,9213,,,,,,,,TJQXUVZUMH
8765,9214,,,,,,,,TJSCNNOLPC
8766,9215,,,,,,,,TJUXWZIUOU
8767,9216,,,,,,,,TJZHRPLFUD
8768,9217,,,,,,,,TJZTVDFIUM
8769,9218,,,,,,,,TKANMHOOHF
8770,9219,,,,,,,,TKHEOPJHHX
8771,9220,,,,,,,,TKHJMIHIYW
8772,9221,,,,,,,,TKJMZZZREA
8773,9222,,,,,,,,TKPXOOQDYB
8774,9223,,,,,,,,TKRDMRTKTO
8775,9224,,,,,,,,TKRUMUAHXX
8776,9225,,,,,,,,TKWFOYOILT
8777,9226,,,,,,,,TKXEPUZMSX
8778,9227,,,,,,,,TKYWTUMWNY
8779,9228,,,,,,,,TLBVFTMBPN
8780,9229,,,,,,,,TLCEROPFBX
8781,9230,,,,,,,,TLCJYGCFRZ
8782,9231,,,,,,,,TLDDQKBQEW
8783,9232,,,,,,,,TLHITDPRSA
8784,9233,,,,,,,,TLJJDWRHMW
8785,9234,,,,,,,,TLJNJMVGZD
8786,9235,,,,,,,,TLJPRVTEFK
8787,9236,,,,,,,,TLRDJMXFGT
8788,9237,,,,,,,,TLSBSIJCFS
8789,9238,,,,,,,,TLSPCIBKEG
8790,9239,,,,,,,,TLTACRBGQP
8791,9240,,,,,,,,TLTKOQTDTN
8792,9241,,,,,,,,TLYTYNJSAZ
8793,9242,,,,,,,,TMAVYVWSQQ
8794,9243,,,,,,,,TMBETVOJVA
8795,9244,,,,,,,,TMBGWTWOQV
8796,9245,,,,,,,,TMBQSFDPRG
8797,9246,,,,,,,,TMBRIDQQYL
8798,9247,,,,,,,,TMDTVPVJCG
8799,9248,,,,,,,,TMEYWOSFRD
8800,9249,,,,,,,,TMFGRVGBYQ
8801,9250,,,,,,,,TMFMCELAGY
8802,9251,,,,,,,,TMGDWZTAXM
8803,9252,,,,,,,,TMGOUQZWOF
8804,9253,,,,,,,,TMGYKKOWBH
8805,9254,,,,,,,,TMJLLJHRPX
8806,9255,,,,,,,,TMJYAJYWEF
8807,9256,,,,,,,,TMKAIUMADV
8808,9257,,,,,,,,TMNDWCZUIN
8809,9258,,,,,,,,TMOMHXSGMX
8810,9259,,,,,,,,TMTTDBRBQT
8811,9260,,,,,,,,TMVRXAQTMM
8812,9261,,,,,,,,TMXFGDDXQM
8813,9262,,,,,,,,TMZNZDMGPI
8814,9263,,,,,,,,TMZQAICEFX
8815,9264,,,,,,,,TNATCNYOBN
8816,9265,,,,,,,,TNCSUPEEVY
8817,9266,,,,,,,,TNDNZXPHDN
8818,9267,,,,,,,,TNGKOIZKMN
8819,9268,,,,,,,,TNGXBLJHQZ
8820,9269,,,,,,,,TNJHCQHOBP
8821,9270,,,,,,,,TNLBBNRZEQ
8822,9271,,,,,,,,TNMEKAVGLW
8823,9272,,,,,,,,TNNJLNRDIF
8824,9273,,,,,,,,TNODUJHFGT
8825,9274,,,,,,,,TNOSNGWTAK
8826,9275,,,,,,,,TNPRQLWKMW
8827,9276,,,,,,,,TNQNPGKAAV
8828,9277,,,,,,,,TNRLONNUAA
8829,9278,,,,,,,,TNSTYENHLF
8830,9279,,,,,,,,TNTYENMVMR
8831,9280,,,,,,,,TNUALLSIDA
8832,9281,,,,,,,,TNYFSSXAMZ
8833,9282,,,,,,,,TNYKCFUEDX
8834,9283,,,,,,,,TNZIVHUAEY
8835,9284,,,,,,,,TOBPADSTQF
8836,9285,,,,,,,,TOFOGOKWTK
8837,9286,,,,,,,,TOGLDYUSGF
8838,9287,,,,,,,,TOGPQOKFYU
8839,9288,,,,,,,,TOHNWLWTJU
8840,9289,,,,,,,,TOIKWJMNDQ
8841,9290,,,,,,,,TOIVIYVAEG
8842,9291,,,,,,,,TOJFLEHFHT
8843,9292,,,,,,,,TOLLJXXMVY
8844,9293,,,,,,,,TOMUWSDIYR
8845,9294,,,,,,,,TOPWNWVAIU
8846,9295,,,,,,,,TOPZOSOCNR
8847,9296,,,,,,,,TORDRFOASA
8848,9297,,,,,,,,TORQUWXRJC
8849,9298,,,,,,,,TOSQZZOGEP
8850,9299,,,,,,,,TOVLWZRMGE
8851,9300,,,,,,,,TOWYEVPYHY
8852,9301,,,,,,,,TOXOBGGLMW
8853,9302,,,,,,,,TOYFHJLRXW
8854,9303,,,,,,,,TOZLDLLBHA
8855,9304,,,,,,,,TPAXJXYDKR
8856,9305,,,,,,,,TPGDYVLNGU
8857,9306,,,,,,,,TPKISTISML
8858,9307,,,,,,,,TPLAPGPIHE
8859,9308,,,,,,,,TPLPJVXCAS
8860,9309,,,,,,,,TPPAFEBMZY
8861,9310,,,,,,,,TPRJOSVDOY
8862,9311,,,,,,,,TPRTMRDJJD
8863,9312,,,,,,,,TPSOLUJYXD
8864,9313,,,,,,,,TPSXHZKXEP
8865,9314,,,,,,,,TPTXNEKZLQ
8866,9315,,,,,,,,TPUWXXDNSP
8867,9316,,,,,,,,TPVKASFVHY
8868,9317,,,,,,,,TPVVBTKASW
8869,9318,,,,,,,,TPWVALPGVP
8870,9319,,,,,,,,TPYFFZNWMR
8871,9320,,,,,,,,TPZWMSLRTN
8872,9321,,,,,,,,TQAQSPAERS
8873,9322,,,,,,,,TQCMVBXJTP
8874,9323,,,,,,,,TQEYWDQUPT
8875,9324,,,,,,,,TQEYZPMCGR
8876,9325,,,,,,,,TQHDGPOEVT
8877,9326,,,,,,,,TQHYQHXPED
8878,9327,,,,,,,,TQJYQFJAHO
8879,9328,,,,,,,,TQNSWXPBGO
8880,9329,,,,,,,,TQOLITGLPR
8881,9330,,,,,,,,TQRRLGYMVK
8882,9331,,,,,,,,TQRVUTEMDW
8883,9332,,,,,,,,TQUXHEFTHY
8884,9333,,,,,,,,TQWGKPRCQH
8885,9334,,,,,,,,TRAKGDZOMN
8886,9335,,,,,,,,TREJJKWJHL
8887,9336,,,,,,,,TRGJGDXQIB
8888,9338,,,,,,,,TRHILNUMZI
8889,9339,,,,,,,,TRKBFKZCPZ
8890,9340,,,,,,,,TRMDOJKVOL
8891,9341,,,,,,,,TRPUEUFPNI
8892,9342,,,,,,,,TRPYNEBYPH
8893,9343,,,,,,,,TRQTRWBOYX
8894,9344,,,,,,,,TRRFHUEWTD
8895,9346,,,,,,,,TRUXAPWJMF
8896,9347,,,,,,,,TRWMPQNRKP
8897,9348,,,,,,,,TRXKCFWYFM
8898,9349,,,,,,,,TSAJSOJWXU
8899,9350,,,,,,,,TSCLUXMSSR
8900,9351,,,,,,,,TSDNAJKPSA
8901,9352,,,,,,,,TSHHZJFOAB
8902,9353,,,,,,,,TSJMYDKSPH
8903,9354,,,,,,,,TSOTRISAEY
8904,9355,,,,,,,,TSTBPUIGIR
8905,9356,,,,,,,,TSTIEQJQVP
8906,9357,,,,,,,,TSUUHIBPBM
8907,9358,,,,,,,,TSVCYWZEEF
8908,9359,,,,,,,,TSWACDEXSZ
8909,9360,,,,,,,,TSYWEGKNEB
8910,9361,,,,,,,,TTAHQWQKMI
8911,9362,,,,,,,,TTGDLEZIQS
8912,9363,,,,,,,,TTHAZAEKCZ
8913,9364,,,,,,,,TTHKKPAEEI
8914,9365,,,,,,,,TTJGKZQDZT
8915,9366,,,,,,,,TTKOAPHLJF
8916,9367,,,,,,,,TTOKSNSYQP
8917,9368,,,,,,,,TTPAIPMBXL
8918,9369,,,,,,,,TTQXYCPQSM
8919,9370,,,,,,,,TTTEXZGMSD
8920,9371,,,,,,,,TTTJCDBBJB
8921,9372,,,,,,,,TTTXMHBFJD
8922,9373,,,,,,,,TTUJEMBQWV
8923,9374,,,,,,,,TTVFUYMIVE
8924,9375,,,,,,,,TTWJLNDOIU
8925,9376,,,,,,,,TTYTCFGHXY
8926,9377,,,,,,,,TTZJPMTOPI
8927,9378,,,,,,,,TUDYHGHXMI
8928,9379,,,,,,,,TUEBUXSZFM
8929,9380,,,,,,,,TUFHEEBUJU
8930,9381,,,,,,,,TUGDDYHRSD
8931,9382,,,,,,,,TUIBXHWESG
8932,9383,,,,,,,,TUICNOJJRT
8933,9384,,,,,,,,TUKZRKNGZC
8934,9385,,,,,,,,TULVZHYHOY
8935,9386,,,,,,,,TUNDFRTHEU
8936,9387,,,,,,,,TUOLBSOCPK
8937,9388,,,,,,,,TUQGFYKHLE
8938,9389,,,,,,,,TUTMSFSEGN
8939,9390,,,,,,,,TUTSKNVTPQ
8940,9392,,,,,,,,TUUIXIEVSP
8941,9393,,,,,,,,TUVKNFEEHK
8942,9394,,,,,,,,TUVUXRLMJS
8943,9395,,,,,,,,TUWDRLVEER
8944,9396,,,,,,,,TUWZRGGKBI
8945,9397,,,,,,,,TUYGXSKAKG
8946,9398,,,,,,,,TUYRHWWPSC
8947,9399,,,,,,,,TVARRAWYAI
8948,9400,,,,,,,,TVBPUHZKZA
8949,9401,,,,,,,,TVFUWYQQAK
8950,9402,,,,,,,,TVHOHTDISQ
8951,9403,,,,,,,,TVHSAFUELY
8952,9404,,,,,,,,TVICAKEHXP
8953,9405,,,,,,,,TVMKTPRTZH
8954,9406,,,,,,,,TVMPIPNLOR
8955,9407,,,,,,,,TVMSMAVWFQ
8956,9408,,,,,,,,TVMXOCCFJS
8957,9409,,,,,,,,TVPEIKQUTF
8958,9410,,,,,,,,TVPZQNANIZ
8959,9411,,,,,,,,TVUDRCQQEH
8960,9412,,,,,,,,TVYCCZXNRO
8961,9413,,,,,,,,TWEGELGHBX
8962,9414,,,,,,,,TWEPABXGZW
8963,9415,,,,,,,,TWERYGENLM
8964,9416,,,,,,,,TWFURNXKXE
8965,9417,,,,,,,,TWJKNXOGIV
8966,9418,,,,,,,,TWJRXXMKSL
8967,9419,,,,,,,,TWKOAVTXMS
8968,9420,,,,,,,,TWPXEESRMC
8969,9421,,,,,,,,TWUDHOARUT
8970,9422,,,,,,,,TWURSWDVGS
8971,9423,,,,,,,,TWWZJBUOTM
8972,9424,,,,,,,,TWZUFADPZT
8973,9425,,,,,,,,TXANXRSAOU
8974,9426,,,,,,,,TXCYSIMFYD
8975,9427,,,,,,,,TXDKVAOJHN
8976,9428,,,,,,,,TXHLSKIAXE
8977,9429,,,,,,,,TXHPFUUWBK
8978,9430,,,,,,,,TXIPOHNKZZ
8979,9431,,,,,,,,TXJIXBWONY
8980,9432,,,,,,,,TXJMSFXCXL
8981,9433,,,,,,,,TXJWFAGBQW
8982,9434,,,,,,,,TXNJZYXHEV
8983,9435,,,,,,,,TXNKVAKCST
8984,9436,,,,,,,,TXNMXMYGTW
8985,9437,,,,,,,,TXOQMEISBC
8986,9438,,,,,,,,TXPHBBNTYE
8987,9439,,,,,,,,TXPWTKHMBE
8988,9440,,,,,,,,TXSDKGWFLK
8989,9441,,,,,,,,TXSIRLMCUJ
8990,9442,,,,,,,,TXWLUSMAEB
8991,9443,,,,,,,,TXYVGNREPL
8992,9444,,,,,,,,TYEPSNHOCJ
8993,9445,,,,,,,,TYKYEBXPCD
8994,9447,,,,,,,,TYLXIXMEPW
8995,9448,,,,,,,,TYNIEMPBKL
8996,9449,,,,,,,,TYQLKRWUIG
8997,9450,,,,,,,,TYQZCVNZJW
8998,9451,,,,,,,,TYTUYAKPGI
8999,9452,,,,,,,,TYUXDPQEUB
9000,9453,,,,,,,,TYVABVRGDO
9001,9454,,,,,,,,TYVFMQOHFJ
9002,9455,,,,,,,,TYXRBZNXNE
9003,9456,,,,,,,,TYXRYNCXKM
9004,9457,,,,,,,,TZBGTDWITM
9005,9458,,,,,,,,TZCOBDIVXN
9006,9459,,,,,,,,TZDBSEXUYY
9007,9460,,,,,,,,TZFPSPRKVK
9008,9461,,,,,,,,TZFXDEZAIO
9009,9462,,,,,,,,TZGCDIEJPN
9010,9463,,,,,,,,TZGROQOJPY
9011,9464,,,,,,,,TZGTIMTNNY
9012,9466,,,,,,,,TZIPAWSVOD
9013,9467,,,,,,,,TZLNPRFIIN
9014,9468,,,,,,,,TZNIKTJUIZ
9015,9469,,,,,,,,TZONUIQGIO
9016,9470,,,,,,,,TZSGQZRWUV
9017,9471,,,,,,,,TZWRGGQJUC
9018,9472,,,,,,,,UABBDKHNSS
9019,9473,,,,,,,,UADNOZMLDR
9020,9474,,,,,,,,UAEHQNVBSL
9021,9475,,,,,,,,UAFZJKUAVD
9022,9477,,,,,,,,UAHXFDWDXN
9023,9478,,,,,,,,UAIAUQGRTZ
9024,9479,,,,,,,,UAIQBPKRSK
9025,9480,,,,,,,,UAMMWAJJCS
9026,9481,,,,,,,,UAMOMQLDCO
9027,9482,,,,,,,,UANISJVOCG
9028,9483,,,,,,,,UAQPPNPCIE
9029,9484,,,,,,,,UASBWIFXMG
9030,9485,,,,,,,,UASIBLNEZC
9031,9486,,,,,,,,UASWZSYFSQ
9032,9487,,,,,,,,UAUPAUWFYS
9033,9488,,,,,,,,UAUSIIXPZX
9034,9489,,,,,,,,UAUVKXJEDN
9035,9490,,,,,,,,UAVSBGWIFO
9036,9491,,,,,,,,UAWYAWGRQZ
9037,9492,,,,,,,,UAXUCTTAGI
9038,9493,,,,,,,,UAYAEAQMPH
9039,9494,,,,,,,,UAYQUFAQIZ
9040,9495,,,,,,,,UAZGXWFDCP
9041,9496,,,,,,,,UBAQSKGVEX
9042,9497,,,,,,,,UBBRAWWQOO
9043,9499,,,,,,,,UBBYNTRSGC
9044,9500,,,,,,,,UBFYRQNUYC
9045,9501,,,,,,,,UBGBMIUGEV
9046,9502,,,,,,,,UBGECTWTRF
9047,9503,,,,,,,,UBHOKPMJEF
9048,9504,,,,,,,,UBIBCNUYEU
9049,9505,,,,,,,,UBNFZISDII
9050,9506,,,,,,,,UBOJKZZAHA
9051,9507,,,,,,,,UBOUEHADPC
9052,9508,,,,,,,,UBPLNTHUZX
9053,9509,,,,,,,,UBPUHKKFDL
9054,9510,,,,,,,,UBSCPSQDSS
9055,9511,,,,,,,,UBSHORSNMR
9056,9512,,,,,,,,UBSKVPBVUE
9057,9513,,,,,,,,UBXWPOSRMP
9058,9514,,,,,,,,UBZRBJQKUO
9059,9515,,,,,,,,UCAMJOSRRK
9060,9516,,,,,,,,UCCZKFPTFA
9061,9517,,,,,,,,UCEQTMPIQZ
9062,9518,,,,,,,,UCFQHXYVFU
9063,9519,,,,,,,,UCGVVKUNJL
9064,9520,,,,,,,,UCGXNIIXVR
9065,9521,,,,,,,,UCIUNDDNNF
9066,9522,,,,,,,,UCIWRHLECI
9067,9523,,,,,,,,UCJCJMLTPM
9068,9524,,,,,,,,UCKZHLMKHO
9069,9525,,,,,,,,UCMZZLAGTZ
9070,9526,,,,,,,,UCQYAPQFYU
9071,9527,,,,,,,,UCSWFKLCYP
9072,9529,,,,,,,,UCVVKFTYIK
9073,9530,,,,,,,,UCWPJBNJCZ
9074,9531,,,,,,,,UCXYEINXAX
9075,9532,,,,,,,,UCYPJYPZCY
9076,9533,,,,,,,,UCZCJMGIDE
9077,9534,,,,,,,,UCZPMQKLDR
9078,9535,,,,,,,,UDAZKCAPTA
9079,9536,,,,,,,,UDBUUFXRID
9080,9537,,,,,,,,UDDAXFEHTF
9081,9538,,,,,,,,UDJWAFZMTV
9082,9539,,,,,,,,UDUTSNAPBP
9083,9540,,,,,,,,UDVAEYYGKV
9084,9541,,,,,,,,UDVXSJBVYT
9085,9542,,,,,,,,UDVZMCBEOW
9086,9543,,,,,,,,UDWTYPQULH
9087,9544,,,,,,,,UECDAXSOOF
9088,9545,,,,,,,,UEENJOSZNN
9089,9546,,,,,,,,UEEPMTOPOP
9090,9547,,,,,,,,UEEWQDOTXP
9091,9548,,,,,,,,UEFLVYDCSU
9092,9550,,,,,,,,UEFOLYIWBN
9093,9551,,,,,,,,UEGGYFCMMG
9094,9552,,,,,,,,UEJHNBGHSF
9095,9553,,,,,,,,UEKHESXXFH
9096,9554,,,,,,,,UEKJAJNGPO
9097,9555,,,,,,,,UELWYCMDVJ
9098,9556,,,,,,,,UENATBULHC
9099,9557,,,,,,,,UEQUTWMTQV
9100,9558,,,,,,,,UEQVQHPMLG
9101,9559,,,,,,,,UERFQZPFRA
9102,9560,,,,,,,,UESTCUURLJ
9103,9561,,,,,,,,UETLGCQBDU
9104,9562,,,,,,,,UEXQVYRNES
9105,9563,,,,,,,,UFADRYVLWB
9106,9564,,,,,,,,UFBPQTMYTJ
9107,9565,,,,,,,,UFBRFKHZET
9108,9566,,,,,,,,UFETHEUATK
9109,9567,,,,,,,,UFFFVBFSQE
9110,9568,,,,,,,,UFFRUFQLMG
9111,9569,,,,,,,,UFNQBWAHSS
9112,9570,,,,,,,,UFQESQDFKN
9113,9571,,,,,,,,UFRHDVQUJI
9114,9572,,,,,,,,UFRUGEIZMN
9115,9573,,,,,,,,UFVFMAMPES
9116,9574,,,,,,,,UFXTMVZMCP
9117,9575,,,,,,,,UGEZUNREAN
9118,9576,,,,,,,,UGFXTBXHAM
9119,9577,,,,,,,,UGHFDHTXRD
9120,9578,,,,,,,,UGHKKMOKNV
9121,9579,,,,,,,,UGJNOFWVVX
9122,9580,,,,,,,,UGJQXQJAQQ
9123,9581,,,,,,,,UGJVCQKPUD
9124,9582,,,,,,,,UGKRTBQMBA
9125,9583,,,,,,,,UGMQPRIIAI
9126,9584,,,,,,,,UGNGPGRYDX
9127,9585,,,,,,,,UGQRIRORPZ
9128,9586,,,,,,,,UGTGZOCELN
9129,9587,,,,,,,,UGTMGEEHZN
9130,9588,,,,,,,,UGTTQPIEFX
9131,9589,,,,,,,,UGUSDOPQXQ
9132,9590,,,,,,,,UGWLDBSVDW
9133,9591,,,,,,,,UGXUNTELPK
9134,9592,,,,,,,,UHCNPEEYFC
9135,9593,,,,,,,,UHDREURKFH
9136,9594,,,,,,,,UHELJYQARV
9137,9595,,,,,,,,UHFUWDRSST
9138,9596,,,,,,,,UHGEWDQVEL
9139,9597,,,,,,,,UHHKYQAEXO
9140,9598,,,,,,,,UHKYYMOBIQ
9141,9599,,,,,,,,UHMOPLUWWS
9142,9600,,,,,,,,UHPBQAFWZA
9143,9601,,,,,,,,UHSEIAOPYH
9144,9602,,,,,,,,UHSHPMZKFD
9145,9603,,,,,,,,UHUYNDGDLY
9146,9604,,,,,,,,UHYUZWXBEB
9147,9605,,,,,,,,UHZMYUJDOS
9148,9606,,,,,,,,UIBJKWDIJN
9149,9607,,,,,,,,UICLTTQYNT
9150,9608,,,,,,,,UIDNNOOEDH
9151,9609,,,,,,,,UIEOOJRVZJ
9152,9610,,,,,,,,UIKTYHZIQQ
9153,9611,,,,,,,,UIKUWQABOU
9154,9612,,,,,,,,UILDBSSFOX
9155,9613,,,,,,,,UISPNXAYIG
9156,9615,,,,,,,,UITFASSREW
9157,9616,,,,,,,,UIWSJJYKWZ
9158,9617,,,,,,,,UIWWLGUKKT
9159,9618,,,,,,,,UIYVUXKCVW
9160,9619,,,,,,,,UJCMEXHYAB
9161,9620,,,,,,,,UJFBAGRIWN
9162,9621,,,,,,,,UJGODPNIOM
9163,9622,,,,,,,,UJHPPHYJPV
9164,9623,,,,,,,,UJKCVSBKNM
9165,9624,,,,,,,,UJMDTURPYG
9166,9625,,,,,,,,UJMODBVGXQ
9167,9626,,,,,,,,UJMVZCPDPS
9168,9627,,,,,,,,UJNWEXUNKK
9169,9628,,,,,,,,UJNZOXTAUV
9170,9629,,,,,,,,UJPPDPFFGB
9171,9630,,,,,,,,UJQTPYSTBU
9172,9631,,,,,,,,UJRJGZUPHP
9173,9632,,,,,,,,UJUDRMAWQV
9174,9633,,,,,,,,UJVBOKGZRY
9175,9634,,,,,,,,UJWDHDBCNN
9176,9635,,,,,,,,UJWHIBMDAD
9177,9636,,,,,,,,UJZOJNPBMC
9178,9637,,,,,,,,UJZRSXHKRH
9179,9638,,,,,,,,UKCNUIXOTJ
9180,9639,,,,,,,,UKEAVDRBIM
9181,9640,,,,,,,,UKEIJROIMJ
9182,9641,,,,,,,,UKESVDQGWS
9183,9642,,,,,,,,UKFEVBYABE
9184,9643,,,,,,,,UKFZKMHIZQ
9185,9644,,,,,,,,UKIGALKGUZ
9186,9645,,,,,,,,UKJHGILPAS
9187,9646,,,,,,,,UKNPRWBGLL
9188,9647,,,,,,,,UKOCNMXYTV
9189,9648,,,,,,,,UKPMQYPVQG
9190,9649,,,,,,,,UKQWPZRTIL
9191,9650,,,,,,,,UKRBBANIBF
9192,9651,,,,,,,,UKRYEIYOUK
9193,9652,,,,,,,,UKTNYHZETE
9194,9653,,,,,,,,UKTRNUYUTW
9195,9654,,,,,,,,UKVZKJVLSY
9196,9655,,,,,,,,UKWSHISUIS
9197,9656,,,,,,,,UKXUWSIUFL
9198,9657,,,,,,,,UKYDHUSYTA
9199,9658,,,,,,,,UKYTTUSVLW
9200,9659,,,,,,,,ULBGLFYWKI
9201,9660,,,,,,,,ULCSELKSOG
9202,9661,,,,,,,,ULJKQWIGKR
9203,9662,,,,,,,,ULKPONXKPV
9204,9663,,,,,,,,ULKPVLETMV
9205,9664,,,,,,,,ULLGAIXQBH
9206,9665,,,,,,,,ULLNQCLXKE
9207,9666,,,,,,,,ULLZQCGVGX
9208,9667,,,,,,,,ULPKCVRDNL
9209,9668,,,,,,,,ULPNLQYPCP
9210,9669,,,,,,,,ULQVIHCTZL
9211,9670,,,,,,,,ULREIJFOGI
9212,9671,,,,,,,,ULTIFNSAZZ
9213,9672,,,,,,,,ULTYATUSDF
9214,9673,,,,,,,,ULUFCJQPVZ
9215,9674,,,,,,,,ULUTUIKRRI
9216,9675,,,,,,,,ULXLJWLFEQ
9217,9676,,,,,,,,UMCQSEWULA
9218,9677,,,,,,,,UMDCYHOPAG
9219,9678,,,,,,,,UMFDVYBYBN
9220,9679,,,,,,,,UMGVSUPDUV
9221,9680,,,,,,,,UMGZCBUDEO
9222,9681,,,,,,,,UMHDEYCNOA
9223,9682,,,,,,,,UMLZFNKTEG
9224,9683,,,,,,,,UMMGJZUJCT
9225,9684,,,,,,,,UMNIWUVVDM
9226,9685,,,,,,,,UMRZPQPOZZ
9227,9686,,,,,,,,UMUFDJZJZL
9228,9687,,,,,,,,UMXPPKVQLL
9229,9688,,,,,,,,UMXTNNDJZF
9230,9689,,,,,,,,UMXWNANCFB
9231,9691,,,,,,,,UNBNCCJWPK
9232,9692,,,,,,,,UNDDEEEVWW
9233,9693,,,,,,,,UNFCPINDWT
9234,9694,,,,,,,,UNGBUPDKSM
9235,9695,,,,,,,,UNGUBTVIQL
9236,9696,,,,,,,,UNIRWWOAAW
9237,9697,,,,,,,,UNOUZZVWBD
9238,9698,,,,,,,,UNPRBSVZIH
9239,9699,,,,,,,,UNRQFCSGBA
9240,9700,,,,,,,,UNUSNTTYXR
9241,9701,,,,,,,,UNXLERZBKQ
9242,9702,,,,,,,,UNYGWWSQEE
9243,9703,,,,,,,,UOCFUQDLZJ
9244,9704,,,,,,,,UODSGZYBDF
9245,9705,,,,,,,,UOFHSNABFH
9246,9706,,,,,,,,UOIFWLFBND
9247,9707,,,,,,,,UOINWAOXPD
9248,9708,,,,,,,,UOKWAWLEIH
9249,9709,,,,,,,,UOLGOZCQQP
9250,9710,,,,,,,,UOPIHAFHRC
9251,9711,,,,,,,,UOPVFZGBAE
9252,9712,,,,,,,,UOQCMUEUDI
9253,9713,,,,,,,,UOQLPRPHGX
9254,9714,,,,,,,,UOQSCAMSUC
9255,9715,,,,,,,,UOSERFVWAK
9256,9716,,,,,,,,UOTKIPPHIC
9257,9717,,,,,,,,UOVVAKIOSK
9258,9718,,,,,,,,UOXQEAKFLI
9259,9719,,,,,,,,UOYQIWOLKA
9260,9720,,,,,,,,UPBMTDAEDX
9261,9721,,,,,,,,UPDPFSGRTG
9262,9722,,,,,,,,UPELAESVFE
9263,9723,,,,,,,,UPGODOUZQW
9264,9724,,,,,,,,UPJHDYQJPZ
9265,9726,,,,,,,,UPJPQPVPFW
9266,9727,,,,,,,,UPJRDYGSZP
9267,9728,,,,,,,,UPLFOIOWFM
9268,9729,,,,,,,,UPLUVCLNXK
9269,9730,,,,,,,,UPOZGNPFCQ
9270,9731,,,,,,,,UPPGLDPNCH
9271,9732,,,,,,,,UPPUHDZLMD
9272,9733,,,,,,,,UPRXBXDIDJ
9273,9734,,,,,,,,UPSBLQQSPG
9274,9735,,,,,,,,UPSDSGGPPE
9275,9736,,,,,,,,UPUARFVOIO
9276,9737,,,,,,,,UPVAKBWYHZ
9277,9738,,,,,,,,UPWENEAXIW
9278,9739,,,,,,,,UPXMXNQPFS
9279,9740,,,,,,,,UPXXLAIOEW
9280,9741,,,,,,,,UPZOIFWOHT
9281,9742,,,,,,,,UQBISANRAD
9282,9743,,,,,,,,UQFOJBZNFP
9283,9744,,,,,,,,UQHTZLDXJK
9284,9745,,,,,,,,UQHUUUHTGB
9285,9746,,,,,,,,UQMFPHQULI
9286,9747,,,,,,,,UQMMASNFKO
9287,9748,,,,,,,,UQQYLURDWR
9288,9749,,,,,,,,UQTGOWPLCK
9289,9750,,,,,,,,UQUAFVJIIA
9290,9751,,,,,,,,UQUYUXAUYX
9291,9752,,,,,,,,UQVBPHPHUD
9292,9753,,,,,,,,UQXSLGRPAE
9293,9754,,,,,,,,URAKSSTMNF
9294,9755,,,,,,,,URCHJWNPVK
9295,9756,,,,,,,,URERQNQXAY
9296,9758,,,,,,,,URFJCBHCVR
9297,9759,,,,,,,,URHFSSSXNE
9298,9760,,,,,,,,URHLHEPWST
9299,9761,,,,,,,,URJYMWYPRX
9300,9763,,,,,,,,URLQTCUKVP
9301,9764,,,,,,,,URMJAOJSPY
9302,9765,,,,,,,,URMWQTLEOS
9303,9766,,,,,,,,UROXWOUFBL
9304,9767,,,,,,,,URPPWOXMRQ
9305,9769,,,,,,,,URQKOWQDRJ
9306,9770,,,,,,,,URUROBOOTW
9307,9771,,,,,,,,URUWJPAUCL
9308,9772,,,,,,,,URVARRIBAV
9309,9773,,,,,,,,URVRLHCXGT
9310,9774,,,,,,,,URWWFMIQXE
9311,9775,,,,,,,,USAPWIVBVO
9312,9776,,,,,,,,USDPOJXCWB
9313,9778,,,,,,,,USEBAVXNMP
9314,9779,,,,,,,,USEDQJJTXO
9315,9780,,,,,,,,USFUARQZAD
9316,9781,,,,,,,,USGLNJKBMX
9317,9782,,,,,,,,USGQPIMAQT
9318,9783,,,,,,,,USIXPGLKHG
9319,9784,,,,,,,,USLJWUQNTK
9320,9785,,,,,,,,USLSSFIDYW
9321,9786,,,,,,,,USMFEQGTPQ
9322,9787,,,,,,,,USMKOFGAHT
9323,9788,,,,,,,,USMNUCWHSH
9324,9789,,,,,,,,USQZFZHKIH
9325,9790,,,,,,,,USRQENZAXW
9326,9791,,,,,,,,USSBAZPXUX
9327,9792,,,,,,,,USSMVNOYXN
9328,9793,,,,,,,,USTZJZZRTR
9329,9794,,,,,,,,USWJVUTMPC
9330,9795,,,,,,,,USWVYZUYXP
9331,9796,,,,,,,,USYALQDWXK
9332,9797,,,,,,,,USYNEBBACD
9333,9798,,,,,,,,UTBBUQJDWH
9334,9799,,,,,,,,UTETTQHDKA
9335,9800,,,,,,,,UTGESENNOU
9336,9801,,,,,,,,UTIMHHOHJP
9337,9802,,,,,,,,UTKTREROAW
9338,9803,,,,,,,,UTLWLEORYD
9339,9804,,,,,,,,UTOBGSKPVV
9340,9805,,,,,,,,UTOEEFAPBO
9341,9806,,,,,,,,UTONPGHFCC
9342,9807,,,,,,,,UTQHWXWPMD
9343,9809,,,,,,,,UTSUFGHFOV
9344,9810,,,,,,,,UTUNLALFHY
9345,9811,,,,,,,,UTVYDBFXWT
9346,9812,,,,,,,,UTXSSFRTJX
9347,9813,,,,,,,,UUCNURGCOD
9348,9815,,,,,,,,UUDWZRXEXK
9349,9816,,,,,,,,UUEEYJNNQD
9350,9817,,,,,,,,UUIOZILWBK
9351,9818,,,,,,,,UUIRJFBVZG
9352,9819,,,,,,,,UUJLHGAIBI
9353,9820,,,,,,,,UUJLYIPBRT
9354,9821,,,,,,,,UUMDOADYAN
9355,9822,,,,,,,,UUNDFJEJQR
9356,9823,,,,,,,,UUNLIDNPIN
9357,9824,,,,,,,,UUONQEWDTJ
9358,9825,,,,,,,,UUPIKIBZEC
9359,9826,,,,,,,,UUQLDYXWJR
9360,9827,,,,,,,,UUQVNHSVAC
9361,9828,,,,,,,,UURITDZLNT
9362,9829,,,,,,,,UURPCRFCUR
9363,9830,,,,,,,,UUZCPAPHRZ
9364,9831,,,,,,,,UVDKMISEOH
9365,9832,,,,,,,,UVGMXLPMDE
9366,9834,,,,,,,,UVHAIDCOSH
9367,9835,,,,,,,,UVIUCSDCNO
9368,9836,,,,,,,,UVKIZKWFOE
9369,9837,,,,,,,,UVOOKLHPPX
9370,9838,,,,,,,,UVPDZJTCCY
9371,9839,,,,,,,,UVQUMDHVGR
9372,9840,,,,,,,,UVSZGNITOF
9373,9842,,,,,,,,UVUBIERIOB
9374,9843,,,,,,,,UVUGCCQAPY
9375,9844,,,,,,,,UVWCBNSKMD
9376,9845,,,,,,,,UVWYITKUTN
9377,9846,,,,,,,,UVYZHZGYCV
9378,9847,,,,,,,,UVZAQWHCUK
9379,9848,,,,,,,,UWBLYLUHRM
9380,9849,,,,,,,,UWDTEQGGAN
9381,9850,,,,,,,,UWFSKFZNZK
9382,9852,,,,,,,,UWHLATBTWA
9383,9853,,,,,,,,UWHXMIKRSV
9384,9854,,,,,,,,UWIPOTFDJH
9385,9855,,,,,,,,UWLCCXVHKH
9386,9856,,,,,,,,UWLXOOHJGN
9387,9857,,,,,,,,UWNSCYZYGE
9388,9858,,,,,,,,UWPRAWXWVI
9389,9859,,,,,,,,UWPYDDUWKA
9390,9860,,,,,,,,UWRIJQLQJL
9391,9861,,,,,,,,UWRVSWRPKP
9392,9862,,,,,,,,UWSOQSMTIK
9393,9863,,,,,,,,UWTASZEYNL
9394,9864,,,,,,,,UWUTZRTWFP
9395,9865,,,,,,,,UWVNBAHBLJ
9396,9866,,,,,,,,UWYFBZFMKQ
9397,9867,,,,,,,,UWYPKWBORW
9398,9868,,,,,,,,UWYUXQUJDJ
9399,9869,,,,,,,,UXBAWFBGUO
9400,9870,,,,,,,,UXCMGGBDVZ
9401,9871,,,,,,,,UXDNPTPECX
9402,9872,,,,,,,,UXDXUTAIGM
9403,9873,,,,,,,,UXHKQSMYVV
9404,9874,,,,,,,,UXLBOLCCCO
9405,9875,,,,,,,,UXMMWSCPIB
9406,9876,,,,,,,,UXOYISCRAO
9407,9877,,,,,,,,UXRFFVCLFO
9408,9878,,,,,,,,UXRPAUQZVU
9409,9879,,,,,,,,UXSLRAMJJU
9410,9880,,,,,,,,UXTXKMFKJT
9411,9881,,,,,,,,UXUTXGQJDN
9412,9882,,,,,,,,UXXCIQRBUS
9413,9883,,,,,,,,UYCJPQYOUB
9414,9884,,,,,,,,UYEBOJFQPF
9415,9885,,,,,,,,UYHBEVKHUE
9416,9886,,,,,,,,UYHQDCGWUA
9417,9887,,,,,,,,UYITBXWWAK
9418,9888,,,,,,,,UYJZZVJCZM
9419,9889,,,,,,,,UYKJNEVWXM
9420,9890,,,,,,,,UYLYZIPJWQ
9421,9891,,,,,,,,UYLZQRDHBR
9422,9892,,,,,,,,UYMRSYYFRF
9423,9893,,,,,,,,UYNAJZAMRN
9424,9894,,,,,,,,UYOSTPRYOX
9425,9895,,,,,,,,UYPVLHPEWC
9426,9896,,,,,,,,UYQVWDHFPQ
9427,9897,,,,,,,,UYTFUGRJQV
9428,9898,,,,,,,,UYYGZKKOYY
9429,9899,,,,,,,,UYZTXBZLBB
9430,9900,,,,,,,,UZCBTDSYBG
9431,9901,,,,,,,,UZCDKOZDRZ
9432,9902,,,,,,,,UZHLHRXRPS
9433,9903,,,,,,,,UZHLTFJZCO
9434,9904,,,,,,,,UZIDJUEORE
9435,9905,,,,,,,,UZIKGEBJHZ
9436,9906,,,,,,,,UZKIBZVDHF
9437,9907,,,,,,,,UZLJPVTCXM
9438,9908,,,,,,,,UZLYCYJLUJ
9439,9909,,,,,,,,UZMQQCBBKE
9440,9910,,,,,,,,UZMRMNNZPP
9441,9911,,,,,,,,UZNAINNFPP
9442,9912,,,,,,,,UZNPIVTKAE
9443,9913,,,,,,,,UZOKQNCUMJ
9444,9914,,,,,,,,UZPBYJGCUW
9445,9915,,,,,,,,UZQZQTKBPV
9446,9916,,,,,,,,UZRUTNHSBT
9447,9917,,,,,,,,UZWIGCSPHH
9448,9918,,,,,,,,UZZZOWGAUJ
9449,9919,,,,,,,,VABPPLPKBI
9450,9920,,,,,,,,VAEDUWQXBI
9451,9921,,,,,,,,VAEMAQTLXO
9452,9922,,,,,,,,VAEQZBKMLF
9453,9923,,,,,,,,VAJYUEXYDE
9454,9924,,,,,,,,VAMCSRABYZ
9455,9925,,,,,,,,VANJAIRASN
9456,9926,,,,,,,,VAPDKQDUXN
9457,9928,,,,,,,,VARKGSYEIV
9458,9929,,,,,,,,VARMGWBYWK
9459,9930,,,,,,,,VARVAVCNTE
9460,9931,,,,,,,,VAUSUPUYIY
9461,9932,,,,,,,,VAYHQOZZOR
9462,9933,,,,,,,,VAYIQMQOVS
9463,9934,,,,,,,,VAZODTSMVF
9464,9935,,,,,,,,VBAJTWLKEQ
9465,9936,,,,,,,,VBEIGJQTXG
9466,9937,,,,,,,,VBIKENPYCB
9467,9938,,,,,,,,VBIVRLQJLG
9468,9939,,,,,,,,VBJONLKFLV
9469,9940,,,,,,,,VBLGHLMEVE
9470,9941,,,,,,,,VBLOZZZWJS
9471,9942,,,,,,,,VBMYIHESMS
9472,9943,,,,,,,,VBODRUNSKB
9473,9944,,,,,,,,VBOPNUJWDB
9474,9945,,,,,,,,VBQVQRZFYG
9475,9946,,,,,,,,VBTNOYEZZP
9476,9947,,,,,,,,VBUGXTAMBT
9477,9948,,,,,,,,VBWBZGXQTD
9478,9949,,,,,,,,VBZKNCFPBU
9479,9950,,,,,,,,VCAGVCOFRT
9480,9951,,,,,,,,VCBSIYWQGY
9481,9952,,,,,,,,VCDZUIQOPB
9482,9953,,,,,,,,VCECJKUKUM
9483,9954,,,,,,,,VCEWNUSQLL
9484,9955,,,,,,,,VCEZPURAXZ
9485,9956,,,,,,,,VCFNGKLTGU
9486,9957,,,,,,,,VCILMHAQYC
9487,9958,,,,,,,,VCMVJPOWWM
9488,9959,,,,,,,,VCMYBLDMIU
9489,9960,,,,,,,,VCNKGSMDCS
9490,9961,,,,,,,,VCPBRYBMQK
9491,9962,,,,,,,,VCPWBOLYUQ
9492,9963,,,,,,,,VCQOQRUTVJ
9493,9964,,,,,,,,VCTLLLMTYX
9494,9965,,,,,,,,VCUVRSTEVI
9495,9966,,,,,,,,VCVGZXIQAN
9496,9967,,,,,,,,VCVNHPPOSC
9497,9968,,,,,,,,VCXQRWUNDL
9498,9969,,,,,,,,VCXQXAQQMX
9499,9970,,,,,,,,VCYBYGEZSA
9500,9973,,,,,,,,VCYWYVOHAF
9501,9974,,,,,,,,VCYZMNQFYN
9502,9975,,,,,,,,VCZQBLQCHB
9503,9976,,,,,,,,VDADLYSSQT
9504,9977,,,,,,,,VDBWHAWROU
9505,9979,,,,,,,,VDDDXLVYGW
9506,9980,,,,,,,,VDDYNXOWXC
9507,9981,,,,,,,,VDECPRNIEE
9508,9982,,,,,,,,VDEQNVNZEU
9509,9983,,,,,,,,VDEXUKFRCM
9510,9984,,,,,,,,VDMLKFJKHK
9511,9985,,,,,,,,VDNSSYZSEO
9512,9986,,,,,,,,VDNVRNQBWI
9513,9987,,,,,,,,VDQGMLTNCP
9514,9988,,,,,,,,VDQHHTWPAP
9515,9989,,,,,,,,VDTSJQOFMT
9516,9990,,,,,,,,VDUODCFMKI
9517,9991,,,,,,,,VDWFQGALHA
9518,9992,,,,,,,,VDYFGIGGYL
9519,9993,,,,,,,,VDZWKUDIMS
9520,9994,,,,,,,,VEANALHEQH
9521,9995,,,,,,,,VEFZRLTAUG
9522,9996,,,,,,,,VEGDYROUWU
9523,9997,,,,,,,,VEHBHEYLMX
9524,9998,,,,,,,,VEHKOTILTM
9525,9999,,,,,,,,VEHWDJAJAS
9526,10000,,,,,,,,VEIGZWPJLR
9527,10001,,,,,,,,VEKJQPVWEU
9528,10002,,,,,,,,VELMKJUWAQ
9529,10003,,,,,,,,VEMHIUNVDE
9530,10004,,,,,,,,VEOKXPPDER
9531,10005,,,,,,,,VEQAHYCROG
9532,10006,,,,,,,,VERUWIBTGH
9533,10007,,,,,,,,VETZSDGBJA
9534,10008,,,,,,,,VEULWJMSOH
9535,10009,,,,,,,,VEVFKMTWFE
9536,10010,,,,,,,,VEVTPRPYKQ
9537,10011,,,,,,,,VEXITLOFLG
9538,10012,,,,,,,,VEYIFYUIOP
9539,10013,,,,,,,,VEZIGXCWFN
9540,10014,,,,,,,,VFDGXVSMGI
9541,10015,,,,,,,,VFFXEUUHGE
9542,10016,,,,,,,,VFIZXJSLWT
9543,10017,,,,,,,,VFLJYSRGLH
9544,10018,,,,,,,,VFOKVUEWNV
9545,10019,,,,,,,,VFOTWYAXYQ
9546,10020,,,,,,,,VFOWWJOFSS
9547,10021,,,,,,,,VFPNGDJSYJ
9548,10022,,,,,,,,VFPPSOKYPY
9549,10023,,,,,,,,VFRJUZSLHR
9550,10024,,,,,,,,VFRWGXREVC
9551,10025,,,,,,,,VFTFDSHOYE
9552,10026,,,,,,,,VFTFTRESXA
9553,10027,,,,,,,,VFVLDSGGAH
9554,10028,,,,,,,,VFVYNUSVFY
9555,10029,,,,,,,,VFXPQLSQOI
9556,10030,,,,,,,,VGBIQSKPLX
9557,10032,,,,,,,,VGBUUXAYOP
9558,10033,,,,,,,,VGDBKMODWJ
9559,10034,,,,,,,,VGDKRPKQSO
9560,10035,,,,,,,,VGEEPNYDXZ
9561,10036,,,,,,,,VGFGAEHIDL
9562,10037,,,,,,,,VGGYYSOOHE
9563,10038,,,,,,,,VGIQAXBLBZ
9564,10039,,,,,,,,VGJTMUCJFA
9565,10040,,,,,,,,VGJWFRVUVZ
9566,10041,,,,,,,,VGKTYROPWG
9567,10042,,,,,,,,VGLSGIBGGY
9568,10043,,,,,,,,VGMUWRIPJD
9569,10044,,,,,,,,VGNBRFJLYD
9570,10045,,,,,,,,VGOIEBGGHT
9571,10046,,,,,,,,VGPMFJPOTN
9572,10047,,,,,,,,VGRDPZKGGX
9573,10048,,,,,,,,VGRTXESVAH
9574,10050,,,,,,,,VGUIXNHXCM
9575,10051,,,,,,,,VGUSFNXHYG
9576,10052,,,,,,,,VGWFFDFJHT
9577,10053,,,,,,,,VGZCKBPIJA
9578,10054,,,,,,,,VGZIVOUUTS
9579,10055,,,,,,,,VHANYAULAG
9580,10056,,,,,,,,VHAOJLAPSC
9581,10057,,,,,,,,VHBBEBUCXO
9582,10058,,,,,,,,VHBMDGBJIO
9583,10059,,,,,,,,VHCUWJZMNU
9584,10060,,,,,,,,VHCXJEFXJA
9585,10061,,,,,,,,VHIAQAURPA
9586,10062,,,,,,,,VHISUKMESC
9587,10063,,,,,,,,VHKODSIJXM
9588,10064,,,,,,,,VHKRSWWREF
9589,10065,,,,,,,,VHKXQMJMMP
9590,10066,,,,,,,,VHMRMTDGVG
9591,10067,,,,,,,,VHNHJHXMRZ
9592,10068,,,,,,,,VHQNNYWNHT
9593,10069,,,,,,,,VHRHQEWVPA
9594,10070,,,,,,,,VHSMMEFNDA
9595,10071,,,,,,,,VIBQTNWXXU
9596,10072,,,,,,,,VIDRZBGTOP
9597,10073,,,,,,,,VIDUTOJNZQ
9598,10075,,,,,,,,VIEHRPBOHZ
9599,10076,,,,,,,,VIEZUKYOYN
9600,10077,,,,,,,,VIHSZEQUBL
9601,10078,,,,,,,,VIIBIKIXLL
9602,10080,,,,,,,,VIJXQCYDEW
9603,10081,,,,,,,,VINDWBZZXN
9604,10082,,,,,,,,VIOQCYHCMP
9605,10083,,,,,,,,VIQFFCXSET
9606,10084,,,,,,,,VIQNDTATLY
9607,10085,,,,,,,,VIRNYBMPTI
9608,10086,,,,,,,,VITSXOUYOK
9609,10087,,,,,,,,VIUBBRYEBQ
9610,10088,,,,,,,,VIVFPTQTUZ
9611,10089,,,,,,,,VIXGQNQWJN
9612,10090,,,,,,,,VIXSBUZWVS
9613,10091,,,,,,,,VJAVCWPGUX
9614,10092,,,,,,,,VJBNJNZTMF
9615,10093,,,,,,,,VJCVOXCWEB
9616,10094,,,,,,,,VJERIFVDJQ
9617,10095,,,,,,,,VJHLXCABFH
9618,10096,,,,,,,,VJKAUVJOGO
9619,10097,,,,,,,,VJPYSTXPZS
9620,10098,,,,,,,,VJQDZBWIWD
9621,10099,,,,,,,,VJUSZTDYAT
9622,10101,,,,,,,,VJUZJYYPSV
9623,10103,,,,,,,,VJVNYNVWRC
9624,10104,,,,,,,,VJZOUFHGSQ
9625,10105,,,,,,,,VKAYUAPTNB
9626,10106,,,,,,,,VKCMFLHDMT
9627,10107,,,,,,,,VKGFDLQPYU
9628,10108,,,,,,,,VKGWFOFWLM
9629,10109,,,,,,,,VKHHYECQCS
9630,10110,,,,,,,,VKHZQCZHJZ
9631,10111,,,,,,,,VKIKTVMKFV
9632,10112,,,,,,,,VKIVIDYFLZ
9633,10113,,,,,,,,VKKLUGLNDD
9634,10114,,,,,,,,VKKWJLSCWC
9635,10115,,,,,,,,VKOIVHDEQV
9636,10116,,,,,,,,VKORPBWGOB
9637,10117,,,,,,,,VKPMPVBBPQ
9638,10118,,,,,,,,VKQRYNZTGX
9639,10119,,,,,,,,VKRLVPEGIA
9640,10120,,,,,,,,VKRZEVRXRA
9641,10121,,,,,,,,VKTDAARAJW
9642,10122,,,,,,,,VKTEXHAPLS
9643,10123,,,,,,,,VKVALRAFAV
9644,10124,,,,,,,,VKVDPYAUCE
9645,10125,,,,,,,,VKWMEQMLDI
9646,10126,,,,,,,,VKYGHKEKLI
9647,10127,,,,,,,,VLBACZSXTU
9648,10128,,,,,,,,VLDOXNOAHL
9649,10129,,,,,,,,VLDSQFDCOF
9650,10131,,,,,,,,VLEJKQLQNR
9651,10132,,,,,,,,VLEVTCHWYX
9652,10133,,,,,,,,VLFMWLQUYY
9653,10134,,,,,,,,VLFXGCNANB
9654,10135,,,,,,,,VLILDSMGRB
9655,10136,,,,,,,,VLIPGDIGIJ
9656,10137,,,,,,,,VLISOZKLOZ
9657,10138,,,,,,,,VLJJJHYDCS
9658,10139,,,,,,,,VLJYQZZWZN
9659,10140,,,,,,,,VLRHZRLNJO
9660,10141,,,,,,,,VLSZAHUPJF
9661,10142,,,,,,,,VLUTFLSNKI
9662,10143,,,,,,,,VLWURMMMEP
9663,10144,,,,,,,,VLXLMKNCHM
9664,10145,,,,,,,,VLXYKCKPRC
9665,10146,,,,,,,,VLYDCSUAIG
9666,10147,,,,,,,,VLYMSRMAMO
9667,10148,,,,,,,,VLYTSSYJUK
9668,10149,,,,,,,,VLZPJZILVL
9669,10150,,,,,,,,VMALORHFFD
9670,10151,,,,,,,,VMATALNNXF
9671,10152,,,,,,,,VMCEBVZTTX
9672,10153,,,,,,,,VMENIJZZYY
9673,10154,,,,,,,,VMFKPWTTTU
9674,10155,,,,,,,,VMGGBQYPVQ
9675,10156,,,,,,,,VMHWFVEBWK
9676,10157,,,,,,,,VMNBSCTIAY
9677,10158,,,,,,,,VMOSFXAMUF
9678,10159,,,,,,,,VMPPSLAXFD
9679,10160,,,,,,,,VMREJPMBTO
9680,10161,,,,,,,,VMSGFZOFMO
9681,10162,,,,,,,,VMTJLQHRFU
9682,10163,,,,,,,,VMUOIQRDZY
9683,10164,,,,,,,,VMUOTKIQDV
9684,10165,,,,,,,,VMWZLEYEES
9685,10166,,,,,,,,VMXETKUQRO
9686,10167,,,,,,,,VMYEOKBUGE
9687,10168,,,,,,,,VMYGFSSWHA
9688,10169,,,,,,,,VMYRNVYGHP
9689,10170,,,,,,,,VMZSXEUJHH
9690,10171,,,,,,,,VNBEAUKDUW
9691,10172,,,,,,,,VNDUWKSQQC
9692,10173,,,,,,,,VNENNZXPRZ
9693,10174,,,,,,,,VNESTAVAAQ
9694,10175,,,,,,,,VNFCSIAMBE
9695,10176,,,,,,,,VNIHTVMTCJ
9696,10177,,,,,,,,VNJCYECKIC
9697,10178,,,,,,,,VNKJUWKOIU
9698,10179,,,,,,,,VNOFYKMYBK
9699,10180,,,,,,,,VNPHKNTIAR
9700,10181,,,,,,,,VNQKSHJOMV
9701,10182,,,,,,,,VNQRWNLWEK
9702,10183,,,,,,,,VNROWNIFOD
9703,10184,,,,,,,,VNSLPNXZIC
9704,10185,,,,,,,,VNVIDSMATT
9705,10186,,,,,,,,VNWHTKCVXP
9706,10187,,,,,,,,VNWWPEYHCM
9707,10188,,,,,,,,VNXDOOOHRB
9708,10189,,,,,,,,VNXVKHBEZN
9709,10190,,,,,,,,VNZDJUOQCM
9710,10191,,,,,,,,VOBAYILHZU
9711,10192,,,,,,,,VOBDKBKCXY
9712,10193,,,,,,,,VOBEVBFQXH
9713,10194,,,,,,,,VOCXTJDDHD
9714,10195,,,,,,,,VOEMGTIZVT
9715,10196,,,,,,,,VOFNUKRNIM
9716,10197,,,,,,,,VOGOFLMPFH
9717,10198,,,,,,,,VOGRHMNUSY
9718,10199,,,,,,,,VOHYBICAYS
9719,10200,,,,,,,,VOJRHQNPOC
9720,10201,,,,,,,,VOJVTDUXLQ
9721,10202,,,,,,,,VOJWCAMHEM
9722,10203,,,,,,,,VOKGTVKGHS
9723,10204,,,,,,,,VOMAWFYMHK
9724,10205,,,,,,,,VOMRMNEKWC
9725,10206,,,,,,,,VONHTJHTOX
9726,10207,,,,,,,,VOOMUXMMFN
9727,10208,,,,,,,,VOOTYELWHE
9728,10209,,,,,,,,VORHQKLCGO
9729,10211,,,,,,,,VORPPKSTPD
9730,10212,,,,,,,,VOSGNYPZUO
9731,10213,,,,,,,,VOSPJOFGNR
9732,10214,,,,,,,,VOTACUIVFK
9733,10215,,,,,,,,VOVJFDBTER
9734,10216,,,,,,,,VOWXAUPSCJ
9735,10217,,,,,,,,VOXULNAOJN
9736,10218,,,,,,,,VOYBMPOMAU
9737,10219,,,,,,,,VOZMFJTMRM
9738,10220,,,,,,,,VOZPKNVDCV
9739,10221,,,,,,,,VOZVCRRYLM
9740,10223,,,,,,,,VOZZKXMPHQ
9741,10224,,,,,,,,VPCKPWXULW
9742,10225,,,,,,,,VPDDCDNJDE
9743,10226,,,,,,,,VPDOJIJAOG
9744,10227,,,,,,,,VPGXTPCHKP
9745,10228,,,,,,,,VPIEJIBFPW
9746,10229,,,,,,,,VPJTFJPBMN
9747,10230,,,,,,,,VPJUFOLGBU
9748,10231,,,,,,,,VPNKDNXIVK
9749,10232,,,,,,,,VPNYVMTMDF
9750,10233,,,,,,,,VPPKOMJZAZ
9751,10234,,,,,,,,VPPNSYXKKF
9752,10235,,,,,,,,VPPNYZFRHL
9753,10236,,,,,,,,VPRXZMKDJI
9754,10237,,,,,,,,VPSEREXFUY
9755,10238,,,,,,,,VPSIPSEOYE
9756,10239,,,,,,,,VPSRJZLUVX
9757,10240,,,,,,,,VPTSEBIJLC
9758,10241,,,,,,,,VPVMDOPWQU
9759,10242,,,,,,,,VPWNOJTJWF
9760,10243,,,,,,,,VPWYFEDIPY
9761,10244,,,,,,,,VPXPMLRPVQ
9762,10246,,,,,,,,VPXQZQCHQL
9763,10247,,,,,,,,VPYDBZVHTE
9764,10249,,,,,,,,VPZPPZTJKL
9765,10250,,,,,,,,VQCHQXUHME
9766,10251,,,,,,,,VQDJFCGZCG
9767,10252,,,,,,,,VQFAUGGYWV
9768,10253,,,,,,,,VQGEABGLKJ
9769,10254,,,,,,,,VQHXMMSKZR
9770,10255,,,,,,,,VQIEBSMYCF
9771,10256,,,,,,,,VQPAGKIJTK
9772,10257,,,,,,,,VQSODZFYPV
9773,10258,,,,,,,,VQTKZNBBDF
9774,10259,,,,,,,,VQVOHLRYCO
9775,10260,,,,,,,,VQWJDHIYAC
9776,10261,,,,,,,,VQXJSTIGGA
9777,10262,,,,,,,,VRBNQQZXFE
9778,10263,,,,,,,,VRCETIUTBT
9779,10264,,,,,,,,VRCNOZYTLP
9780,10265,,,,,,,,VRDMLMJLQY
9781,10266,,,,,,,,VREVNCCUVT
9782,10267,,,,,,,,VRJYNCZRFY
9783,10268,,,,,,,,VRKFSBCMMI
9784,10269,,,,,,,,VRNBULHDBA
9785,10270,,,,,,,,VRPVASAJJY
9786,10271,,,,,,,,VRQSJCQNWY
9787,10273,,,,,,,,VRQXHUISKH
9788,10274,,,,,,,,VRRGURNTMA
9789,10275,,,,,,,,VRSTCDGDOY
9790,10276,,,,,,,,VRTMBXAOOI
9791,10277,,,,,,,,VRVZHVQAOR
9792,10278,,,,,,,,VRXWOIKQNB
9793,10279,,,,,,,,VRYDJUOCRG
9794,10280,,,,,,,,VRYPIKRJGM
9795,10281,,,,,,,,VRZLTAZKAD
9796,10282,,,,,,,,VRZYPNYKDN
9797,10283,,,,,,,,VSAFRIAQCJ
9798,10284,,,,,,,,VSAOGDQREV
9799,10285,,,,,,,,VSAOUGQGCK
9800,10286,,,,,,,,VSAUSURNVU
9801,10287,,,,,,,,VSCOYVHPJW
9802,10288,,,,,,,,VSDLIBMCKH
9803,10289,,,,,,,,VSFPTDGWPV
9804,10290,,,,,,,,VSGQLQFDOW
9805,10291,,,,,,,,VSJAQTNAQG
9806,10292,,,,,,,,VSJMYEUPPN
9807,10293,,,,,,,,VSMDPWDSOU
9808,10294,,,,,,,,VSNKJZSFXL
9809,10296,,,,,,,,VSOMGLEBUC
9810,10297,,,,,,,,VSSOQESFUS
9811,10298,,,,,,,,VSSVJLLMED
9812,10299,,,,,,,,VSTQOJVGUX
9813,10300,,,,,,,,VSUEHMTMXE
9814,10301,,,,,,,,VSVOGZBMCC
9815,10302,,,,,,,,VSWDDQRFSF
9816,10304,,,,,,,,VSWIZRHHEH
9817,10305,,,,,,,,VSZCXKRMVW
9818,10306,,,,,,,,VTBXIBZDOJ
9819,10307,,,,,,,,VTDRLEOEMR
9820,10308,,,,,,,,VTDYYRBURH
9821,10309,,,,,,,,VTFRAUCJTO
9822,10311,,,,,,,,VTHEXUZWCX
9823,10313,,,,,,,,VTOESVBNRQ
9824,10314,,,,,,,,VTPFAYVXRC
9825,10315,,,,,,,,VTPROTASWK
9826,10316,,,,,,,,VTQJHATPAX
9827,10317,,,,,,,,VTRXRQCUXZ
9828,10318,,,,,,,,VTRYFUGCIU
9829,10319,,,,,,,,VTTCIBWJSJ
9830,10320,,,,,,,,VTTIWMZIAT
9831,10321,,,,,,,,VTTOIIOXSX
9832,10323,,,,,,,,VTVQZBTEVC
9833,10324,,,,,,,,VTYJOMIKQC
9834,10325,,,,,,,,VTYTCGYSFU
9835,10326,,,,,,,,VUBQAVNTFU
9836,10327,,,,,,,,VUCECXHYEC
9837,10328,,,,,,,,VUCVHLKJJO
9838,10329,,,,,,,,VUFIVRSNYQ
9839,10330,,,,,,,,VUHMNPTSUU
9840,10331,,,,,,,,VUHSWNMGHH
9841,10332,,,,,,,,VUNWIDSOJT
9842,10333,,,,,,,,VUPTGEEZXT
9843,10334,,,,,,,,VURRSVBRNA
9844,10335,,,,,,,,VUTILGQMYJ
9845,10336,,,,,,,,VUTPHFUBUJ
9846,10337,,,,,,,,VUYHOAWNSO
9847,10338,,,,,,,,VUYHZLENBU
9848,10339,,,,,,,,VUYPAMSZCB
9849,10340,,,,,,,,VUZLWIFHQJ
9850,10341,,,,,,,,VVBUAISIPX
9851,10342,,,,,,,,VVCTIPGMMH
9852,10343,,,,,,,,VVDETDNFCA
9853,10344,,,,,,,,VVDRQCNQSX
9854,10345,,,,,,,,VVEBTCTKRN
9855,10346,,,,,,,,VVGKOXBVAT
9856,10347,,,,,,,,VVNFZCVLJE
9857,10348,,,,,,,,VVOKMXBZUR
9858,10349,,,,,,,,VVTZOXTXKC
9859,10350,,,,,,,,VVUUOVNBYU
9860,10351,,,,,,,,VVWBVFTEDC
9861,10352,,,,,,,,VVXFFHOJGY
9862,10353,,,,,,,,VVXYGIZOMH
9863,10354,,,,,,,,VWCZHHAPAU
9864,10355,,,,,,,,VWDAOSEHQR
9865,10356,,,,,,,,VWFLWHSUAD
9866,10357,,,,,,,,VWGBCNYEHF
9867,10358,,,,,,,,VWHZLTIXCV
9868,10359,,,,,,,,VWIYUMOKLQ
9869,10360,,,,,,,,VWLRAZTMDR
9870,10361,,,,,,,,VWMHOFUVHH
9871,10363,,,,,,,,VWMVNVBEIK
9872,10364,,,,,,,,VWNSYLULUL
9873,10365,,,,,,,,VWPITIVBBZ
9874,10366,,,,,,,,VWPTBVEGYT
9875,10367,,,,,,,,VWPXVWMOGP
9876,10368,,,,,,,,VWQWMEGBFJ
9877,10369,,,,,,,,VWTTZIOENI
9878,10370,,,,,,,,VWTUFLQVGC
9879,10371,,,,,,,,VWWXOXXNKU
9880,10372,,,,,,,,VWZBJQVTNN
9881,10373,,,,,,,,VXAFTMYVXE
9882,10375,,,,,,,,VXFHPDCNQI
9883,10376,,,,,,,,VXGBOSAJJY
9884,10377,,,,,,,,VXGJGMMGHC
9885,10378,,,,,,,,VXIBXYIHMJ
9886,10379,,,,,,,,VXIOAQCPBJ
9887,10380,,,,,,,,VXJIDUJGSJ
9888,10381,,,,,,,,VXMQMMSZXQ
9889,10382,,,,,,,,VXREPSZXVQ
9890,10383,,,,,,,,VXSBDCCAPV
9891,10384,,,,,,,,VXSNARFIXG
9892,10385,,,,,,,,VXSOMQPNYA
9893,10386,,,,,,,,VXWIZATIHV
9894,10388,,,,,,,,VXZAJDYYLZ
9895,10389,,,,,,,,VYBOHPZCEF
9896,10390,,,,,,,,VYCFTNIJZT
9897,10391,,,,,,,,VYCFXBNCAN
9898,10392,,,,,,,,VYCJRNAGCR
9899,10393,,,,,,,,VYFTIJPYLW
9900,10394,,,,,,,,VYGOQCALHQ
9901,10395,,,,,,,,VYGUUBQDJB
9902,10396,,,,,,,,VYJOXMHJCS
9903,10397,,,,,,,,VYOBIYCDAT
9904,10398,,,,,,,,VYPTTRNWVV
9905,10399,,,,,,,,VYQEGSTUJU
9906,10400,,,,,,,,VYQEVIANAO
9907,10401,,,,,,,,VYSJANYMXR
9908,10402,,,,,,,,VYUMWIPSGP
9909,10403,,,,,,,,VYUYLECDVQ
9910,10405,,,,,,,,VYVJYSQPNF
9911,10406,,,,,,,,VYVUFBXVPG
9912,10407,,,,,,,,VYXIGQJMQU
9913,10408,,,,,,,,VYXJIVDKXG
9914,10409,,,,,,,,VYZDHMYYRU
9915,10410,,,,,,,,VYZVBGMJZL
9916,10411,,,,,,,,VZEWEVCVSO
9917,10412,,,,,,,,VZFEYUGVWT
9918,10413,,,,,,,,VZFSLAZBIV
9919,10414,,,,,,,,VZIEETVDJI
9920,10415,,,,,,,,VZKCYTJIAV
9921,10416,,,,,,,,VZKPKYCOHW
9922,10417,,,,,,,,VZMPFDXVEW
9923,10418,,,,,,,,VZQFKNKHVD
9924,10419,,,,,,,,VZRGXAPEEP
9925,10420,,,,,,,,VZSJBBWGJT
9926,10421,,,,,,,,VZSQWLCENH
9927,10422,,,,,,,,VZTPZJZDJC
9928,10423,,,,,,,,VZTSUBTFNZ
9929,10424,,,,,,,,VZWGLIZSDR
9930,10425,,,,,,,,WAAGIMMHCT
9931,10426,,,,,,,,WABZVGIWMB
9932,10427,,,,,,,,WAEHUCIYWB
9933,10428,,,,,,,,WAFTXEBPVA
9934,10429,,,,,,,,WAJYMEGFNZ
9935,10430,,,,,,,,WAPEOCCPJL
9936,10431,,,,,,,,WAPQAMRYET
9937,10432,,,,,,,,WAQETBIASO
9938,10433,,,,,,,,WASCUPPYXH
9939,10434,,,,,,,,WASSLDRSRC
9940,10435,,,,,,,,WAWRWRJXVS
9941,10436,,,,,,,,WAWWUKSCKJ
9942,10437,,,,,,,,WAYZXBTUJM
9943,10438,,,,,,,,WBABKDUJWZ
9944,10439,,,,,,,,WBAKOJOYNQ
9945,10440,,,,,,,,WBBFUTSNSN
9946,10441,,,,,,,,WBBFVQMLSL
9947,10442,,,,,,,,WBDJLCSESY
9948,10444,,,,,,,,WBELOZPLJA
9949,10445,,,,,,,,WBHGRUSUKS
9950,10446,,,,,,,,WBHXBGCPZU
9951,10447,,,,,,,,WBJXZASWEN
9952,10448,,,,,,,,WBJYTOBHAV
9953,10450,,,,,,,,WBKEOBLTHS
9954,10452,,,,,,,,WBLDQYWCJT
9955,10453,,,,,,,,WBLJCWRVNA
9956,10454,,,,,,,,WBNANSQEKQ
9957,10455,,,,,,,,WBZQPADJHL
9958,10456,,,,,,,,WCCAJHZSAV
9959,10457,,,,,,,,WCCCKFQFUD
9960,10458,,,,,,,,WCLMDNMVFA
9961,10459,,,,,,,,WCMWXEJLRY
9962,10460,,,,,,,,WCNDHUOOXR
9963,10461,,,,,,,,WCNITRASBZ
9964,10463,,,,,,,,WCRAHQQJMC
9965,10464,,,,,,,,WCTLQYFEBA
9966,10465,,,,,,,,WCUITHCREV
9967,10466,,,,,,,,WCXYNQLVYE
9968,10467,,,,,,,,WCXZXJEXMA
9969,10468,,,,,,,,WCZBQZBLVY
9970,10469,,,,,,,,WDAAJWRAVG
9971,10470,,,,,,,,WDAJBIFINQ
9972,10471,,,,,,,,WDBAFWHWRA
9973,10472,,,,,,,,WDCBAOBGWP
9974,10473,,,,,,,,WDCVWVFQAL
9975,10474,,,,,,,,WDDGXOMZUU
9976,10475,,,,,,,,WDEOFDSTNK
9977,10476,,,,,,,,WDETIWIGIE
9978,10477,,,,,,,,WDGHCJOPHW
9979,10478,,,,,,,,WDIFPOWXAN
9980,10479,,,,,,,,WDINLWTSCL
9981,10480,,,,,,,,WDLVEBILPE
9982,10481,,,,,,,,WDNZYOOMVC
9983,10482,,,,,,,,WDRORMPQQM
9984,10483,,,,,,,,WDSGBLUZAB
9985,10484,,,,,,,,WDYRTNFZQW
9986,10485,,,,,,,,WEAGEQRVLY
9987,10486,,,,,,,,WEAVDBRSVJ
9988,10487,,,,,,,,WEDCCDIOBH
9989,10488,,,,,,,,WEEUAFAEPG
9990,10489,,,,,,,,WEGVRIRPQK
9991,10490,,,,,,,,WEIDWRPSVT
9992,10491,,,,,,,,WEJRVPNHAF
9993,10492,,,,,,,,WELMHWZMDT
9994,10493,,,,,,,,WEOABPAIAG
9995,10494,,,,,,,,WEOKGIDURR
9996,10495,,,,,,,,WEQGPDDKEN
9997,10496,,,,,,,,WEQWHLLHOI
9998,10497,,,,,,,,WERNDLKFDN
9999,10498,,,,,,,,WESGSETTVU
10000,10499,,,,,,,,WEWNIFJQCO
10001,10500,,,,,,,,WEXYURNYSP
10002,10501,,,,,,,,WEYDHPYCBZ
10003,10502,,,,,,,,WFFEYSPPDF
10004,10503,,,,,,,,WFFFEQNNMN
10005,10504,,,,,,,,WFGDMSXQSI
10006,10505,,,,,,,,WFGMVKKKWP
10007,10506,,,,,,,,WFJRVSDJQV
10008,10507,,,,,,,,WFLSVQZOZJ
10009,10508,,,,,,,,WFMIHPQHQC
10010,10509,,,,,,,,WFNWVABTQA
10011,10510,,,,,,,,WFODQQCVBX
10012,10511,,,,,,,,WFPALZUUFA
10013,10512,,,,,,,,WFPKUNWSQB
10014,10513,,,,,,,,WFRBEERLZW
10015,10514,,,,,,,,WFVPLGEDXR
10016,10515,,,,,,,,WFVSMNQDDI
10017,10516,,,,,,,,WFXXIUJUYC
10018,10517,,,,,,,,WGCDSQSGCF
10019,10518,,,,,,,,WGETUSRGEE
10020,10519,,,,,,,,WGEXLEQJRS
10021,10520,,,,,,,,WGEYHGAEFR
10022,10521,,,,,,,,WGGECOBMBL
10023,10522,,,,,,,,WGGNCTBUIO
10024,10523,,,,,,,,WGGRKHMAKL
10025,10524,,,,,,,,WGKUZMRONG
10026,10525,,,,,,,,WGLVBWTJPD
10027,10526,,,,,,,,WGPMDADASB
10028,10527,,,,,,,,WGPRFNHIUS
10029,10528,,,,,,,,WGRFGHLIII
10030,10529,,,,,,,,WGTYBXUOLN
10031,10530,,,,,,,,WGUNXHUVGW
10032,10531,,,,,,,,WGWYOZUTTI
10033,10533,,,,,,,,WGYBWJGLQJ
10034,10534,,,,,,,,WGYSUMIIJP
10035,10535,,,,,,,,WGYXOHHPNI
10036,10536,,,,,,,,WHCGVODJHQ
10037,10537,,,,,,,,WHCHJIMADM
10038,10538,,,,,,,,WHCPLPNPOD
10039,10539,,,,,,,,WHFJUTFIDR
10040,10540,,,,,,,,WHISSDEJKE
10041,10541,,,,,,,,WHKZVQSGZZ
10042,10542,,,,,,,,WHRHEXEPOM
10043,10543,,,,,,,,WHTVLIPIXF
10044,10544,,,,,,,,WHUGWVVWLU
10045,10545,,,,,,,,WHWMWYTPDT
10046,10547,,,,,,,,WHWRKMLMOP
10047,10548,,,,,,,,WHWTPHENIN
10048,10549,,,,,,,,WHXCDGDXRD
10049,10550,,,,,,,,WHXGYHMCRU
10050,10551,,,,,,,,WHYMVBWAXY
10051,10552,,,,,,,,WICFQCUUGR
10052,10553,,,,,,,,WIFFOMLILV
10053,10554,,,,,,,,WIFNIVZSTZ
10054,10555,,,,,,,,WIJMGXNQZE
10055,10556,,,,,,,,WIKKFUACND
10056,10557,,,,,,,,WIMPZBVRJC
10057,10558,,,,,,,,WINMOCBJSD
10058,10560,,,,,,,,WINNRUGENC
10059,10562,,,,,,,,WIPOXOKTJS
10060,10563,,,,,,,,WIRSKRSNKU
10061,10564,,,,,,,,WIRWVAJSXZ
10062,10565,,,,,,,,WISAHVBALJ
10063,10566,,,,,,,,WISVCWOQNG
10064,10567,,,,,,,,WITWYRXUCI
10065,10568,,,,,,,,WIUBSUVDPN
10066,10569,,,,,,,,WIXYEDDWFR
10067,10570,,,,,,,,WIYFCPATVR
10068,10571,,,,,,,,WJDAENMTDL
10069,10572,,,,,,,,WJGEPPPWKP
10070,10573,,,,,,,,WJGPYCQFEW
10071,10574,,,,,,,,WJJTYDOPNI
10072,10575,,,,,,,,WJKTVNDPOB
10073,10577,,,,,,,,WJMDPLIVRQ
10074,10578,,,,,,,,WJNCWWWXMU
10075,10579,,,,,,,,WJOAOEPSIB
10076,10580,,,,,,,,WJOLCUDNEE
10077,10582,,,,,,,,WJPYHSSKWZ
10078,10583,,,,,,,,WJQBXYTMLK
10079,10584,,,,,,,,WJQQVXTPTH
10080,10585,,,,,,,,WJTEHMDPYH
10081,10586,,,,,,,,WJUZEYJENH
10082,10587,,,,,,,,WJVELIUNTH
10083,10588,,,,,,,,WJWQXWHRSX
10084,10589,,,,,,,,WJYWAVOABQ
10085,10590,,,,,,,,WKFCOEJYOC
10086,10591,,,,,,,,WKGXFUFEDN
10087,10592,,,,,,,,WKHUCWFDMK
10088,10593,,,,,,,,WKJNZIVAWJ
10089,10594,,,,,,,,WKKIOLUFKC
10090,10595,,,,,,,,WKKMSRQHEY
10091,10596,,,,,,,,WKLVEENPAO
10092,10597,,,,,,,,WKOKQCYJML
10093,10598,,,,,,,,WKQEZEGPEN
10094,10599,,,,,,,,WKRULOAIHM
10095,10600,,,,,,,,WKSCBZGBTO
10096,10601,,,,,,,,WKTUEVGAZY
10097,10602,,,,,,,,WKUVKBVOSO
10098,10603,,,,,,,,WKVKLDEHEN
10099,10604,,,,,,,,WKYFMDLMCL
10100,10605,,,,,,,,WKYTNXOUYO
10101,10606,,,,,,,,WLDRVFZWFY
10102,10607,,,,,,,,WLEDAXDMEZ
10103,10608,,,,,,,,WLESORKAFE
10104,10609,,,,,,,,WLEVMWTVEB
10105,10610,,,,,,,,WLFAWXHCGY
10106,10611,,,,,,,,WLJDVOFXNJ
10107,10612,,,,,,,,WLLVXCYFHR
10108,10613,,,,,,,,WLMEGEYSLK
10109,10614,,,,,,,,WLMUZIEUWD
10110,10615,,,,,,,,WLMZWZJQAP
10111,10616,,,,,,,,WLNKLAEIGK
10112,10617,,,,,,,,WLOPUUZXTP
10113,10618,,,,,,,,WLOZRCVZBO
10114,10619,,,,,,,,WLPNMGQMIN
10115,10620,,,,,,,,WLQXTXFTVA
10116,10621,,,,,,,,WLTTZCGJRI
10117,10622,,,,,,,,WLWWHZTBKD
10118,10623,,,,,,,,WLXTOKCCMF
10119,10625,,,,,,,,WLZAXXKFGX
10120,10626,,,,,,,,WMASGJNZJV
10121,10627,,,,,,,,WMBULRRBFC
10122,10628,,,,,,,,WMCWEUPPYY
10123,10629,,,,,,,,WMDMDFSXUB
10124,10630,,,,,,,,WMDWKDJQXE
10125,10631,,,,,,,,WMEDXWBWWR
10126,10632,,,,,,,,WMGNQHYHTS
10127,10633,,,,,,,,WMHSMDQRTP
10128,10634,,,,,,,,WMIVPJOMHB
10129,10636,,,,,,,,WMJGRAAEKA
10130,10637,,,,,,,,WMJRZJNUMI
10131,10638,,,,,,,,WMLXEILHMV
10132,10639,,,,,,,,WMMUKUOTVF
10133,10640,,,,,,,,WMQJRMFVOQ
10134,10641,,,,,,,,WMQZECDYHL
10135,10642,,,,,,,,WMSMHPTXRA
10136,10643,,,,,,,,WMTAOASWWX
10137,10644,,,,,,,,WMUXLUSCTS
10138,10645,,,,,,,,WMWKVKMISY
10139,10646,,,,,,,,WMWMGHSNKZ
10140,10647,,,,,,,,WMYGKKXNHU
10141,10649,,,,,,,,WMYSOCTNLN
10142,10650,,,,,,,,WMYTRFECFL
10143,10651,,,,,,,,WMZUHKOYEN
10144,10652,,,,,,,,WMZVZJRLDV
10145,10653,,,,,,,,WNADWLZUBI
10146,10654,,,,,,,,WNBDMGAFTO
10147,10655,,,,,,,,WNEEXKQGLA
10148,10656,,,,,,,,WNKCTHUHYI
10149,10657,,,,,,,,WNLSEUCAGH
10150,10658,,,,,,,,WNNOQOCXTZ
10151,10659,,,,,,,,WNQKMUFWHJ
10152,10660,,,,,,,,WNQTXYKLVI
10153,10661,,,,,,,,WNUHEDLRJC
10154,10662,,,,,,,,WNWKMPNYUN
10155,10663,,,,,,,,WNWLOLICSZ
10156,10664,,,,,,,,WOBGLWAVQU
10157,10665,,,,,,,,WOBKHCYXWW
10158,10666,,,,,,,,WOBWHOUMFH
10159,10667,,,,,,,,WOCTOIYDEC
10160,10668,,,,,,,,WODAROLSTC
10161,10669,,,,,,,,WOOEJRSGNW
10162,10670,,,,,,,,WOPHWNMPZZ
10163,10671,,,,,,,,WOSBCPFGCK
10164,10672,,,,,,,,WOSCFRUDWR
10165,10673,,,,,,,,WOVQDNQQKH
10166,10674,,,,,,,,WOVRFEUOOM
10167,10675,,,,,,,,WOYAIERQWV
10168,10676,,,,,,,,WPAJQHLSUR
10169,10677,,,,,,,,WPAQPIDBMW
10170,10678,,,,,,,,WPBZUKFQYG
10171,10679,,,,,,,,WPCCTUSLAO
10172,10680,,,,,,,,WPCWHHZAGJ
10173,10682,,,,,,,,WPIBIYUVPB
10174,10683,,,,,,,,WPIVITAAGR
10175,10684,,,,,,,,WPMLBZYYTW
10176,10685,,,,,,,,WPOADLFGWW
10177,10686,,,,,,,,WPSJDCPZIZ
10178,10687,,,,,,,,WPTIFSBYPN
10179,10688,,,,,,,,WPTMHEHBFG
10180,10689,,,,,,,,WPTNAXBDVY
10181,10690,,,,,,,,WPUMRJVPWK
10182,10691,,,,,,,,WPXGCTIQIN
10183,10693,,,,,,,,WPYOCHWRMP
10184,10694,,,,,,,,WPYWEFZZGY
10185,10695,,,,,,,,WQCCQJTEEE
10186,10697,,,,,,,,WQCVKIMZBV
10187,10698,,,,,,,,WQCXHPIDID
10188,10699,,,,,,,,WQDIFCDCRS
10189,10700,,,,,,,,WQDYPREJLT
10190,10701,,,,,,,,WQETXRUBOC
10191,10702,,,,,,,,WQGCGPBHYM
10192,10704,,,,,,,,WQGDNPLCNO
10193,10705,,,,,,,,WQGIMPWBLM
10194,10706,,,,,,,,WQILGXVBZC
10195,10707,,,,,,,,WQJHBTAODX
10196,10708,,,,,,,,WQLSRAQXZN
10197,10709,,,,,,,,WQMFVFZVMV
10198,10710,,,,,,,,WQNARHEDIF
10199,10711,,,,,,,,WQNAWYBPGR
10200,10712,,,,,,,,WQNNONXTQQ
10201,10713,,,,,,,,WQNPMYWEDE
10202,10715,,,,,,,,WQNUCDEXOQ
10203,10716,,,,,,,,WQQGQRQLQH
10204,10717,,,,,,,,WQQORJCHOX
10205,10718,,,,,,,,WQTDWZFKPI
10206,10719,,,,,,,,WQYWAZELVU
10207,10720,,,,,,,,WRALUFBHUE
10208,10721,,,,,,,,WRISBACWDN
10209,10722,,,,,,,,WRJBOTXYUL
10210,10723,,,,,,,,WRKDOQXPYF
10211,10724,,,,,,,,WRKSHRIVHZ
10212,10725,,,,,,,,WRLKXFYUFO
10213,10726,,,,,,,,WRNDDIOMVG
10214,10727,,,,,,,,WROMOCPKSP
10215,10728,,,,,,,,WRQNMUXJJP
10216,10729,,,,,,,,WRRCXRLRNC
10217,10730,,,,,,,,WRRMTPCAOM
10218,10731,,,,,,,,WRTLAFIHSY
10219,10732,,,,,,,,WRUSXPGONO
10220,10733,,,,,,,,WRZDKPETRH
10221,10734,,,,,,,,WRZQZSGDXE
10222,10735,,,,,,,,WSARXEQUEO
10223,10736,,,,,,,,WSBRFSGSVG
10224,10737,,,,,,,,WSEFYNCVTB
10225,10738,,,,,,,,WSEQOOCXJC
10226,10739,,,,,,,,WSFDRDHEGO
10227,10740,,,,,,,,WSFECPIPQH
10228,10741,,,,,,,,WSHTRPWHNO
10229,10742,,,,,,,,WSJDBMRINA
10230,10743,,,,,,,,WSJWVIAUWI
10231,10744,,,,,,,,WSMKVLCCLB
10232,10745,,,,,,,,WSPJMIBPAN
10233,10746,,,,,,,,WSQVNMPZOH
10234,10747,,,,,,,,WSQWSPMKMN
10235,10748,,,,,,,,WSSRUPLITC
10236,10749,,,,,,,,WSSWQBQIXM
10237,10750,,,,,,,,WSSYUFTCFR
10238,10751,,,,,,,,WSTDBZCCQO
10239,10752,,,,,,,,WSTRVGESFM
10240,10753,,,,,,,,WSVCMXCRIQ
10241,10754,,,,,,,,WTBXOREYRJ
10242,10755,,,,,,,,WTCRSSFHHW
10243,10756,,,,,,,,WTDFTHDIPV
10244,10757,,,,,,,,WTFNQXEEJZ
10245,10758,,,,,,,,WTFWWQJSCD
10246,10759,,,,,,,,WTHFISAUYN
10247,10760,,,,,,,,WTHPIPLMFT
10248,10761,,,,,,,,WTKLYIATDL
10249,10762,,,,,,,,WTNHSVHRLQ
10250,10763,,,,,,,,WTNLBTIWZV
10251,10764,,,,,,,,WTPTCBFTWA
10252,10765,,,,,,,,WTUYXMJCLQ
10253,10766,,,,,,,,WTVCKJPGNN
10254,10767,,,,,,,,WTWNTTUTQY
10255,10768,,,,,,,,WUAWUAOGBR
10256,10769,,,,,,,,WUDWXMBRWM
10257,10770,,,,,,,,WUEYECVXOV
10258,10771,,,,,,,,WUFPIDMRKY
10259,10772,,,,,,,,WUFUPKAQLW
10260,10773,,,,,,,,WUHVBHVTYP
10261,10774,,,,,,,,WULSCTFPQD
10262,10775,,,,,,,,WUMFFJAHAF
10263,10776,,,,,,,,WUMZJIALIQ
10264,10777,,,,,,,,WUNGKFJWDR
10265,10778,,,,,,,,WURZTTTOBZ
10266,10779,,,,,,,,WUTUMIIFPK
10267,10781,,,,,,,,WUUEOSAGWD
10268,10782,,,,,,,,WUVHNFGHYA
10269,10783,,,,,,,,WUZUNZBQAM
10270,10784,,,,,,,,WVBDIBHFJD
10271,10785,,,,,,,,WVBHJOEWKU
10272,10786,,,,,,,,WVBYFRVJBF
10273,10787,,,,,,,,WVEJRCAFIK
10274,10788,,,,,,,,WVEQNOYBAF
10275,10789,,,,,,,,WVGWQUVCSX
10276,10790,,,,,,,,WVIETMSVIS
10277,10791,,,,,,,,WVMKZTSFEG
10278,10792,,,,,,,,WVMPCUQZXX
10279,10793,,,,,,,,WVMSKCJYLN
10280,10794,,,,,,,,WVMTRRDJBP
10281,10795,,,,,,,,WVNOJWYXJQ
10282,10796,,,,,,,,WVPQPVMGXZ
10283,10797,,,,,,,,WVQVHZKCPM
10284,10798,,,,,,,,WVTPGDKEHT
10285,10799,,,,,,,,WVWVDYEUET
10286,10800,,,,,,,,WVXBXMLQEC
10287,10801,,,,,,,,WVXYEAWHQX
10288,10802,,,,,,,,WVYDXDLHTM
10289,10803,,,,,,,,WVZARDAXTY
10290,10805,,,,,,,,WVZQVZLXIV
10291,10806,,,,,,,,WWBGVDOETN
10292,10807,,,,,,,,WWBRPWUUYM
10293,10808,,,,,,,,WWIBHNOGQO
10294,10809,,,,,,,,WWJOAKDRWU
10295,10810,,,,,,,,WWOEAAIDVJ
10296,10811,,,,,,,,WWOWQTUZON
10297,10812,,,,,,,,WWRBUCRXAA
10298,10813,,,,,,,,WWRGWQBECK
10299,10814,,,,,,,,WWRMACFOTZ
10300,10815,,,,,,,,WWROTXFOET
10301,10816,,,,,,,,WWSMHMWDCR
10302,10817,,,,,,,,WWTLQIDVLG
10303,10818,,,,,,,,WWVOJMSRSZ
10304,10819,,,,,,,,WWVUIAUHGC
10305,10820,,,,,,,,WWWOSCAPFA
10306,10821,,,,,,,,WWWUCLGUCO
10307,10823,,,,,,,,WWWXQNNRUH
10308,10824,,,,,,,,WWXKLNYLDU
10309,10825,,,,,,,,WWXRMVSYHZ
10310,10826,,,,,,,,WWYOUYKKUS
10311,10827,,,,,,,,WXACDHJXAQ
10312,10828,,,,,,,,WXDXDOTCTD
10313,10829,,,,,,,,WXFXEIJPVR
10314,10830,,,,,,,,WXLDDMAZJO
10315,10831,,,,,,,,WXLVVCKYST
10316,10832,,,,,,,,WXPBNFGEHQ
10317,10833,,,,,,,,WXPMDRNEZT
10318,10834,,,,,,,,WXPSYNPDOA
10319,10836,,,,,,,,WXQBAUVCRC
10320,10837,,,,,,,,WXQTBSKVVG
10321,10838,,,,,,,,WXSFCYITRQ
10322,10839,,,,,,,,WXWKWTSIMI
10323,10840,,,,,,,,WXYQNTIPVR
10324,10841,,,,,,,,WYAWELMFTW
10325,10842,,,,,,,,WYENPRMSFT
10326,10843,,,,,,,,WYFBSXAIDX
10327,10844,,,,,,,,WYKRZBVXAD
10328,10845,,,,,,,,WYLFKOJBRD
10329,10846,,,,,,,,WYLLDAFAUU
10330,10847,,,,,,,,WYLYXOQHSH
10331,10848,,,,,,,,WYMNLYJMWD
10332,10849,,,,,,,,WYNUJAWIDA
10333,10850,,,,,,,,WYPJJCNBBA
10334,10851,,,,,,,,WYRHXLWMAY
10335,10852,,,,,,,,WYVXJIWYFC
10336,10853,,,,,,,,WYWZYSSGFU
10337,10854,,,,,,,,WYYLLPBPSV
10338,10855,,,,,,,,WYZHWHYXWL
10339,10856,,,,,,,,WYZOMKQSAV
10340,10857,,,,,,,,WYZWZAHMMU
10341,10858,,,,,,,,WZKHEMBXFN
10342,10859,,,,,,,,WZQZKMNLYD
10343,10860,,,,,,,,WZRKSZNUWI
10344,10861,,,,,,,,WZRNPUPQIO
10345,10862,,,,,,,,WZSHMFJKWB
10346,10863,,,,,,,,WZTCJRMWCS
10347,10864,,,,,,,,WZVAUTDDNH
10348,10866,,,,,,,,WZVVXMRKYV
10349,10867,,,,,,,,XACBYUXWII
10350,10868,,,,,,,,XACIHGJCNM
10351,10869,,,,,,,,XACONSTNWH
10352,10870,,,,,,,,XAHSRUTNQC
10353,10871,,,,,,,,XAKHIFKJSR
10354,10872,,,,,,,,XAMBATUBVE
10355,10873,,,,,,,,XAMLLASLLH
10356,10874,,,,,,,,XANHGCHBLY
10357,10875,,,,,,,,XANPGEAZFQ
10358,10876,,,,,,,,XAOVCVNUWJ
10359,10877,,,,,,,,XAPFQQZRCC
10360,10878,,,,,,,,XASBQODUOL
10361,10879,,,,,,,,XATDZAOTAM
10362,10880,,,,,,,,XATMBBVGZI
10363,10881,,,,,,,,XAWJQVXYBV
10364,10882,,,,,,,,XAZHTYXNQE
10365,10883,,,,,,,,XBAMLEVBLJ
10366,10884,,,,,,,,XBBTQPPXQE
10367,10885,,,,,,,,XBDXCPRTMQ
10368,10886,,,,,,,,XBGRUTZGOB
10369,10887,,,,,,,,XBJOAYPIJT
10370,10888,,,,,,,,XBJPXHOECZ
10371,10889,,,,,,,,XBLXMKIFMM
10372,10890,,,,,,,,XBMCYLOTSG
10373,10891,,,,,,,,XBOKHZRNIX
10374,10892,,,,,,,,XBPQYAMDSK
10375,10893,,,,,,,,XBQWBGSTFB
10376,10894,,,,,,,,XBSSLARQKT
10377,10895,,,,,,,,XBXYJJZTAH
10378,10896,,,,,,,,XBYXPBSOCE
10379,10897,,,,,,,,XCBCLNSTSZ
10380,10898,,,,,,,,XCBNFHKDGL
10381,10899,,,,,,,,XCBSUXVKGK
10382,10900,,,,,,,,XCESINRFTX
10383,10901,,,,,,,,XCGKGRXHEX
10384,10902,,,,,,,,XCHUPBIYZH
10385,10903,,,,,,,,XCJETCTITO
10386,10904,,,,,,,,XCLRMAJPNP
10387,10905,,,,,,,,XCNZHCEUNM
10388,10906,,,,,,,,XCOCIJBPKZ
10389,10907,,,,,,,,XCOUNDJVZV
10390,10908,,,,,,,,XCRJSALOMA
10391,10909,,,,,,,,XCSXEBJFBW
10392,10910,,,,,,,,XCUTDIQPIM
10393,10911,,,,,,,,XCVEOXNTHM
10394,10912,,,,,,,,XDAONSSMCI
10395,10913,,,,,,,,XDBIQFKTQM
10396,10914,,,,,,,,XDCOHUXDBS
10397,10915,,,,,,,,XDFBBSBHKN
10398,10916,,,,,,,,XDFCAGMMHJ
10399,10917,,,,,,,,XDHWGYRHSB
10400,10918,,,,,,,,XDJECYTSZW
10401,10919,,,,,,,,XDJEIXJQHO
10402,10920,,,,,,,,XDKVBTUOKP
10403,10921,,,,,,,,XDMIBPJYQV
10404,10922,,,,,,,,XDPBOILMLF
10405,10923,,,,,,,,XDQTBAQQNQ
10406,10924,,,,,,,,XDRYDWFUGL
10407,10925,,,,,,,,XDSRRPUWAO
10408,10926,,,,,,,,XDXMSTDEKY
10409,10927,,,,,,,,XDZZGSPJVQ
10410,10928,,,,,,,,XEABAMXBAB
10411,10929,,,,,,,,XECHAMPVIG
10412,10930,,,,,,,,XEDYOGXESH
10413,10931,,,,,,,,XEGPZVRLUC
10414,10932,,,,,,,,XEIPCXOZXP
10415,10933,,,,,,,,XEJQVAJUEY
10416,10934,,,,,,,,XEMAQJCGAF
10417,10935,,,,,,,,XEOTBRUNMX
10418,10936,,,,,,,,XEREQQNUHQ
10419,10937,,,,,,,,XESIROZJQI
10420,10938,,,,,,,,XEWNKZXYJX
10421,10939,,,,,,,,XEYRIJOAFC
10422,10940,,,,,,,,XFALSENPCZ
10423,10941,,,,,,,,XFDOBYMNUY
10424,10942,,,,,,,,XFFHLCFJCX
10425,10943,,,,,,,,XFJNKMTNVK
10426,10944,,,,,,,,XFLRJDDHOU
10427,10945,,,,,,,,XFLUPCUPUT
10428,10946,,,,,,,,XFMXBKWQUT
10429,10947,,,,,,,,XFNAGIHSYJ
10430,10948,,,,,,,,XFNDDJNZPO
10431,10950,,,,,,,,XFOGMEKYSG
10432,10951,,,,,,,,XFPFTLIJIK
10433,10952,,,,,,,,XFPOXGFHQY
10434,10953,,,,,,,,XFQHHISQNP
10435,10954,,,,,,,,XFQNYWNEOW
10436,10955,,,,,,,,XFQOSQVGRB
10437,10956,,,,,,,,XFRFGSVNMA
10438,10957,,,,,,,,XFTUTGGJUF
10439,10958,,,,,,,,XFUHWAOERG
10440,10959,,,,,,,,XFVDDTPNJS
10441,10960,,,,,,,,XFWKZWDAZS
10442,10961,,,,,,,,XFXFQFUMGQ
10443,10962,,,,,,,,XFZRAHQYZT
10444,10963,,,,,,,,XGBKVFIMLA
10445,10964,,,,,,,,XGCNDAHFRE
10446,10965,,,,,,,,XGCWPPVGUA
10447,10966,,,,,,,,XGEMDIGZSE
10448,10967,,,,,,,,XGFAUBIHJC
10449,10968,,,,,,,,XGFYZZUXJR
10450,10969,,,,,,,,XGHWPXUNTZ
10451,10970,,,,,,,,XGJLIYOJTW
10452,10971,,,,,,,,XGJSGRFUVX
10453,10972,,,,,,,,XGKHWQGWTD
10454,10973,,,,,,,,XGOBWHTTMW
10455,10974,,,,,,,,XGOZTDPEJU
10456,10975,,,,,,,,XGRXEJYMAW
10457,10976,,,,,,,,XGTAPXGYVL
10458,10977,,,,,,,,XGTQMUBQCU
10459,10978,,,,,,,,XGVNHELXMG
10460,10979,,,,,,,,XGVVDSOSPX
10461,10980,,,,,,,,XGWEHOZUWS
10462,10981,,,,,,,,XGWWMUMIVL
10463,10982,,,,,,,,XGXVJREMQY
10464,10983,,,,,,,,XHCOAGDTLC
10465,10984,,,,,,,,XHGIHZFADE
10466,10985,,,,,,,,XHGQUQRWFO
10467,10986,,,,,,,,XHHFDASZRV
10468,10987,,,,,,,,XHIOCBXKJJ
10469,10988,,,,,,,,XHKXTKBVZQ
10470,10989,,,,,,,,XHLIQWJZHC
10471,10990,,,,,,,,XHLOIJFXTO
10472,10991,,,,,,,,XHNUCRSRKO
10473,10992,,,,,,,,XHOOIFJXSA
10474,10993,,,,,,,,XHUNFQGQEB
10475,10994,,,,,,,,XHXQHSLVIF
10476,10995,,,,,,,,XIBPNFHWTG
10477,10996,,,,,,,,XIDWIAGKPV
10478,10997,,,,,,,,XIGVRDUCVE
10479,10998,,,,,,,,XIHRQPGTYM
10480,10999,,,,,,,,XIIWGPTBAL
10481,11000,,,,,,,,XILPEQVUUS
10482,11001,,,,,,,,XISIAJFQRF
10483,11002,,,,,,,,XIUKYOUTHZ
10484,11003,,,,,,,,XIUTATRVTC
10485,11004,,,,,,,,XIVIQPKIPC
10486,11005,,,,,,,,XIZNMPGLPT
10487,11006,,,,,,,,XJBVYLOZVE
10488,11007,,,,,,,,XJDJWZWWEY
10489,11008,,,,,,,,XJHSLYNSPL
10490,11009,,,,,,,,XJITNSHQBQ
10491,11010,,,,,,,,XJJTLLDVHJ
10492,11011,,,,,,,,XJMJZQDDJC
10493,11013,,,,,,,,XJMZLWUIXC
10494,11014,,,,,,,,XJNSFDFXKM
10495,11015,,,,,,,,XJNUZOTNRK
10496,11016,,,,,,,,XJSTKQNVOV
10497,11017,,,,,,,,XJTHTBLSNZ
10498,11018,,,,,,,,XJULNAWNRJ
10499,11020,,,,,,,,XJYVSRAFFX
10500,11021,,,,,,,,XJZQYINHYO
10501,11022,,,,,,,,XKAWSJRPAS
10502,11023,,,,,,,,XKBFTSCXBX
10503,11024,,,,,,,,XKFIIDGCDT
10504,11025,,,,,,,,XKGJKJVVLY
10505,11026,,,,,,,,XKGXAMZXHX
10506,11027,,,,,,,,XKHOCFTPEH
10507,11028,,,,,,,,XKIQPZPZJT
10508,11029,,,,,,,,XKPVMBFDWG
10509,11030,,,,,,,,XKRMXKMKII
10510,11031,,,,,,,,XKVKLLUMIH
10511,11032,,,,,,,,XKVNCNCILW
10512,11033,,,,,,,,XKVVPTRRWE
10513,11034,,,,,,,,XKVXTLPTCR
10514,11035,,,,,,,,XKXXIZQJEA
10515,11036,,,,,,,,XLCSNGMDWD
10516,11037,,,,,,,,XLCXTJSNZA
10517,11038,,,,,,,,XLEMVIZGQX
10518,11039,,,,,,,,XLLBMYRTKT
10519,11040,,,,,,,,XLMJEXFAAK
10520,11041,,,,,,,,XLMVJYSJRK
10521,11042,,,,,,,,XLOVWXONDM
10522,11043,,,,,,,,XLQYWTCCYH
10523,11044,,,,,,,,XLRHRUIIQY
10524,11045,,,,,,,,XLTPDCZCPN
10525,11046,,,,,,,,XLTWTZWSAF
10526,11047,,,,,,,,XLWXFDTUCM
10527,11048,,,,,,,,XLYPDMPCOU
10528,11049,,,,,,,,XLZNJBQZWY
10529,11050,,,,,,,,XMAQJUOCAK
10530,11051,,,,,,,,XMDLXUIJBE
10531,11052,,,,,,,,XMDWQLSXUN
10532,11053,,,,,,,,XMDYHDWOBO
10533,11055,,,,,,,,XMEKWMEDVF
10534,11056,,,,,,,,XMFOPUHCMW
10535,11057,,,,,,,,XMHMKBYHAU
10536,11058,,,,,,,,XMHUMCQDXP
10537,11059,,,,,,,,XMHUVSNGET
10538,11060,,,,,,,,XMHZAMZZST
10539,11061,,,,,,,,XMJCKYQGMV
10540,11062,,,,,,,,XMJJGGTHVJ
10541,11063,,,,,,,,XMLOSUAWEN
10542,11064,,,,,,,,XMLPPWXAYE
10543,11065,,,,,,,,XMOTXYYCSW
10544,11066,,,,,,,,XMZKJCTYEY
10545,11067,,,,,,,,XNAMNEYAYV
10546,11068,,,,,,,,XNCUMSXTGS
10547,11069,,,,,,,,XNDKJGDBDM
10548,11070,,,,,,,,XNDVIZIRGW
10549,11071,,,,,,,,XNEJNUHOCJ
10550,11072,,,,,,,,XNIVWLSSLY
10551,11073,,,,,,,,XNMJVBMYTI
10552,11074,,,,,,,,XNNTKWJTPN
10553,11075,,,,,,,,XNOJWXMYXO
10554,11076,,,,,,,,XNQPVPMEUU
10555,11077,,,,,,,,XNQRKWWYKL
10556,11078,,,,,,,,XNVFCAOPJW
10557,11079,,,,,,,,XNVUQTLFLO
10558,11081,,,,,,,,XNVURJEHVZ
10559,11082,,,,,,,,XNWMUBIDOC
10560,11083,,,,,,,,XNWQSLABMA
10561,11084,,,,,,,,XNWZHSMULO
10562,11085,,,,,,,,XNXMQBHBJP
10563,11086,,,,,,,,XNYHBTBNDJ
10564,11087,,,,,,,,XOAFELNOVA
10565,11088,,,,,,,,XOAVQSMOKE
10566,11089,,,,,,,,XOBEBVIBDE
10567,11091,,,,,,,,XOGIYONOMG
10568,11092,,,,,,,,XOHIXWNCPL
10569,11093,,,,,,,,XOHNMWODEO
10570,11094,,,,,,,,XOHZYYKIYJ
10571,11095,,,,,,,,XOJFQYZTKJ
10572,11096,,,,,,,,XOJMWHBLRX
10573,11097,,,,,,,,XOKSXYYQAC
10574,11098,,,,,,,,XOKTNESPEO
10575,11100,,,,,,,,XOLXNLHBCZ
10576,11101,,,,,,,,XOSUGOVQDK
10577,11102,,,,,,,,XOTBLRPYHO
10578,11103,,,,,,,,XOTTQVKLOI
10579,11104,,,,,,,,XOURFSTXDJ
10580,11105,,,,,,,,XOVDLVNPOQ
10581,11106,,,,,,,,XOVJNQKNMH
10582,11107,,,,,,,,XOZTITZYWG
10583,11108,,,,,,,,XPAMAZGGZQ
10584,11109,,,,,,,,XPBUJPAWZT
10585,11110,,,,,,,,XPDMKSYZVF
10586,11111,,,,,,,,XPEASYVAOS
10587,11112,,,,,,,,XPENUYWHHE
10588,11113,,,,,,,,XPERKMZPAD
10589,11114,,,,,,,,XPGQPDVEWA
10590,11115,,,,,,,,XPGTJYVEWP
10591,11116,,,,,,,,XPHUBRPIYT
10592,11117,,,,,,,,XPHUHKFMCW
10593,11118,,,,,,,,XPKYEUTLCU
10594,11119,,,,,,,,XPMFZVVPXN
10595,11120,,,,,,,,XPQUCNXGBX
10596,11121,,,,,,,,XPTGCNTPGG
10597,11122,,,,,,,,XPVKTPVUYJ
10598,11123,,,,,,,,XPVPMSTALO
10599,11124,,,,,,,,XPVZNACICH
10600,11125,,,,,,,,XPWLAQNRMS
10601,11126,,,,,,,,XPXUJZXCQJ
10602,11127,,,,,,,,XPYKQHRRNW
10603,11128,,,,,,,,XPYNDAPEYM
10604,11129,,,,,,,,XPYRYKCKZF
10605,11130,,,,,,,,XQAGOWBZJU
10606,11131,,,,,,,,XQBMHXYVBZ
10607,11132,,,,,,,,XQCNHEQYUO
10608,11133,,,,,,,,XQFKYZLLDQ
10609,11134,,,,,,,,XQIYZGFFYV
10610,11135,,,,,,,,XQPPLHPRMJ
10611,11136,,,,,,,,XQQBHNZBMX
10612,11137,,,,,,,,XQTRTNSRKG
10613,11138,,,,,,,,XQVGCWCNUX
10614,11140,,,,,,,,XQXRLPEEIW
10615,11141,,,,,,,,XQYEGAKKGN
10616,11142,,,,,,,,XRBMTTPLQS
10617,11143,,,,,,,,XRBURDYTYY
10618,11144,,,,,,,,XRBXXTNBEQ
10619,11145,,,,,,,,XRBYIJGSJL
10620,11146,,,,,,,,XRCDMRZGUH
10621,11147,,,,,,,,XRGHHEKHFB
10622,11148,,,,,,,,XRHMIQVOJG
10623,11149,,,,,,,,XRKQVNOQEB
10624,11150,,,,,,,,XRODLBWILM
10625,11151,,,,,,,,XRQAPYLNXE
10626,11152,,,,,,,,XRSZVXRRYL
10627,11153,,,,,,,,XRTZAQMNML
10628,11154,,,,,,,,XRUHRSXJNN
10629,11155,,,,,,,,XRXLQGCRKD
10630,11156,,,,,,,,XRYYIPMYJL
10631,11157,,,,,,,,XRZIBTHIMT
10632,11158,,,,,,,,XSDTIZTLHZ
10633,11159,,,,,,,,XSDZSSRRXQ
10634,11160,,,,,,,,XSEMXVFNAQ
10635,11161,,,,,,,,XSENYEPBOX
10636,11162,,,,,,,,XSEXAQTUYB
10637,11163,,,,,,,,XSEYOBAGNN
10638,11164,,,,,,,,XSFHPAYTKY
10639,11165,,,,,,,,XSFSHIBNJG
10640,11166,,,,,,,,XSLKJIFMPZ
10641,11167,,,,,,,,XSLSELNKLV
10642,11168,,,,,,,,XSMOWRZHLT
10643,11169,,,,,,,,XSMVTQDUWG
10644,11170,,,,,,,,XSNKIHHUBV
10645,11171,,,,,,,,XSPCTWDCJF
10646,11172,,,,,,,,XSQAZNRSGZ
10647,11173,,,,,,,,XSQSOMMRZI
10648,11174,,,,,,,,XSUHPGZSAB
10649,11175,,,,,,,,XSULJLAZGC
10650,11176,,,,,,,,XSVYRBTIAE
10651,11178,,,,,,,,XSWOEMOKDC
10652,11179,,,,,,,,XSYEHULZHS
10653,11180,,,,,,,,XTAQSUSRGI
10654,11181,,,,,,,,XTFSJKPKHL
10655,11182,,,,,,,,XTLONJJLYZ
10656,11183,,,,,,,,XTMCWJBAJM
10657,11184,,,,,,,,XTNRAGEAVK
10658,11186,,,,,,,,XTOIAZWGRX
10659,11187,,,,,,,,XTRZSDPVVV
10660,11188,,,,,,,,XTTSRPLQSZ
10661,11189,,,,,,,,XTVYDRYUBG
10662,11190,,,,,,,,XTXTSXJDRS
10663,11191,,,,,,,,XUBXVPNXOG
10664,11192,,,,,,,,XUCEDZSJXQ
10665,11193,,,,,,,,XUDWKHCOTH
10666,11194,,,,,,,,XUEDDDFOLX
10667,11195,,,,,,,,XUEEBCXCXS
10668,11196,,,,,,,,XUFAGDFGFP
10669,11197,,,,,,,,XUFFGBASMM
10670,11198,,,,,,,,XUHJJUYYSG
10671,11199,,,,,,,,XUMRSZZEHL
10672,11200,,,,,,,,XUMTIGRMVU
10673,11201,,,,,,,,XUMXXTEVBO
10674,11202,,,,,,,,XUOTRWCBRQ
10675,11203,,,,,,,,XUOUFWLDAA
10676,11204,,,,,,,,XUQCNKAMWJ
10677,11205,,,,,,,,XUQYAVFYIZ
10678,11206,,,,,,,,XUSKAFOWMG
10679,11207,,,,,,,,XUSOQAABFU
10680,11208,,,,,,,,XUWCSNMKQF
10681,11209,,,,,,,,XUYVJLZXIG
10682,11210,,,,,,,,XVACGPNCAJ
10683,11211,,,,,,,,XVBANDNDPB
10684,11212,,,,,,,,XVBSCRDDVD
10685,11213,,,,,,,,XVDEIADVAD
10686,11214,,,,,,,,XVDHTJFBJS
10687,11215,,,,,,,,XVDWWGDVIP
10688,11216,,,,,,,,XVDXKBFTVL
10689,11217,,,,,,,,XVHEOOCPDI
10690,11218,,,,,,,,XVIBLIQHKZ
10691,11219,,,,,,,,XVIYJBRRJE
10692,11220,,,,,,,,XVJGRVCUOH
10693,11221,,,,,,,,XVJVIBCAZY
10694,11222,,,,,,,,XVOAMPQKSI
10695,11223,,,,,,,,XVPEMSEHTL
10696,11224,,,,,,,,XVPNVSNWNQ
10697,11225,,,,,,,,XVQZAIRUWU
10698,11226,,,,,,,,XVRAKPLOQM
10699,11227,,,,,,,,XVRKPMVPYM
10700,11228,,,,,,,,XVRZQLDYWX
10701,11229,,,,,,,,XVUYKHBMUO
10702,11230,,,,,,,,XVYILSWXTF
10703,11231,,,,,,,,XWAKHDDVII
10704,11232,,,,,,,,XWCTFCFFVJ
10705,11233,,,,,,,,XWDHNLAVEW
10706,11234,,,,,,,,XWDUZFQPLE
10707,11235,,,,,,,,XWHFHKJZRS
10708,11236,,,,,,,,XWHKFLBYXN
10709,11237,,,,,,,,XWHXETOMIX
10710,11238,,,,,,,,XWIAMAWKZJ
10711,11239,,,,,,,,XWKCODKECP
10712,11240,,,,,,,,XWLQHERGPM
10713,11241,,,,,,,,XWLWOQJLSZ
10714,11242,,,,,,,,XWLYUCCBKB
10715,11243,,,,,,,,XWMHUFKZKJ
10716,11244,,,,,,,,XWNJPFXOJG
10717,11245,,,,,,,,XWODDREDHB
10718,11246,,,,,,,,XWPFZBHOHQ
10719,11247,,,,,,,,XWPXGDSSUW
10720,11248,,,,,,,,XWQWCHEPGD
10721,11249,,,,,,,,XWRKAHDXZM
10722,11250,,,,,,,,XWRQPIAWNQ
10723,11251,,,,,,,,XWSAWUIWNZ
10724,11252,,,,,,,,XWSHYWZUFH
10725,11253,,,,,,,,XWSYJJIENY
10726,11254,,,,,,,,XWWUPTIISD
10727,11256,,,,,,,,XWWXFGENDH
10728,11257,,,,,,,,XWXDVUOOFW
10729,11258,,,,,,,,XWXHEMWVLG
10730,11259,,,,,,,,XWYFMMORKI
10731,11260,,,,,,,,XWZYRNUOVI
10732,11261,,,,,,,,XXBRPCVGOI
10733,11262,,,,,,,,XXCUCJSSVR
10734,11263,,,,,,,,XXDXMFGSJZ
10735,11264,,,,,,,,XXENEEQSYK
10736,11265,,,,,,,,XXFXWPLMYY
10737,11266,,,,,,,,XXGCHSWIBY
10738,11267,,,,,,,,XXGFTEMSCY
10739,11268,,,,,,,,XXHJUVIGCR
10740,11269,,,,,,,,XXKOZNTXLX
10741,11270,,,,,,,,XXKQHJPKHX
10742,11271,,,,,,,,XXKRSKBMYD
10743,11272,,,,,,,,XXKURAMNTZ
10744,11273,,,,,,,,XXLGKJCSRS
10745,11274,,,,,,,,XXNRMGFXRU
10746,11275,,,,,,,,XXPGOTCZLK
10747,11276,,,,,,,,XXPXVWXTHV
10748,11277,,,,,,,,XXWIQPDCUQ
10749,11278,,,,,,,,XXZFBJZPXS
10750,11279,,,,,,,,XYAAMJTTLN
10751,11280,,,,,,,,XYAGHGPEBB
10752,11281,,,,,,,,XYAPQZOYKG
10753,11283,,,,,,,,XYDVVJHUPS
10754,11284,,,,,,,,XYECIRVNCY
10755,11285,,,,,,,,XYEMXSRIIR
10756,11286,,,,,,,,XYFLFHGLPA
10757,11287,,,,,,,,XYFSULQOKY
10758,11288,,,,,,,,XYIRYJZPQH
10759,11289,,,,,,,,XYNJWNSIIF
10760,11290,,,,,,,,XYRDCICRQY
10761,11291,,,,,,,,XYRWGQPBGW
10762,11292,,,,,,,,XYSSTCIWZI
10763,11293,,,,,,,,XYUUBVLFXL
10764,11294,,,,,,,,XYVBJNHSZQ
10765,11295,,,,,,,,XYWWEIJNGN
10766,11296,,,,,,,,XYYRNWAKHG
10767,11297,,,,,,,,XYZHBYXOVK
10768,11298,,,,,,,,XZBDJLMKMO
10769,11299,,,,,,,,XZBQWTXZAB
10770,11300,,,,,,,,XZCONRIZQG
10771,11301,,,,,,,,XZDBLHGFFB
10772,11302,,,,,,,,XZEGGUHOOU
10773,11303,,,,,,,,XZENWGUHCK
10774,11304,,,,,,,,XZFCNKLWHC
10775,11305,,,,,,,,XZGJQQJTDD
10776,11307,,,,,,,,XZHJRKZKIS
10777,11308,,,,,,,,XZHZRALNGF
10778,11309,,,,,,,,XZIZWZXVBK
10779,11310,,,,,,,,XZLLLTCOIH
10780,11311,,,,,,,,XZLYZAHKSK
10781,11312,,,,,,,,XZNGMYWHMN
10782,11314,,,,,,,,XZOXZRXOAT
10783,11315,,,,,,,,XZRWWKTWIT
10784,11316,,,,,,,,XZSJSZHJCF
10785,11317,,,,,,,,XZTBFXPLOE
10786,11318,,,,,,,,XZYATVARXG
10787,11319,,,,,,,,YAABXSAANY
10788,11320,,,,,,,,YAAFMXKGAJ
10789,11321,,,,,,,,YACAFQBXEB
10790,11322,,,,,,,,YACKIVVRUV
10791,11323,,,,,,,,YACPQUXEWT
10792,11324,,,,,,,,YACUNQPEJB
10793,11325,,,,,,,,YADWFKUWCC
10794,11326,,,,,,,,YAEDKJQIXP
10795,11327,,,,,,,,YAEVFPSRXX
10796,11328,,,,,,,,YAHMBJOMBN
10797,11329,,,,,,,,YAJAENQWVN
10798,11330,,,,,,,,YAJGLWDUCB
10799,11331,,,,,,,,YAJGPPLMEF
10800,11332,,,,,,,,YAJWGGTGUY
10801,11333,,,,,,,,YANQJVTZOX
10802,11334,,,,,,,,YAOIPRRXDR
10803,11335,,,,,,,,YASFZUFXFP
10804,11336,,,,,,,,YATEPGMQRS
10805,11337,,,,,,,,YAVEPNOLYZ
10806,11338,,,,,,,,YAVUTALEJJ
10807,11339,,,,,,,,YAXGWCREUP
10808,11340,,,,,,,,YBAJAFJZPC
10809,11341,,,,,,,,YBESGVKGOL
10810,11342,,,,,,,,YBFOISHQEZ
10811,11343,,,,,,,,YBHCUBLZYK
10812,11344,,,,,,,,YBKIRHGKFZ
10813,11346,,,,,,,,YBKPZBTEOV
10814,11347,,,,,,,,YBLXYQHZSV
10815,11348,,,,,,,,YBNFHQENBI
10816,11349,,,,,,,,YBNZZQKYWP
10817,11350,,,,,,,,YBOSDWDSKX
10818,11351,,,,,,,,YBPTCCCZIX
10819,11352,,,,,,,,YBTSOYXSJJ
10820,11353,,,,,,,,YBVLTEJHAF
10821,11354,,,,,,,,YBVOXMFFCH
10822,11355,,,,,,,,YBWPTMISDF
10823,11356,,,,,,,,YBWWICGXBF
10824,11357,,,,,,,,YBZCILLDKH
10825,11358,,,,,,,,YCAMIFUPKL
10826,11359,,,,,,,,YCCVQYNCUR
10827,11360,,,,,,,,YCEADLPHHR
10828,11361,,,,,,,,YCFFGACPCS
10829,11362,,,,,,,,YCJTTVCFMS
10830,11363,,,,,,,,YCKYKIXWOM
10831,11364,,,,,,,,YCLSYAHCZH
10832,11365,,,,,,,,YCPFFSYDKT
10833,11366,,,,,,,,YCQPNMJQIA
10834,11368,,,,,,,,YCRMJBNYRD
10835,11369,,,,,,,,YCULYRVIXG
10836,11370,,,,,,,,YCVRZRLSYO
10837,11371,,,,,,,,YCWFGKBJFA
10838,11372,,,,,,,,YDCIXPNJMA
10839,11373,,,,,,,,YDCJHTHUZV
10840,11374,,,,,,,,YDDSAXRAZB
10841,11375,,,,,,,,YDELBSAFJF
10842,11376,,,,,,,,YDGFFCSZCU
10843,11377,,,,,,,,YDGNOZTTUK
10844,11378,,,,,,,,YDGXXZTURO
10845,11379,,,,,,,,YDHFHJOKII
10846,11380,,,,,,,,YDHKYDEQDH
10847,11381,,,,,,,,YDJTFXRDRE
10848,11382,,,,,,,,YDLEBDPLGS
10849,11383,,,,,,,,YDLZFMEZQF
10850,11384,,,,,,,,YDMAQTZXFF
10851,11385,,,,,,,,YDMSTSAOPZ
10852,11386,,,,,,,,YDOGOCUAPP
10853,11387,,,,,,,,YDPGFEBSMC
10854,11389,,,,,,,,YDQSDEDFYL
10855,11390,,,,,,,,YDRHCSFEYB
10856,11391,,,,,,,,YDSYXTXNUN
10857,11392,,,,,,,,YDVBBRWUIE
10858,11393,,,,,,,,YDVOCKTHPX
10859,11394,,,,,,,,YDXMYVNMDR
10860,11395,,,,,,,,YEBLCQPVIG
10861,11396,,,,,,,,YEDKKQPOOE
10862,11397,,,,,,,,YEDNTUTVEB
10863,11398,,,,,,,,YEKNRSIWIG
10864,11399,,,,,,,,YEQFSXSSNJ
10865,11400,,,,,,,,YERFYJTOEQ
10866,11401,,,,,,,,YERZOILYTS
10867,11402,,,,,,,,YESNTPBGXL
10868,11403,,,,,,,,YETAWNQEGV
10869,11404,,,,,,,,YETRUHPMJA
10870,11405,,,,,,,,YEWBGPBPUW
10871,11406,,,,,,,,YEWTFMGSMN
10872,11407,,,,,,,,YFETSVDLUE
10873,11408,,,,,,,,YFGBMYMAPH
10874,11409,,,,,,,,YFJISNGKIV
10875,11410,,,,,,,,YFKCVZSAJF
10876,11411,,,,,,,,YFKSYJRNHR
10877,11412,,,,,,,,YFOJUJUAUG
10878,11413,,,,,,,,YFROGHEYSX
10879,11414,,,,,,,,YFTSXODVPG
10880,11415,,,,,,,,YFYVSXMRZK
10881,11416,,,,,,,,YGAAAJLIGI
10882,11417,,,,,,,,YGAQCJXYIG
10883,11418,,,,,,,,YGBNGNGREI
10884,11419,,,,,,,,YGBNXNSIIR
10885,11420,,,,,,,,YGBRWVUUGR
10886,11421,,,,,,,,YGCCOARDSL
10887,11422,,,,,,,,YGCVQEXHQN
10888,11423,,,,,,,,YGEDNFGHLR
10889,11424,,,,,,,,YGGXXWIVSD
10890,11425,,,,,,,,YGIVPAAWSB
10891,11426,,,,,,,,YGJMQLXGFW
10892,11427,,,,,,,,YGLGRQPJBR
10893,11428,,,,,,,,YGLLRNOUHW
10894,11429,,,,,,,,YGNLVOZGTB
10895,11430,,,,,,,,YGOVTMPCEM
10896,11431,,,,,,,,YGPREXEFZM
10897,11433,,,,,,,,YGPUHNSUKL
10898,11434,,,,,,,,YGQFYQIJUM
10899,11435,,,,,,,,YGQOPMNGAD
10900,11436,,,,,,,,YGSUYNNRKN
10901,11437,,,,,,,,YGTBRBGUBZ
10902,11438,,,,,,,,YGWQXPEPFO
10903,11439,,,,,,,,YGYILEPHFK
10904,11440,,,,,,,,YGZEELLRHJ
10905,11441,,,,,,,,YHAFDIRCLQ
10906,11442,,,,,,,,YHAGOXOVSK
10907,11443,,,,,,,,YHAIDNMWLX
10908,11444,,,,,,,,YHCEYNNDTF
10909,11445,,,,,,,,YHCHVBNGBW
10910,11446,,,,,,,,YHGCDBUZOO
10911,11447,,,,,,,,YHGOUGDANB
10912,11448,,,,,,,,YHKXEBWGFT
10913,11449,,,,,,,,YHOLTTBSIY
10914,11450,,,,,,,,YHOOUSNADL
10915,11451,,,,,,,,YHOYFWHQFR
10916,11452,,,,,,,,YHPZMQOPKL
10917,11453,,,,,,,,YHQRIVNDFA
10918,11455,,,,,,,,YHQTJZTBNI
10919,11456,,,,,,,,YHTRFQBWHB
10920,11457,,,,,,,,YHTVDFRGDW
10921,11458,,,,,,,,YHWIIZTNTI
10922,11459,,,,,,,,YHWZAZEZIA
10923,11460,,,,,,,,YHXCHJDOZG
10924,11461,,,,,,,,YHXLHSSRCL
10925,11462,,,,,,,,YIBYYCDBHM
10926,11463,,,,,,,,YICSXZOLCP
10927,11464,,,,,,,,YICXRCYXUF
10928,11465,,,,,,,,YIHOQTHTKQ
10929,11466,,,,,,,,YIICZFIBKT
10930,11467,,,,,,,,YILHEUEOKJ
10931,11468,,,,,,,,YIMMKXJWGN
10932,11469,,,,,,,,YIODNJRJAJ
10933,11470,,,,,,,,YIORFGGCKR
10934,11471,,,,,,,,YIOTJVIGUL
10935,11473,,,,,,,,YIQXYWBCGR
10936,11474,,,,,,,,YIRZKTZDDO
10937,11475,,,,,,,,YIRZRYJTJX
10938,11476,,,,,,,,YIWIBAESGW
10939,11477,,,,,,,,YIXCWCDANV
10940,11478,,,,,,,,YIXNDMVVHO
10941,11479,,,,,,,,YJAEBXSEDP
10942,11480,,,,,,,,YJBGPEDKZH
10943,11481,,,,,,,,YJEAIDFFHP
10944,11482,,,,,,,,YJEJVBZLLT
10945,11483,,,,,,,,YJFJIESXXG
10946,11484,,,,,,,,YJPIZAWZWP
10947,11485,,,,,,,,YJRGBQFKPR
10948,11486,,,,,,,,YJUWGABPSV
10949,11487,,,,,,,,YJVFDEEIFV
10950,11488,,,,,,,,YJWIJQEMKL
10951,11489,,,,,,,,YJWMDLCOQO
10952,11490,,,,,,,,YJXHNLYIDY
10953,11491,,,,,,,,YKCECDHFAB
10954,11492,,,,,,,,YKEFTGFYKU
10955,11493,,,,,,,,YKEOETLNNG
10956,11494,,,,,,,,YKGTPHKPZF
10957,11495,,,,,,,,YKHLQKVWMG
10958,11496,,,,,,,,YKJJMNWCPC
10959,11497,,,,,,,,YKKRULRHUN
10960,11498,,,,,,,,YKLYYILPRB
10961,11500,,,,,,,,YKMNKMEOBP
10962,11501,,,,,,,,YKMVAXSWYS
10963,11502,,,,,,,,YKNBVXZXAP
10964,11503,,,,,,,,YKOGLCSZEI
10965,11504,,,,,,,,YKSZGXGEHF
10966,11505,,,,,,,,YKVRTWIIUY
10967,11506,,,,,,,,YKVWMCMKIP
10968,11507,,,,,,,,YKXGIJGZES
10969,11508,,,,,,,,YKXIQKOWIR
10970,11509,,,,,,,,YKXRDBRNLH
10971,11510,,,,,,,,YKZENWFEQR
10972,11511,,,,,,,,YKZJVHFDPG
10973,11512,,,,,,,,YLCBVRIVOO
10974,11513,,,,,,,,YLCEHNZABA
10975,11514,,,,,,,,YLCQIWPOZY
10976,11515,,,,,,,,YLDXHPXGGK
10977,11516,,,,,,,,YLEYYVPVQN
10978,11517,,,,,,,,YLFFXJJLJT
10979,11518,,,,,,,,YLGSEEROLP
10980,11519,,,,,,,,YLHPOUASTA
10981,11520,,,,,,,,YLIGRFLRZS
10982,11521,,,,,,,,YLIXUPZBVB
10983,11522,,,,,,,,YLJXFOVMVA
10984,11523,,,,,,,,YLKONNKIJN
10985,11524,,,,,,,,YLLIEXCRPW
10986,11525,,,,,,,,YLLNGTGIBU
10987,11526,,,,,,,,YLLYXPSQUU
10988,11527,,,,,,,,YLNHKJZQHG
10989,11528,,,,,,,,YLNMDXFHRD
10990,11529,,,,,,,,YLOFNRWOYI
10991,11531,,,,,,,,YLOHMSLYOG
10992,11532,,,,,,,,YLOZAEYMWM
10993,11533,,,,,,,,YLPWPYWNSH
10994,11534,,,,,,,,YLQJLTZTZA
10995,11535,,,,,,,,YLRGAHWVKU
10996,11536,,,,,,,,YLSPUQQXBX
10997,11537,,,,,,,,YLUXXICCAB
10998,11538,,,,,,,,YLVQLDNONS
10999,11539,,,,,,,,YLVXPXPJJZ
11000,11540,,,,,,,,YLWBVKCDNH
11001,11541,,,,,,,,YLWGELZXHS
11002,11542,,,,,,,,YLXMKZSXFE
11003,11543,,,,,,,,YLYOMGNIEN
11004,11544,,,,,,,,YLZHXHNCXL
11005,11545,,,,,,,,YLZVUCHAFP
11006,11546,,,,,,,,YMAXIAGBEP
11007,11547,,,,,,,,YMBFXYZCHU
11008,11548,,,,,,,,YMCJSQZAXP
11009,11550,,,,,,,,YMCQTSDACA
11010,11551,,,,,,,,YMCVHZEBPP
11011,11552,,,,,,,,YMCWTETKHJ
11012,11553,,,,,,,,YMFDNPQKIM
11013,11554,,,,,,,,YMFOOXWDWN
11014,11555,,,,,,,,YMIAXYCZJW
11015,11556,,,,,,,,YMIISXSVAM
11016,11557,,,,,,,,YMKZBXCMLX
11017,11558,,,,,,,,YMLKEECUNC
11018,11559,,,,,,,,YMMGXVCQMR
11019,11560,,,,,,,,YMNIFZNGVL
11020,11561,,,,,,,,YMOLAKRYIQ
11021,11562,,,,,,,,YMOYFGPPZH
11022,11563,,,,,,,,YMPCXUJDLN
11023,11564,,,,,,,,YMPTLVBAEC
11024,11565,,,,,,,,YMSDHVDOZQ
11025,11566,,,,,,,,YMSWEEJFRE
11026,11567,,,,,,,,YMVHSEWMYW
11027,11568,,,,,,,,YMWHUUEXJY
11028,11569,,,,,,,,YNADKXKUGZ
11029,11570,,,,,,,,YNCRCGGKPE
11030,11571,,,,,,,,YNDCDICBUM
11031,11572,,,,,,,,YNEDSSCRJL
11032,11573,,,,,,,,YNHTKRKQXL
11033,11574,,,,,,,,YNLDDCTKJH
11034,11575,,,,,,,,YNLIMQYGHC
11035,11576,,,,,,,,YNMOOVLQNW
11036,11577,,,,,,,,YNPMLHPSMG
11037,11578,,,,,,,,YNPZDUBQMI
11038,11579,,,,,,,,YNQOSQQYDU
11039,11580,,,,,,,,YNRDHXHQBZ
11040,11581,,,,,,,,YNSMUXGAVG
11041,11582,,,,,,,,YNSSMVQHRN
11042,11583,,,,,,,,YNTYNXRSVT
11043,11584,,,,,,,,YNWJIDKICF
11044,11585,,,,,,,,YNWSJBWPHO
11045,11586,,,,,,,,YNXYAMUJHI
11046,11587,,,,,,,,YNYUHMIGSM
11047,11588,,,,,,,,YNZOOKBBFL
11048,11589,,,,,,,,YOBNHOXFYF
11049,11590,,,,,,,,YOCRSXCYYZ
11050,11591,,,,,,,,YOCXCZNWUB
11051,11592,,,,,,,,YODEJNDFEW
11052,11593,,,,,,,,YOEBHXJUSX
11053,11594,,,,,,,,YOGFHRSYPD
11054,11595,,,,,,,,YOGYATLYMW
11055,11596,,,,,,,,YOJSRTKWBY
11056,11597,,,,,,,,YOLOCFCJGX
11057,11598,,,,,,,,YOLODVDAVI
11058,11599,,,,,,,,YONDCCCLXC
11059,11600,,,,,,,,YOPQKYJVJR
11060,11601,,,,,,,,YORRFSUKUW
11061,11602,,,,,,,,YOWFQDXBQL
11062,11603,,,,,,,,YOXCYXZTTX
11063,11604,,,,,,,,YOXKASFPLQ
11064,11605,,,,,,,,YOYQPDRHHF
11065,11606,,,,,,,,YOZJGNAJVQ
11066,11607,,,,,,,,YOZPOWFLAO
11067,11608,,,,,,,,YPAEVGUELN
11068,11609,,,,,,,,YPILOFTZHH
11069,11610,,,,,,,,YPITFMBSEW
11070,11611,,,,,,,,YPKVMTACNI
11071,11612,,,,,,,,YPLCKWOWVW
11072,11614,,,,,,,,YPPFACAGRP
11073,11615,,,,,,,,YPQRHMSQGO
11074,11616,,,,,,,,YPSWIZATBQ
11075,11617,,,,,,,,YPTCLKWADV
11076,11618,,,,,,,,YPUTWSULEW
11077,11619,,,,,,,,YPUZWJXAVT
11078,11620,,,,,,,,YPXVEIZZCU
11079,11621,,,,,,,,YPYJXOSWMA
11080,11622,,,,,,,,YPZFTJORJE
11081,11623,,,,,,,,YPZHPYRBVI
11082,11624,,,,,,,,YPZSYMGMFK
11083,11625,,,,,,,,YQAGYPYKGX
11084,11626,,,,,,,,YQBVMLNKYN
11085,11627,,,,,,,,YQHIPOGXQT
11086,11628,,,,,,,,YQMJKPNOZM
11087,11629,,,,,,,,YQOQNBYOWI
11088,11630,,,,,,,,YQOWXCJFRK
11089,11631,,,,,,,,YQQVBRXJCS
11090,11632,,,,,,,,YQRFAFTASN
11091,11633,,,,,,,,YQRFOTVTHR
11092,11634,,,,,,,,YQRRQKHUOC
11093,11635,,,,,,,,YQTJHYWDJV
11094,11636,,,,,,,,YQWDLROPMB
11095,11637,,,,,,,,YRAWUHOEXR
11096,11638,,,,,,,,YRBWJBVZHR
11097,11639,,,,,,,,YRCTBKLZPR
11098,11641,,,,,,,,YRDZUMJJBQ
11099,11642,,,,,,,,YREMTGENGE
11100,11643,,,,,,,,YRGXMGUXZI
11101,11644,,,,,,,,YRIVFXZIHA
11102,11645,,,,,,,,YRLJWVLMIY
11103,11646,,,,,,,,YRPPHFWDQJ
11104,11647,,,,,,,,YRPTXYXQSZ
11105,11648,,,,,,,,YRQOXZCYAH
11106,11649,,,,,,,,YRSYFYRRIR
11107,11650,,,,,,,,YRTHZEYQEE
11108,11651,,,,,,,,YRUPSEXXDZ
11109,11652,,,,,,,,YRVBVHQFCF
11110,11653,,,,,,,,YRXIQBVRLF
11111,11654,,,,,,,,YRYPMECCVZ
11112,11655,,,,,,,,YSALZTNZPI
11113,11658,,,,,,,,YSDTPXKUDE
11114,11659,,,,,,,,YSECMGVBNS
11115,11660,,,,,,,,YSEHLHWUGX
11116,11662,,,,,,,,YSFZLLBNCV
11117,11663,,,,,,,,YSGOHRIGWB
11118,11664,,,,,,,,YSHGCKVGRH
11119,11665,,,,,,,,YSMQONIQRW
11120,11666,,,,,,,,YSNCDFKQMD
11121,11667,,,,,,,,YSNVLOLNHZ
11122,11668,,,,,,,,YSQVJAKBWS
11123,11669,,,,,,,,YSTDQRMYHC
11124,11670,,,,,,,,YSUELHOEDM
11125,11671,,,,,,,,YSVXTJWXFM
11126,11672,,,,,,,,YSWIFQYNKI
11127,11673,,,,,,,,YSXLFUOUDZ
11128,11674,,,,,,,,YTFITDCLXD
11129,11675,,,,,,,,YTIBIWAFUN
11130,11676,,,,,,,,YTIYSVZLFS
11131,11677,,,,,,,,YTJRIQLIZD
11132,11678,,,,,,,,YTJSWVSEHT
11133,11679,,,,,,,,YTLNLESBHN
11134,11680,,,,,,,,YTNLHBKXQS
11135,11681,,,,,,,,YTNTDRSNDE
11136,11682,,,,,,,,YTOPUHKPFD
11137,11683,,,,,,,,YTRGSLAFNU
11138,11684,,,,,,,,YTTMTPUNNC
11139,11685,,,,,,,,YTTZHLLOOI
11140,11686,,,,,,,,YTVGMIILHQ
11141,11687,,,,,,,,YTYTOXURAB
11142,11688,,,,,,,,YTYZOJTJTT
11143,11689,,,,,,,,YTZNFSAUTJ
11144,11690,,,,,,,,YTZSFJJXQR
11145,11691,,,,,,,,YUCRMEKBJV
11146,11692,,,,,,,,YUCUCBEWAS
11147,11693,,,,,,,,YUDADDGGQR
11148,11694,,,,,,,,YUEHNSSQOG
11149,11695,,,,,,,,YUFCHGEJIB
11150,11696,,,,,,,,YUGNDFRQMC
11151,11697,,,,,,,,YUJGKVZGZW
11152,11698,,,,,,,,YUORVWJVOA
11153,11699,,,,,,,,YURKTEOYKU
11154,11700,,,,,,,,YURXCZWMXU
11155,11701,,,,,,,,YUTHLBGQEJ
11156,11702,,,,,,,,YUUBUFSKTX
11157,11703,,,,,,,,YUUCUOSRSY
11158,11704,,,,,,,,YUVFVIXMKB
11159,11705,,,,,,,,YUVJOUDYWD
11160,11706,,,,,,,,YUVKQYJDQX
11161,11708,,,,,,,,YUWLYAAVJE
11162,11709,,,,,,,,YUXIGLBVCB
11163,11710,,,,,,,,YUYVBIBVXC
11164,11711,,,,,,,,YUYYFPJIKU
11165,11712,,,,,,,,YUZSPZAANJ
11166,11713,,,,,,,,YVAZDWKCUX
11167,11714,,,,,,,,YVBSGVAYAA
11168,11715,,,,,,,,YVECHFQZFW
11169,11716,,,,,,,,YVEEUTXPTC
11170,11717,,,,,,,,YVEOZFKCYR
11171,11718,,,,,,,,YVERVUYZUL
11172,11719,,,,,,,,YVGQMTXYMC
11173,11720,,,,,,,,YVHNWQGFVI
11174,11721,,,,,,,,YVMHAVGWJB
11175,11722,,,,,,,,YVSJEWVSUD
11176,11723,,,,,,,,YVYGSSPIDL
11177,11724,,,,,,,,YVYVCFOYCC
11178,11725,,,,,,,,YWAFEAPTQI
11179,11726,,,,,,,,YWAPBTUMPZ
11180,11727,,,,,,,,YWBQFGLOJW
11181,11728,,,,,,,,YWCANCIOGS
11182,11729,,,,,,,,YWDDKAUBZA
11183,11730,,,,,,,,YWGBCREPJQ
11184,11731,,,,,,,,YWITTOQCXO
11185,11732,,,,,,,,YWMDVFJLAN
11186,11733,,,,,,,,YWMJRRFUPT
11187,11734,,,,,,,,YWNMPFPIHR
11188,11735,,,,,,,,YWQMQBDRPD
11189,11736,,,,,,,,YWRFGMEFDH
11190,11737,,,,,,,,YWRFPHNBJW
11191,11738,,,,,,,,YWSHXPXTMZ
11192,11739,,,,,,,,YWSJZVPKBZ
11193,11740,,,,,,,,YWSPNXHSIO
11194,11741,,,,,,,,YWUXWIBIDF
11195,11742,,,,,,,,YWVDDRESAM
11196,11744,,,,,,,,YWWFASDQTI
11197,11745,,,,,,,,YWXLEOQNMK
11198,11746,,,,,,,,YWYFUPYJSW
11199,11747,,,,,,,,YWYMJEJFIY
11200,11748,,,,,,,,YWYNMSWZMC
11201,11749,,,,,,,,YWZYSMFYQC
11202,11750,,,,,,,,YXCQVTVBWQ
11203,11751,,,,,,,,YXEFHFVNFD
11204,11752,,,,,,,,YXGTSNWZHK
11205,11753,,,,,,,,YXHHCKKYYI
11206,11754,,,,,,,,YXKPXGJRZA
11207,11755,,,,,,,,YXKVQAHPDK
11208,11756,,,,,,,,YXLWPEQWMT
11209,11757,,,,,,,,YXMIGTRKBM
11210,11758,,,,,,,,YXNMMTOMHJ
11211,11759,,,,,,,,YXOTSCYYBQ
11212,11760,,,,,,,,YXQJJHTMXN
11213,11761,,,,,,,,YXQNUEJIFO
11214,11762,,,,,,,,YXRRTFHMWK
11215,11763,,,,,,,,YXSTXQMKKN
11216,11764,,,,,,,,YXTYGXKVZP
11217,11765,,,,,,,,YXUNPEIVKR
11218,11766,,,,,,,,YXVBXJSEZP
11219,11767,,,,,,,,YXZBNNGYQV
11220,11768,,,,,,,,YYBQQWYFJO
11221,11769,,,,,,,,YYDQOEWEWA
11222,11770,,,,,,,,YYEPSLUWHI
11223,11771,,,,,,,,YYFHMTFJTR
11224,11772,,,,,,,,YYKBCOPSON
11225,11773,,,,,,,,YYMGREMXZB
11226,11775,,,,,,,,YYMJLMAOTX
11227,11776,,,,,,,,YYNNAEZGXZ
11228,11777,,,,,,,,YYPEQDWYMQ
11229,11778,,,,,,,,YYZEFMKNRA
11230,11779,,,,,,,,YZALPKGNLF
11231,11780,,,,,,,,YZCVOEOMNH
11232,11781,,,,,,,,YZDTVHNLNZ
11233,11782,,,,,,,,YZEBZUYHFR
11234,11783,,,,,,,,YZEMRPRISN
11235,11784,,,,,,,,YZEPNDDAKF
11236,11785,,,,,,,,YZGAHENZEZ
11237,11786,,,,,,,,YZINEEWIJA
11238,11787,,,,,,,,YZIYVMKAIE
11239,11788,,,,,,,,YZJXZYEWEW
11240,11789,,,,,,,,YZKHOONQSD
11241,11790,,,,,,,,YZKWCMVGVO
11242,11791,,,,,,,,YZLFEIZTBE
11243,11793,,,,,,,,YZMPMJZOIK
11244,11794,,,,,,,,YZORFYEGOV
11245,11795,,,,,,,,YZOZRBDXGB
11246,11796,,,,,,,,YZRHTDJIZB
11247,11797,,,,,,,,YZTGFFZRUA
11248,11798,,,,,,,,YZTOKYQDDK
11249,11799,,,,,,,,YZTUQJFVOK
11250,11800,,,,,,,,YZUSGVZTBJ
11251,11801,,,,,,,,YZUUZQNACL
11252,11802,,,,,,,,YZXCXWCYIY
11253,11805,,,,,,,,ZADYIGDQBR
11254,11806,,,,,,,,ZADZMDJVWL
11255,11807,,,,,,,,ZAFBSUADRU
11256,11808,,,,,,,,ZANROXSCOM
11257,11809,,,,,,,,ZANRZOGCXR
11258,11811,,,,,,,,ZAOUNXWMYT
11259,11812,,,,,,,,ZAOZTAMZPR
11260,11813,,,,,,,,ZAPGKYRYEV
11261,11814,,,,,,,,ZARICQGKEF
11262,11815,,,,,,,,ZARRUXGBKK
11263,11816,,,,,,,,ZATHTDYYDU
11264,11817,,,,,,,,ZATMMFWVSB
11265,11818,,,,,,,,ZAXMXHDCCI
11266,11819,,,,,,,,ZAYAATPMJY
11267,11820,,,,,,,,ZAYDRMRORR
11268,11821,,,,,,,,ZAYINJFMPP
11269,11822,,,,,,,,ZAYSLXJHQW
11270,11823,,,,,,,,ZAZPQOMTIO
11271,11824,,,,,,,,ZAZYYVDZPC
11272,11825,,,,,,,,ZBBOGRKUHM
11273,11826,,,,,,,,ZBBWDLKURB
11274,11827,,,,,,,,ZBCTHMSRLX
11275,11828,,,,,,,,ZBCTRWKHUJ
11276,11829,,,,,,,,ZBEUEJDKUP
11277,11830,,,,,,,,ZBGYTDUZQP
11278,11831,,,,,,,,ZBJKHJPFUN
11279,11832,,,,,,,,ZBJSYEZZPE
11280,11833,,,,,,,,ZBJTYBIGGI
11281,11834,,,,,,,,ZBKRNJVDES
11282,11835,,,,,,,,ZBOKUFMDKQ
11283,11836,,,,,,,,ZBTDSCKAGL
11284,11837,,,,,,,,ZBTFRYIBUE
11285,11838,,,,,,,,ZBUZQUQUDG
11286,11839,,,,,,,,ZBVMJWYXFL
11287,11840,,,,,,,,ZBXHUVRYQY
11288,11841,,,,,,,,ZBXSUDLKQN
11289,11842,,,,,,,,ZBXSXYMHCZ
11290,11843,,,,,,,,ZBYBBEUVRN
11291,11845,,,,,,,,ZCAYOCAORH
11292,11846,,,,,,,,ZCBUJCIAPJ
11293,11847,,,,,,,,ZCDJSMVANT
11294,11848,,,,,,,,ZCELQACKNN
11295,11850,,,,,,,,ZCEUCIYOHB
11296,11851,,,,,,,,ZCFCPDVDMH
11297,11852,,,,,,,,ZCJKRPZATT
11298,11853,,,,,,,,ZCKJHCTUBT
11299,11854,,,,,,,,ZCNHYQKMGM
11300,11855,,,,,,,,ZCRAQSPZGQ
11301,11856,,,,,,,,ZCSGTZPNDP
11302,11857,,,,,,,,ZCWOIBGILP
11303,11858,,,,,,,,ZCXKLEKDVD
11304,11859,,,,,,,,ZCXRSNFRPF
11305,11860,,,,,,,,ZCXXXNHXAK
11306,11861,,,,,,,,ZCYIIVDGDA
11307,11862,,,,,,,,ZCYZOTHJAE
11308,11863,,,,,,,,ZCZAPMXHWS
11309,11864,,,,,,,,ZDARXMZMSY
11310,11865,,,,,,,,ZDCPFRDOKN
11311,11866,,,,,,,,ZDCQVADSDR
11312,11867,,,,,,,,ZDCYINGQWX
11313,11868,,,,,,,,ZDDWUVLDZV
11314,11869,,,,,,,,ZDEXQKJRXG
11315,11871,,,,,,,,ZDFJROIXMI
11316,11872,,,,,,,,ZDGJEEJMHZ
11317,11873,,,,,,,,ZDHZFKIWPH
11318,11874,,,,,,,,ZDJBQQPDMV
11319,11875,,,,,,,,ZDJSTNNCYQ
11320,11876,,,,,,,,ZDKRAQIFPU
11321,11877,,,,,,,,ZDMUZFKGBZ
11322,11878,,,,,,,,ZDRMSAONFE
11323,11879,,,,,,,,ZDUFHYTVUC
11324,11880,,,,,,,,ZDUWKBAHTW
11325,11881,,,,,,,,ZDWNXESJDN
11326,11882,,,,,,,,ZDXNNZMURF
11327,11883,,,,,,,,ZDYLFPBWHA
11328,11884,,,,,,,,ZEBDPINKNY
11329,11885,,,,,,,,ZEDWDAOIIU
11330,11886,,,,,,,,ZEESZCQQRK
11331,11887,,,,,,,,ZEEZBFIEPH
11332,11888,,,,,,,,ZEFCXXNVCY
11333,11889,,,,,,,,ZEFCXZTLLU
11334,11890,,,,,,,,ZEHHOJLMOQ
11335,11891,,,,,,,,ZEHPTJOJTL
11336,11892,,,,,,,,ZEIWYDOGRI
11337,11893,,,,,,,,ZEJLXGQPQA
11338,11894,,,,,,,,ZEKHIMRRVQ
11339,11895,,,,,,,,ZENAWVGOJI
11340,11896,,,,,,,,ZEOGWVRTHG
11341,11897,,,,,,,,ZEPSHVRLMD
11342,11898,,,,,,,,ZESTEQUHMM
11343,11899,,,,,,,,ZEVIDAWEUO
11344,11900,,,,,,,,ZEVRJKTFQF
11345,11902,,,,,,,,ZEXBAAOZGB
11346,11903,,,,,,,,ZEXCHKOKQJ
11347,11904,,,,,,,,ZEZZRTESNQ
11348,11905,,,,,,,,ZFBMSQBHDD
11349,11906,,,,,,,,ZFCUCFXBWM
11350,11907,,,,,,,,ZFDVVMMSJN
11351,11908,,,,,,,,ZFKDEZHWFJ
11352,11909,,,,,,,,ZFKEDSNRKE
11353,11910,,,,,,,,ZFKKOJKZLV
11354,11911,,,,,,,,ZFMVFOUHAI
11355,11912,,,,,,,,ZFOHOZYEVU
11356,11913,,,,,,,,ZFRPPBCKDS
11357,11914,,,,,,,,ZFRSTJQLMM
11358,11916,,,,,,,,ZFTYFBKWWF
11359,11918,,,,,,,,ZFURRIUMYN
11360,11919,,,,,,,,ZFWKFEARRU
11361,11920,,,,,,,,ZGAXTSGGXF
11362,11921,,,,,,,,ZGBEOYTVOQ
11363,11922,,,,,,,,ZGCQYBOTYH
11364,11924,,,,,,,,ZGERWMHTRW
11365,11925,,,,,,,,ZGEXKICCYK
11366,11926,,,,,,,,ZGFTLYFRCB
11367,11927,,,,,,,,ZGGYEKIYWW
11368,11928,,,,,,,,ZGHTHNLTOB
11369,11929,,,,,,,,ZGJCPISZQU
11370,11930,,,,,,,,ZGKIZULQTO
11371,11931,,,,,,,,ZGKQHLYROQ
11372,11932,,,,,,,,ZGKVJGZJOA
11373,11933,,,,,,,,ZGLLRTEBRR
11374,11934,,,,,,,,ZGQBRWMKHF
11375,11935,,,,,,,,ZGQVGEPQKP
11376,11936,,,,,,,,ZGRFOURZYI
11377,11937,,,,,,,,ZGSIFBRAOU
11378,11938,,,,,,,,ZGSYCJORRA
11379,11939,,,,,,,,ZGTTOVGGVU
11380,11940,,,,,,,,ZGWIFBBYIT
11381,11941,,,,,,,,ZGXZXMQTZH
11382,11942,,,,,,,,ZGYAUQRDJP
11383,11943,,,,,,,,ZHBOEADDPE
11384,11944,,,,,,,,ZHDNMBZHYV
11385,11945,,,,,,,,ZHKJDKEPON
11386,11946,,,,,,,,ZHKVBOKSUT
11387,11947,,,,,,,,ZHKZXJINRF
11388,11948,,,,,,,,ZHMSRQRBZC
11389,11949,,,,,,,,ZHNJJSOFPT
11390,11951,,,,,,,,ZHORQJDZAQ
11391,11952,,,,,,,,ZHQVSVOYMT
11392,11953,,,,,,,,ZHRDLKKAJR
11393,11954,,,,,,,,ZHSLOVPZWB
11394,11955,,,,,,,,ZHTHZPAEDU
11395,11956,,,,,,,,ZHXNWOEQBG
11396,11958,,,,,,,,ZHYTTSUFSU
11397,11959,,,,,,,,ZIAVCDMTEQ
11398,11961,,,,,,,,ZICDGNYJCT
11399,11962,,,,,,,,ZIDSOWMJGE
11400,11963,,,,,,,,ZIGLMNRCWK
11401,11964,,,,,,,,ZIGWEZZOGM
11402,11965,,,,,,,,ZIJQGVDLYA
11403,11966,,,,,,,,ZIKWQWOVRZ
11404,11967,,,,,,,,ZILCLVQPLG
11405,11968,,,,,,,,ZIPUINZBFG
11406,11969,,,,,,,,ZIPXBAJBSY
11407,11970,,,,,,,,ZIYGDDFLMG
11408,11971,,,,,,,,ZIZAQPGNTI
11409,11972,,,,,,,,ZJASNCJWPW
11410,11973,,,,,,,,ZJBSBTOVYX
11411,11974,,,,,,,,ZJCJSFHRVC
11412,11975,,,,,,,,ZJDQJDCWGH
11413,11976,,,,,,,,ZJEIWUWMAQ
11414,11977,,,,,,,,ZJFXDMUTNH
11415,11978,,,,,,,,ZJHPGXGGWO
11416,11979,,,,,,,,ZJLWQUVIWQ
11417,11980,,,,,,,,ZJNRKCLLKA
11418,11981,,,,,,,,ZJRGVRBHHZ
11419,11982,,,,,,,,ZJTAFFKADO
11420,11983,,,,,,,,ZJUFHPLBIM
11421,11984,,,,,,,,ZJUGXVVUWO
11422,11985,,,,,,,,ZJUXKGNPED
11423,11986,,,,,,,,ZJVNINMLCU
11424,11987,,,,,,,,ZJVSOGAJCG
11425,11988,,,,,,,,ZJWGMDMRSK
11426,11989,,,,,,,,ZJWMZFWXTS
11427,11990,,,,,,,,ZJXCKBOQME
11428,11991,,,,,,,,ZJXMJEWLYX
11429,11993,,,,,,,,ZJZCQKSMYW
11430,11995,,,,,,,,ZKAHTQKCOL
11431,11996,,,,,,,,ZKAZSOEURS
11432,11997,,,,,,,,ZKDMPYVVFP
11433,11998,,,,,,,,ZKFHFRIXWT
11434,11999,,,,,,,,ZKJUYECOBJ
11435,12000,,,,,,,,ZKLANWICMA
11436,12001,,,,,,,,ZKLZDPBEWY
11437,12002,,,,,,,,ZKTHESCSPV
11438,12003,,,,,,,,ZKUSCCJFVM
11439,12004,,,,,,,,ZKUZCXVJHN
11440,12005,,,,,,,,ZKWQLLKPIS
11441,12006,,,,,,,,ZKWSKJZRFJ
11442,12007,,,,,,,,ZKYOIDXLCP
11443,12008,,,,,,,,ZKZCXGHLOK
11444,12011,,,,,,,,ZLERZVFEEA
11445,12012,,,,,,,,ZLILGMRKGP
11446,12013,,,,,,,,ZLJQSRDJKX
11447,12014,,,,,,,,ZLJYNHOKGG
11448,12015,,,,,,,,ZLKFAPTVAP
11449,12016,,,,,,,,ZLMQOCTINW
11450,12017,,,,,,,,ZLNBWVRVUO
11451,12018,,,,,,,,ZLPMBFEXTX
11452,12019,,,,,,,,ZLRFTHZWTP
11453,12020,,,,,,,,ZLSKGWDBXN
11454,12021,,,,,,,,ZLTFDJQWXH
11455,12022,,,,,,,,ZLTGMPFZUV
11456,12024,,,,,,,,ZLVKSPNPGD
11457,12025,,,,,,,,ZLWEQSVGDG
11458,12026,,,,,,,,ZLWQCIQJDT
11459,12027,,,,,,,,ZLXCVVANJX
11460,12028,,,,,,,,ZLYETUUCRF
11461,12029,,,,,,,,ZLZXFLZQFW
11462,12030,,,,,,,,ZMAWWBVWGR
11463,12031,,,,,,,,ZMFMUYDKOI
11464,12032,,,,,,,,ZMJDCMOFGC
11465,12033,,,,,,,,ZMLLCXRBPK
11466,12034,,,,,,,,ZMQNARCFIU
11467,12035,,,,,,,,ZMQRSWPEDB
11468,12036,,,,,,,,ZMYOICKKJG
11469,12037,,,,,,,,ZMZATWTBTD
11470,12038,,,,,,,,ZMZBKGEDOG
11471,12039,,,,,,,,ZMZLRWNECU
11472,12040,,,,,,,,ZNBJYLBXLQ
11473,12041,,,,,,,,ZNBLOIXAHC
11474,12042,,,,,,,,ZNDYTBXYHM
11475,12043,,,,,,,,ZNETCSGERB
11476,12044,,,,,,,,ZNGBQIZNMK
11477,12045,,,,,,,,ZNHTYWKMTQ
11478,12046,,,,,,,,ZNIRBEWSXH
11479,12048,,,,,,,,ZNMKISAXUB
11480,12049,,,,,,,,ZNODPRJGQL
11481,12050,,,,,,,,ZNOHOKOFWJ
11482,12051,,,,,,,,ZNPCWBUNSP
11483,12052,,,,,,,,ZNRGDCNLXT
11484,12053,,,,,,,,ZNTAATCTJF
11485,12054,,,,,,,,ZNTKHUJZBI
11486,12055,,,,,,,,ZNUOCYDKON
11487,12056,,,,,,,,ZNWLFQFUZH
11488,12057,,,,,,,,ZNXTPMBBCF
11489,12058,,,,,,,,ZNXYPDJCWR
11490,12059,,,,,,,,ZNZTMJAHUE
11491,12061,,,,,,,,ZNZUBODEAN
11492,12062,,,,,,,,ZOBWPLOPBQ
11493,12063,,,,,,,,ZOCOQBGQCW
11494,12064,,,,,,,,ZODETEUQMD
11495,12065,,,,,,,,ZODSQGPSSN
11496,12066,,,,,,,,ZOFNELAOLR
11497,12068,,,,,,,,ZOFVOZIJUO
11498,12069,,,,,,,,ZOFZJMNRCZ
11499,12070,,,,,,,,ZOHMKYELGN
11500,12071,,,,,,,,ZOHOAPIFNM
11501,12072,,,,,,,,ZOIMSXIFQT
11502,12074,,,,,,,,ZOLKAVWYKV
11503,12075,,,,,,,,ZOMHIQVRVW
11504,12076,,,,,,,,ZOMJBGROGE
11505,12077,,,,,,,,ZORPVAEIOK
11506,12078,,,,,,,,ZORYBPTKWF
11507,12079,,,,,,,,ZOTJPOBMFK
11508,12080,,,,,,,,ZOWSNVYMPV
11509,12081,,,,,,,,ZOXFYDUOBT
11510,12082,,,,,,,,ZOYWTXPOZY
11511,12083,,,,,,,,ZPASTYCCIP
11512,12084,,,,,,,,ZPCFEXUKIY
11513,12085,,,,,,,,ZPCHMCBNUD
11514,12086,,,,,,,,ZPCPDCKJRO
11515,12087,,,,,,,,ZPFURGTTZY
11516,12088,,,,,,,,ZPGZMEZQGM
11517,12089,,,,,,,,ZPHHYHRLXG
11518,12090,,,,,,,,ZPJCUXFDWE
11519,12091,,,,,,,,ZPJDTRZQFK
11520,12092,,,,,,,,ZPMDIHEISN
11521,12093,,,,,,,,ZPNMICCDLX
11522,12094,,,,,,,,ZPPFNJSEPD
11523,12095,,,,,,,,ZPPJBJDQCC
11524,12096,,,,,,,,ZPPKHTFGLJ
11525,12097,,,,,,,,ZPRSUDKGIG
11526,12098,,,,,,,,ZPSTJUENYI
11527,12099,,,,,,,,ZPTJUQTIUM
11528,12100,,,,,,,,ZPXBRFKZAU
11529,12101,,,,,,,,ZQABYEZLTN
11530,12103,,,,,,,,ZQCSMXPEFZ
11531,12104,,,,,,,,ZQCYQGAZVY
11532,12105,,,,,,,,ZQDGBXRAFO
11533,12106,,,,,,,,ZQEABYQSXX
11534,12107,,,,,,,,ZQESZDBSQF
11535,12108,,,,,,,,ZQFIPOQZHG
11536,12109,,,,,,,,ZQFLBOXLGI
11537,12110,,,,,,,,ZQFNXUWBEY
11538,12111,,,,,,,,ZQFTQIIGTB
11539,12112,,,,,,,,ZQIHEJLMYU
11540,12113,,,,,,,,ZQJKPTBFYZ
11541,12115,,,,,,,,ZQJPMHIRDM
11542,12116,,,,,,,,ZQJRKKGMYP
11543,12117,,,,,,,,ZQKDTTHGIB
11544,12118,,,,,,,,ZQKLRDODGN
11545,12119,,,,,,,,ZQKSVRDHFS
11546,12120,,,,,,,,ZQNQATPCPM
11547,12121,,,,,,,,ZQOOFVQFCT
11548,12122,,,,,,,,ZQRLVMZAJG
11549,12124,,,,,,,,ZQUXIUFROG
11550,12125,,,,,,,,ZQVAZIKMQE
11551,12126,,,,,,,,ZQZDDSDYYA
11552,12128,,,,,,,,ZRAEEGVMQR
11553,12129,,,,,,,,ZRDVQPZUUQ
11554,12130,,,,,,,,ZRERIMMPMI
11555,12131,,,,,,,,ZRGIIGYQYI
11556,12132,,,,,,,,ZRLJVBBYJR
11557,12133,,,,,,,,ZRLUCSSQWC
11558,12134,,,,,,,,ZRNTUDDGKG
11559,12135,,,,,,,,ZROIYIKIPP
11560,12136,,,,,,,,ZRPMZITZDX
11561,12137,,,,,,,,ZRPNRJIYRM
11562,12138,,,,,,,,ZRRWVKHVJH
11563,12139,,,,,,,,ZRYLHGQXJK
11564,12140,,,,,,,,ZSABMCITAO
11565,12142,,,,,,,,ZSABSPEKWV
11566,12143,,,,,,,,ZSAQQIJVZM
11567,12144,,,,,,,,ZSAZXEKIGH
11568,12145,,,,,,,,ZSBYGQSGBT
11569,12146,,,,,,,,ZSCRDWRIFV
11570,12147,,,,,,,,ZSDCDKYWTK
11571,12148,,,,,,,,ZSDCNNOYSF
11572,12149,,,,,,,,ZSDMDRMWQW
11573,12150,,,,,,,,ZSFQNRFBMB
11574,12151,,,,,,,,ZSLBTZCXDZ
11575,12152,,,,,,,,ZSLMKHOALV
11576,12153,,,,,,,,ZSLNFSZBIT
11577,12154,,,,,,,,ZSLTSOPEER
11578,12155,,,,,,,,ZSMCILPIZB
11579,12156,,,,,,,,ZSNPNSKUQE
11580,12157,,,,,,,,ZSOEZGXKFQ
11581,12158,,,,,,,,ZSQATVTGSQ
11582,12159,,,,,,,,ZSQYKYLBTF
11583,12160,,,,,,,,ZSRWGCTRDV
11584,12161,,,,,,,,ZSSBUNYBXP
11585,12162,,,,,,,,ZSSYUUFWRB
11586,12163,,,,,,,,ZSUEEXLUDD
11587,12164,,,,,,,,ZSVWHWUFNM
11588,12165,,,,,,,,ZTBDBDKTHW
11589,12166,,,,,,,,ZTBZXOAJIN
11590,12167,,,,,,,,ZTCCCBRXLY
11591,12168,,,,,,,,ZTCLOFTJHV
11592,12169,,,,,,,,ZTDMYBNNSN
11593,12170,,,,,,,,ZTDOOARFJJ
11594,12171,,,,,,,,ZTERHVCZZK
11595,12172,,,,,,,,ZTIVKWZWYN
11596,12174,,,,,,,,ZTJIGQZYBL
11597,12175,,,,,,,,ZTJZKPAZGQ
11598,12176,,,,,,,,ZTPELIJICC
11599,12177,,,,,,,,ZTSGZDWMAL
11600,12178,,,,,,,,ZTSPZCXRVZ
11601,12179,,,,,,,,ZTSUKBHTIM
11602,12180,,,,,,,,ZTSXZHDQLM
11603,12181,,,,,,,,ZTWCWNCQOR
11604,12182,,,,,,,,ZTZJNOCBQQ
11605,12183,,,,,,,,ZTZSGMXJYJ
11606,12184,,,,,,,,ZUBLRJSFXT
11607,12185,,,,,,,,ZUBYWURFHR
11608,12186,,,,,,,,ZUDWZRZMUF
11609,12187,,,,,,,,ZUHFKJKLTK
11610,12188,,,,,,,,ZUJXJXFVNJ
11611,12189,,,,,,,,ZUKPUDZBUY
11612,12190,,,,,,,,ZUMPNQZNVJ
11613,12191,,,,,,,,ZUMXHBWNOA
11614,12192,,,,,,,,ZUOMBTHDOK
11615,12193,,,,,,,,ZUOUXJQBOG
11616,12194,,,,,,,,ZUOWLSZKUT
11617,12195,,,,,,,,ZUPEWRTSWP
11618,12196,,,,,,,,ZUPWVHUUUW
11619,12197,,,,,,,,ZUQACNTNEA
11620,12198,,,,,,,,ZURDQBBFEY
11621,12199,,,,,,,,ZUSQAYWBME
11622,12200,,,,,,,,ZUUNIBEJOI
11623,12201,,,,,,,,ZUUSTDMLTY
11624,12202,,,,,,,,ZUXNRWGOBK
11625,12203,,,,,,,,ZUYVBMHCBS
11626,12204,,,,,,,,ZUZFAPTQUO
11627,12205,,,,,,,,ZUZJWNJWFI
11628,12206,,,,,,,,ZVDSDCKLER
11629,12207,,,,,,,,ZVEGTAWNMX
11630,12208,,,,,,,,ZVEOFLPUZA
11631,12209,,,,,,,,ZVGRLPARWA
11632,12210,,,,,,,,ZVHREABRZP
11633,12211,,,,,,,,ZVHTHCSSNI
11634,12214,,,,,,,,ZVJGIQJRKK
11635,12215,,,,,,,,ZVKWRMJPEJ
11636,12216,,,,,,,,ZVQCSSOUKA
11637,12217,,,,,,,,ZVQUHIHGMV
11638,12218,,,,,,,,ZVRSISFRUI
11639,12219,,,,,,,,ZVTSNFSCSJ
11640,12220,,,,,,,,ZVVTWIFWPT
11641,12221,,,,,,,,ZVWHMPWBZW
11642,12222,,,,,,,,ZWCADXOTGL
11643,12223,,,,,,,,ZWCCCSYSCB
11644,12224,,,,,,,,ZWDHQVFNZX
11645,12225,,,,,,,,ZWDVZTLOTM
11646,12226,,,,,,,,ZWECTJNDKB
11647,12227,,,,,,,,ZWFXMURKHP
11648,12228,,,,,,,,ZWHNBFYNMJ
11649,12229,,,,,,,,ZWISHUXTDF
11650,12230,,,,,,,,ZWMVUFASJF
11651,12232,,,,,,,,ZWNWFWWXRN
11652,12233,,,,,,,,ZWPIAKDGVH
11653,12234,,,,,,,,ZWSPNCEXKB
11654,12236,,,,,,,,ZWTDGXKOPI
11655,12237,,,,,,,,ZWTRLYQFKH
11656,12238,,,,,,,,ZWWDTVSTBX
11657,12240,,,,,,,,ZWYTNVHSDK
11658,12241,,,,,,,,ZXAQIKSFDE
11659,12242,,,,,,,,ZXARZLNRVA
11660,12243,,,,,,,,ZXEFTPQQJC
11661,12244,,,,,,,,ZXFFDKHLST
11662,12245,,,,,,,,ZXJWMAWUOX
11663,12246,,,,,,,,ZXKTFPKRES
11664,12247,,,,,,,,ZXOFCYLMSV
11665,12248,,,,,,,,ZXPGXOJPPY
11666,12250,,,,,,,,ZXQUCAEYWX
11667,12251,,,,,,,,ZXTGCWPUUL
11668,12252,,,,,,,,ZXUVXRNSID
11669,12253,,,,,,,,ZXVYQFIYRY
11670,12254,,,,,,,,ZXWXPDTGGX
11671,12255,,,,,,,,ZXXDTDOYIT
11672,12256,,,,,,,,ZXYVIXUAGG
11673,12257,,,,,,,,ZYALIJKMAQ
11674,12258,,,,,,,,ZYBUMTNCVY
11675,12259,,,,,,,,ZYCLBOBQFC
11676,12261,,,,,,,,ZYEMUOMHMB
11677,12262,,,,,,,,ZYEUFSSFKV
11678,12263,,,,,,,,ZYIGPSCDDK
11679,12264,,,,,,,,ZYKTZXDHHZ
11680,12265,,,,,,,,ZYMICGUVTI
11681,12266,,,,,,,,ZYMJVDMGZY
11682,12267,,,,,,,,ZYNFUZSFYT
11683,12268,,,,,,,,ZYTFJCXGWE
11684,12269,,,,,,,,ZYTGRBNNCP
11685,12270,,,,,,,,ZYVWAVEGFK
11686,12271,,,,,,,,ZYWNFXHSLK
11687,12272,,,,,,,,ZZCABMQRBE
11688,12273,,,,,,,,ZZDUIDJXXS
11689,12274,,,,,,,,ZZENJKIQTY
11690,12275,,,,,,,,ZZFPBNUSVL
11691,12276,,,,,,,,ZZFVFWQXPA
11692,12277,,,,,,,,ZZGOQMDFDM
11693,12278,,,,,,,,ZZGPWCHSFZ
11694,12279,,,,,,,,ZZGSNOOKGH
11695,12280,,,,,,,,ZZIRGOBIUE
11696,12282,,,,,,,,ZZJWUREFCK
11697,12283,,,,,,,,ZZNZLVCZJF
11698,12284,,,,,,,,ZZOQYFUHKE
11699,12285,,,,,,,,ZZPJWVXEFA
11700,12286,,,,,,,,ZZTWLIPLAJ
11701,12287,,,,,,,,ZZUMUJGYGL
11702,12288,,,,,,,,ZZXLWWPOKR
11703,12289,,,,,,,,ZZXXZRCENF
11704,12290,,,,,,,,ZZYRYYMZRX
11705,12291,,,,,,,,ZZYYACKWRQ
11706,12293,,,,,,,,
11707,12294,,,,,,,,
11708,12295,,,,,,,,
11709,12296,,,,,,,,
11710,12297,,,,,,,,
11711,12298,,,,,,,,
11712,12299,,,,,,,,
11713,12300,,,,,,,,
11714,12301,,,,,,,,
11715,12302,,,,,,,,
11716,12303,,,,,,,,
11717,12304,,,,,,,,
11718,12305,,,,,,,,
11719,12306,,,,,,,,
11720,12308,,,,,,,,
11721,12309,,,,,,,,
11722,12310,,,,,,,,
11723,12311,,,,,,,,
11724,12312,,,,,,,,
11725,12313,,,,,,,,
11726,12314,,,,,,,,
11727,12315,,,,,,,,
11728,12316,,,,,,,,
11729,12317,,,,,,,,
11730,12318,,,,,,,,
11731,12320,,,,,,,,
11732,12322,,,,,,,,
11733,12323,,,,,,,,
11734,12324,,,,,,,,
11735,12325,,,,,,,,
11736,12326,,,,,,,,
11737,12327,,,,,,,,
11738,12328,,,,,,,,
11739,12329,,,,,,,,
11740,12330,,,,,,,,
11741,12332,,,,,,,,
11742,12334,,,,,,,,
11743,12335,,,,,,,,
11744,12336,,,,,,,,
11745,12337,,,,,,,,
11746,12338,,,,,,,,
11747,12339,,,,,,,,
11748,12340,,,,,,,,
11749,12341,,,,,,,,
11750,12342,,,,,,,,
11751,12343,,,,,,,,
11752,12344,,,,,,,,
